repo,file_path,language,framework,matched_keywords,html_url
SimpleMobileTools/Simple-Gallery,app/build.gradle.kts,Kotlin,Android Views,viewBinding,https://github.com/SimpleMobileTools/Simple-Gallery/blob/HEAD/app/build.gradle.kts
SimpleMobileTools/Simple-Gallery,app/src/main/AndroidManifest.xml,XML,Android Views,xmlns:android=,https://github.com/SimpleMobileTools/Simple-Gallery/blob/HEAD/app/src/main/AndroidManifest.xml
SimpleMobileTools/Simple-Gallery,app/src/main/kotlin/com/simplemobiletools/gallery/pro/activities/EditActivity.kt,Kotlin,Android Views,setContentView; android.widget.ImageView; setOnClickListener; databinding; viewBinding,https://github.com/SimpleMobileTools/Simple-Gallery/blob/HEAD/app/src/main/kotlin/com/simplemobiletools/gallery/pro/activities/EditActivity.kt
SimpleMobileTools/Simple-Gallery,app/src/main/kotlin/com/simplemobiletools/gallery/pro/activities/ExcludedFoldersActivity.kt,Kotlin,Android Views,setContentView; databinding; viewBinding,https://github.com/SimpleMobileTools/Simple-Gallery/blob/HEAD/app/src/main/kotlin/com/simplemobiletools/gallery/pro/activities/ExcludedFoldersActivity.kt
SimpleMobileTools/Simple-Gallery,app/src/main/kotlin/com/simplemobiletools/gallery/pro/activities/HiddenFoldersActivity.kt,Kotlin,Android Views,setContentView; databinding; viewBinding,https://github.com/SimpleMobileTools/Simple-Gallery/blob/HEAD/app/src/main/kotlin/com/simplemobiletools/gallery/pro/activities/HiddenFoldersActivity.kt
SimpleMobileTools/Simple-Gallery,app/src/main/kotlin/com/simplemobiletools/gallery/pro/activities/IncludedFoldersActivity.kt,Kotlin,Android Views,setContentView; databinding; viewBinding,https://github.com/SimpleMobileTools/Simple-Gallery/blob/HEAD/app/src/main/kotlin/com/simplemobiletools/gallery/pro/activities/IncludedFoldersActivity.kt
SimpleMobileTools/Simple-Gallery,app/src/main/kotlin/com/simplemobiletools/gallery/pro/activities/MainActivity.kt,Kotlin,Android Views,setContentView; android.view.View; android.view.ViewGroup; setOnClickListener; databinding; viewBinding; ActivityMainBinding,https://github.com/SimpleMobileTools/Simple-Gallery/blob/HEAD/app/src/main/kotlin/com/simplemobiletools/gallery/pro/activities/MainActivity.kt
SimpleMobileTools/Simple-Gallery,app/src/main/kotlin/com/simplemobiletools/gallery/pro/activities/MediaActivity.kt,Kotlin,Android Views,setContentView; android.view.View; android.view.ViewGroup; setOnClickListener; databinding; viewBinding,https://github.com/SimpleMobileTools/Simple-Gallery/blob/HEAD/app/src/main/kotlin/com/simplemobiletools/gallery/pro/activities/MediaActivity.kt
SimpleMobileTools/Simple-Gallery,app/src/main/kotlin/com/simplemobiletools/gallery/pro/activities/PanoramaPhotoActivity.kt,Kotlin,Android Views,setContentView; android.view.View; setOnClickListener; databinding; viewBinding,https://github.com/SimpleMobileTools/Simple-Gallery/blob/HEAD/app/src/main/kotlin/com/simplemobiletools/gallery/pro/activities/PanoramaPhotoActivity.kt
SimpleMobileTools/Simple-Gallery,app/src/main/kotlin/com/simplemobiletools/gallery/pro/activities/PanoramaVideoActivity.kt,Kotlin,Android Views,setContentView; android.view.View; setOnClickListener; databinding; viewBinding,https://github.com/SimpleMobileTools/Simple-Gallery/blob/HEAD/app/src/main/kotlin/com/simplemobiletools/gallery/pro/activities/PanoramaVideoActivity.kt
SimpleMobileTools/Simple-Gallery,app/src/main/kotlin/com/simplemobiletools/gallery/pro/activities/PhotoVideoActivity.kt,Kotlin,Android Views,setContentView; android.view.View; setOnClickListener; databinding; viewBinding,https://github.com/SimpleMobileTools/Simple-Gallery/blob/HEAD/app/src/main/kotlin/com/simplemobiletools/gallery/pro/activities/PhotoVideoActivity.kt
SimpleMobileTools/Simple-Gallery,app/src/main/kotlin/com/simplemobiletools/gallery/pro/activities/SearchActivity.kt,Kotlin,Android Views,setContentView; android.view.View; android.view.ViewGroup; databinding; viewBinding,https://github.com/SimpleMobileTools/Simple-Gallery/blob/HEAD/app/src/main/kotlin/com/simplemobiletools/gallery/pro/activities/SearchActivity.kt
SimpleMobileTools/Simple-Gallery,app/src/main/kotlin/com/simplemobiletools/gallery/pro/activities/SetWallpaperActivity.kt,Kotlin,Android Views,setContentView; setOnClickListener; databinding; viewBinding,https://github.com/SimpleMobileTools/Simple-Gallery/blob/HEAD/app/src/main/kotlin/com/simplemobiletools/gallery/pro/activities/SetWallpaperActivity.kt
SimpleMobileTools/Simple-Gallery,app/src/main/kotlin/com/simplemobiletools/gallery/pro/activities/SettingsActivity.kt,Kotlin,Android Views,setContentView; setOnClickListener; databinding; viewBinding,https://github.com/SimpleMobileTools/Simple-Gallery/blob/HEAD/app/src/main/kotlin/com/simplemobiletools/gallery/pro/activities/SettingsActivity.kt
SimpleMobileTools/Simple-Gallery,app/src/main/kotlin/com/simplemobiletools/gallery/pro/activities/VideoPlayerActivity.kt,Kotlin,Mixed (Compose + Android Views),Surface(; setContentView; setOnClickListener; databinding; viewBinding,https://github.com/SimpleMobileTools/Simple-Gallery/blob/HEAD/app/src/main/kotlin/com/simplemobiletools/gallery/pro/activities/VideoPlayerActivity.kt
SimpleMobileTools/Simple-Gallery,app/src/main/kotlin/com/simplemobiletools/gallery/pro/activities/ViewPagerActivity.kt,Kotlin,Android Views,setContentView; android.view.View; setOnClickListener; databinding; viewBinding,https://github.com/SimpleMobileTools/Simple-Gallery/blob/HEAD/app/src/main/kotlin/com/simplemobiletools/gallery/pro/activities/ViewPagerActivity.kt
SimpleMobileTools/Simple-Gallery,app/src/main/kotlin/com/simplemobiletools/gallery/pro/activities/WidgetConfigureActivity.kt,Kotlin,Android Views,setContentView; setOnClickListener; databinding; viewBinding,https://github.com/SimpleMobileTools/Simple-Gallery/blob/HEAD/app/src/main/kotlin/com/simplemobiletools/gallery/pro/activities/WidgetConfigureActivity.kt
SimpleMobileTools/Simple-Gallery,app/src/main/kotlin/com/simplemobiletools/gallery/pro/adapters/DirectoryAdapter.kt,Kotlin,Android Views,RecyclerView.ViewHolder; android.view.View; android.view.ViewGroup; databinding,https://github.com/SimpleMobileTools/Simple-Gallery/blob/HEAD/app/src/main/kotlin/com/simplemobiletools/gallery/pro/adapters/DirectoryAdapter.kt
SimpleMobileTools/Simple-Gallery,app/src/main/kotlin/com/simplemobiletools/gallery/pro/adapters/DirectoryItemBinding.kt,Kotlin,Android Views,android.widget.TextView; android.widget.ImageView; android.view.View; android.view.ViewGroup; databinding,https://github.com/SimpleMobileTools/Simple-Gallery/blob/HEAD/app/src/main/kotlin/com/simplemobiletools/gallery/pro/adapters/DirectoryItemBinding.kt
SimpleMobileTools/Simple-Gallery,app/src/main/kotlin/com/simplemobiletools/gallery/pro/adapters/FiltersAdapter.kt,Kotlin,Android Views,LayoutInflater; RecyclerView.Adapter; RecyclerView.ViewHolder; android.view.View; android.view.ViewGroup; setOnClickListener; databinding,https://github.com/SimpleMobileTools/Simple-Gallery/blob/HEAD/app/src/main/kotlin/com/simplemobiletools/gallery/pro/adapters/FiltersAdapter.kt
SimpleMobileTools/Simple-Gallery,app/src/main/kotlin/com/simplemobiletools/gallery/pro/adapters/ManageFoldersAdapter.kt,Kotlin,Android Views,setOnClickListener; databinding,https://github.com/SimpleMobileTools/Simple-Gallery/blob/HEAD/app/src/main/kotlin/com/simplemobiletools/gallery/pro/adapters/ManageFoldersAdapter.kt
SimpleMobileTools/Simple-Gallery,app/src/main/kotlin/com/simplemobiletools/gallery/pro/adapters/ManageHiddenFoldersAdapter.kt,Kotlin,Android Views,android.view.View; android.view.ViewGroup; databinding,https://github.com/SimpleMobileTools/Simple-Gallery/blob/HEAD/app/src/main/kotlin/com/simplemobiletools/gallery/pro/adapters/ManageHiddenFoldersAdapter.kt
SimpleMobileTools/Simple-Gallery,app/src/main/kotlin/com/simplemobiletools/gallery/pro/adapters/MediaAdapter.kt,Kotlin,Android Views,android.view.View; android.view.ViewGroup; databinding,https://github.com/SimpleMobileTools/Simple-Gallery/blob/HEAD/app/src/main/kotlin/com/simplemobiletools/gallery/pro/adapters/MediaAdapter.kt
SimpleMobileTools/Simple-Gallery,app/src/main/kotlin/com/simplemobiletools/gallery/pro/adapters/MediaItemBinding.kt,Kotlin,Android Views,android.widget.TextView; android.widget.ImageView; android.view.View; android.view.ViewGroup; databinding,https://github.com/SimpleMobileTools/Simple-Gallery/blob/HEAD/app/src/main/kotlin/com/simplemobiletools/gallery/pro/adapters/MediaItemBinding.kt
SimpleMobileTools/Simple-Gallery,app/src/main/kotlin/com/simplemobiletools/gallery/pro/adapters/MyPagerAdapter.kt,Kotlin,Android Views,android.view.View; android.view.ViewGroup,https://github.com/SimpleMobileTools/Simple-Gallery/blob/HEAD/app/src/main/kotlin/com/simplemobiletools/gallery/pro/adapters/MyPagerAdapter.kt
SimpleMobileTools/Simple-Gallery,app/src/main/kotlin/com/simplemobiletools/gallery/pro/adapters/PortraitPhotosAdapter.kt,Kotlin,Android Views,LayoutInflater; RecyclerView.Adapter; RecyclerView.ViewHolder; android.view.View; android.view.ViewGroup; setOnClickListener; databinding,https://github.com/SimpleMobileTools/Simple-Gallery/blob/HEAD/app/src/main/kotlin/com/simplemobiletools/gallery/pro/adapters/PortraitPhotosAdapter.kt
SimpleMobileTools/Simple-Gallery,app/src/main/kotlin/com/simplemobiletools/gallery/pro/dialogs/AllFilesPermissionDialog.kt,Kotlin,Android Views,findViewById; android.widget.TextView,https://github.com/SimpleMobileTools/Simple-Gallery/blob/HEAD/app/src/main/kotlin/com/simplemobiletools/gallery/pro/dialogs/AllFilesPermissionDialog.kt
SimpleMobileTools/Simple-Gallery,app/src/main/kotlin/com/simplemobiletools/gallery/pro/dialogs/ChangeFileThumbnailStyleDialog.kt,Kotlin,Android Views,setOnClickListener; databinding,https://github.com/SimpleMobileTools/Simple-Gallery/blob/HEAD/app/src/main/kotlin/com/simplemobiletools/gallery/pro/dialogs/ChangeFileThumbnailStyleDialog.kt
SimpleMobileTools/Simple-Gallery,app/src/main/kotlin/com/simplemobiletools/gallery/pro/dialogs/ChangeFolderThumbnailStyleDialog.kt,Kotlin,Android Views,addView(; databinding,https://github.com/SimpleMobileTools/Simple-Gallery/blob/HEAD/app/src/main/kotlin/com/simplemobiletools/gallery/pro/dialogs/ChangeFolderThumbnailStyleDialog.kt
SimpleMobileTools/Simple-Gallery,app/src/main/kotlin/com/simplemobiletools/gallery/pro/dialogs/ChangeGroupingDialog.kt,Kotlin,Android Views,databinding,https://github.com/SimpleMobileTools/Simple-Gallery/blob/HEAD/app/src/main/kotlin/com/simplemobiletools/gallery/pro/dialogs/ChangeGroupingDialog.kt
SimpleMobileTools/Simple-Gallery,app/src/main/kotlin/com/simplemobiletools/gallery/pro/dialogs/ChangeSortingDialog.kt,Kotlin,Android Views,databinding,https://github.com/SimpleMobileTools/Simple-Gallery/blob/HEAD/app/src/main/kotlin/com/simplemobiletools/gallery/pro/dialogs/ChangeSortingDialog.kt
SimpleMobileTools/Simple-Gallery,app/src/main/kotlin/com/simplemobiletools/gallery/pro/dialogs/ChangeViewTypeDialog.kt,Kotlin,Android Views,databinding,https://github.com/SimpleMobileTools/Simple-Gallery/blob/HEAD/app/src/main/kotlin/com/simplemobiletools/gallery/pro/dialogs/ChangeViewTypeDialog.kt
SimpleMobileTools/Simple-Gallery,app/src/main/kotlin/com/simplemobiletools/gallery/pro/dialogs/ConfirmDeleteFolderDialog.kt,Kotlin,Android Views,databinding,https://github.com/SimpleMobileTools/Simple-Gallery/blob/HEAD/app/src/main/kotlin/com/simplemobiletools/gallery/pro/dialogs/ConfirmDeleteFolderDialog.kt
SimpleMobileTools/Simple-Gallery,app/src/main/kotlin/com/simplemobiletools/gallery/pro/dialogs/CustomAspectRatioDialog.kt,Kotlin,Android Views,android.widget.EditText; setOnClickListener; databinding,https://github.com/SimpleMobileTools/Simple-Gallery/blob/HEAD/app/src/main/kotlin/com/simplemobiletools/gallery/pro/dialogs/CustomAspectRatioDialog.kt
SimpleMobileTools/Simple-Gallery,app/src/main/kotlin/com/simplemobiletools/gallery/pro/dialogs/DeleteWithRememberDialog.kt,Kotlin,Android Views,databinding,https://github.com/SimpleMobileTools/Simple-Gallery/blob/HEAD/app/src/main/kotlin/com/simplemobiletools/gallery/pro/dialogs/DeleteWithRememberDialog.kt
SimpleMobileTools/Simple-Gallery,app/src/main/kotlin/com/simplemobiletools/gallery/pro/dialogs/ExcludeFolderDialog.kt,Kotlin,Android Views,addView(; android.view.View; android.view.ViewGroup; databinding,https://github.com/SimpleMobileTools/Simple-Gallery/blob/HEAD/app/src/main/kotlin/com/simplemobiletools/gallery/pro/dialogs/ExcludeFolderDialog.kt
SimpleMobileTools/Simple-Gallery,app/src/main/kotlin/com/simplemobiletools/gallery/pro/dialogs/ExportFavoritesDialog.kt,Kotlin,Android Views,setOnClickListener; databinding,https://github.com/SimpleMobileTools/Simple-Gallery/blob/HEAD/app/src/main/kotlin/com/simplemobiletools/gallery/pro/dialogs/ExportFavoritesDialog.kt
SimpleMobileTools/Simple-Gallery,app/src/main/kotlin/com/simplemobiletools/gallery/pro/dialogs/FilterMediaDialog.kt,Kotlin,Android Views,databinding,https://github.com/SimpleMobileTools/Simple-Gallery/blob/HEAD/app/src/main/kotlin/com/simplemobiletools/gallery/pro/dialogs/FilterMediaDialog.kt
SimpleMobileTools/Simple-Gallery,app/src/main/kotlin/com/simplemobiletools/gallery/pro/dialogs/GrantAllFilesDialog.kt,Kotlin,Android Views,databinding,https://github.com/SimpleMobileTools/Simple-Gallery/blob/HEAD/app/src/main/kotlin/com/simplemobiletools/gallery/pro/dialogs/GrantAllFilesDialog.kt
SimpleMobileTools/Simple-Gallery,app/src/main/kotlin/com/simplemobiletools/gallery/pro/dialogs/ManageBottomActionsDialog.kt,Kotlin,Android Views,databinding,https://github.com/SimpleMobileTools/Simple-Gallery/blob/HEAD/app/src/main/kotlin/com/simplemobiletools/gallery/pro/dialogs/ManageBottomActionsDialog.kt
SimpleMobileTools/Simple-Gallery,app/src/main/kotlin/com/simplemobiletools/gallery/pro/dialogs/ManageExtendedDetailsDialog.kt,Kotlin,Android Views,databinding,https://github.com/SimpleMobileTools/Simple-Gallery/blob/HEAD/app/src/main/kotlin/com/simplemobiletools/gallery/pro/dialogs/ManageExtendedDetailsDialog.kt
SimpleMobileTools/Simple-Gallery,app/src/main/kotlin/com/simplemobiletools/gallery/pro/dialogs/OtherAspectRatioDialog.kt,Kotlin,Android Views,setOnClickListener; databinding,https://github.com/SimpleMobileTools/Simple-Gallery/blob/HEAD/app/src/main/kotlin/com/simplemobiletools/gallery/pro/dialogs/OtherAspectRatioDialog.kt
SimpleMobileTools/Simple-Gallery,app/src/main/kotlin/com/simplemobiletools/gallery/pro/dialogs/PickDirectoryDialog.kt,Kotlin,Android Views,setOnClickListener; databinding,https://github.com/SimpleMobileTools/Simple-Gallery/blob/HEAD/app/src/main/kotlin/com/simplemobiletools/gallery/pro/dialogs/PickDirectoryDialog.kt
SimpleMobileTools/Simple-Gallery,app/src/main/kotlin/com/simplemobiletools/gallery/pro/dialogs/PickMediumDialog.kt,Kotlin,Android Views,databinding,https://github.com/SimpleMobileTools/Simple-Gallery/blob/HEAD/app/src/main/kotlin/com/simplemobiletools/gallery/pro/dialogs/PickMediumDialog.kt
SimpleMobileTools/Simple-Gallery,app/src/main/kotlin/com/simplemobiletools/gallery/pro/dialogs/ResizeDialog.kt,Kotlin,Android Views,android.widget.EditText; setOnClickListener; databinding,https://github.com/SimpleMobileTools/Simple-Gallery/blob/HEAD/app/src/main/kotlin/com/simplemobiletools/gallery/pro/dialogs/ResizeDialog.kt
SimpleMobileTools/Simple-Gallery,app/src/main/kotlin/com/simplemobiletools/gallery/pro/dialogs/ResizeMultipleImagesDialog.kt,Kotlin,Android Views,setOnClickListener; databinding,https://github.com/SimpleMobileTools/Simple-Gallery/blob/HEAD/app/src/main/kotlin/com/simplemobiletools/gallery/pro/dialogs/ResizeMultipleImagesDialog.kt
SimpleMobileTools/Simple-Gallery,app/src/main/kotlin/com/simplemobiletools/gallery/pro/dialogs/ResizeWithPathDialog.kt,Kotlin,Android Views,android.widget.EditText; setOnClickListener; databinding,https://github.com/SimpleMobileTools/Simple-Gallery/blob/HEAD/app/src/main/kotlin/com/simplemobiletools/gallery/pro/dialogs/ResizeWithPathDialog.kt
SimpleMobileTools/Simple-Gallery,app/src/main/kotlin/com/simplemobiletools/gallery/pro/dialogs/SaveAsDialog.kt,Kotlin,Android Views,setOnClickListener; databinding,https://github.com/SimpleMobileTools/Simple-Gallery/blob/HEAD/app/src/main/kotlin/com/simplemobiletools/gallery/pro/dialogs/SaveAsDialog.kt
SimpleMobileTools/Simple-Gallery,app/src/main/kotlin/com/simplemobiletools/gallery/pro/dialogs/SlideshowDialog.kt,Kotlin,Android Views,setOnClickListener; databinding,https://github.com/SimpleMobileTools/Simple-Gallery/blob/HEAD/app/src/main/kotlin/com/simplemobiletools/gallery/pro/dialogs/SlideshowDialog.kt
SimpleMobileTools/Simple-Gallery,app/src/main/kotlin/com/simplemobiletools/gallery/pro/extensions/Activity.kt,Kotlin,Android Views,android.view.View,https://github.com/SimpleMobileTools/Simple-Gallery/blob/HEAD/app/src/main/kotlin/com/simplemobiletools/gallery/pro/extensions/Activity.kt
SimpleMobileTools/Simple-Gallery,app/src/main/kotlin/com/simplemobiletools/gallery/pro/extensions/Context.kt,Kotlin,Android Views,android.widget.ImageView,https://github.com/SimpleMobileTools/Simple-Gallery/blob/HEAD/app/src/main/kotlin/com/simplemobiletools/gallery/pro/extensions/Context.kt
SimpleMobileTools/Simple-Gallery,app/src/main/kotlin/com/simplemobiletools/gallery/pro/extensions/ExifInterface.kt,Kotlin,Jetpack Compose,Modifier.,https://github.com/SimpleMobileTools/Simple-Gallery/blob/HEAD/app/src/main/kotlin/com/simplemobiletools/gallery/pro/extensions/ExifInterface.kt
SimpleMobileTools/Simple-Gallery,app/src/main/kotlin/com/simplemobiletools/gallery/pro/extensions/View.kt,Kotlin,Android Views,android.view.View,https://github.com/SimpleMobileTools/Simple-Gallery/blob/HEAD/app/src/main/kotlin/com/simplemobiletools/gallery/pro/extensions/View.kt
SimpleMobileTools/Simple-Gallery,app/src/main/kotlin/com/simplemobiletools/gallery/pro/fragments/PhotoFragment.kt,Kotlin,Android Views,LayoutInflater; android.view.View; android.view.ViewGroup; setOnClickListener; databinding,https://github.com/SimpleMobileTools/Simple-Gallery/blob/HEAD/app/src/main/kotlin/com/simplemobiletools/gallery/pro/fragments/PhotoFragment.kt
SimpleMobileTools/Simple-Gallery,app/src/main/kotlin/com/simplemobiletools/gallery/pro/fragments/VideoFragment.kt,Kotlin,Mixed (Compose + Android Views),Surface(; LayoutInflater; android.widget.TextView; android.widget.ImageView; setOnClickListener; databinding,https://github.com/SimpleMobileTools/Simple-Gallery/blob/HEAD/app/src/main/kotlin/com/simplemobiletools/gallery/pro/fragments/VideoFragment.kt
SimpleMobileTools/Simple-Gallery,app/src/main/kotlin/com/simplemobiletools/gallery/pro/helpers/DefaultPageTransformer.kt,Kotlin,Android Views,android.view.View,https://github.com/SimpleMobileTools/Simple-Gallery/blob/HEAD/app/src/main/kotlin/com/simplemobiletools/gallery/pro/helpers/DefaultPageTransformer.kt
SimpleMobileTools/Simple-Gallery,app/src/main/kotlin/com/simplemobiletools/gallery/pro/helpers/FadePageTransformer.kt,Kotlin,Android Views,android.view.View,https://github.com/SimpleMobileTools/Simple-Gallery/blob/HEAD/app/src/main/kotlin/com/simplemobiletools/gallery/pro/helpers/FadePageTransformer.kt
SimpleMobileTools/Simple-Gallery,app/src/main/kotlin/com/simplemobiletools/gallery/pro/helpers/GridSpacingItemDecoration.kt,Kotlin,Android Views,android.view.View,https://github.com/SimpleMobileTools/Simple-Gallery/blob/HEAD/app/src/main/kotlin/com/simplemobiletools/gallery/pro/helpers/GridSpacingItemDecoration.kt
SimpleMobileTools/Simple-Gallery,app/src/main/kotlin/com/simplemobiletools/gallery/pro/svg/SvgSoftwareLayerSetter.kt,Kotlin,Android Views,android.widget.ImageView,https://github.com/SimpleMobileTools/Simple-Gallery/blob/HEAD/app/src/main/kotlin/com/simplemobiletools/gallery/pro/svg/SvgSoftwareLayerSetter.kt
SimpleMobileTools/Simple-Gallery,app/src/main/kotlin/com/simplemobiletools/gallery/pro/views/EditorDrawCanvas.kt,Kotlin,Android Views,android.view.View,https://github.com/SimpleMobileTools/Simple-Gallery/blob/HEAD/app/src/main/kotlin/com/simplemobiletools/gallery/pro/views/EditorDrawCanvas.kt
SimpleMobileTools/Simple-Gallery,app/src/main/kotlin/com/simplemobiletools/gallery/pro/views/InstantItemSwitch.kt,Kotlin,Android Views,android.view.View; android.view.ViewGroup,https://github.com/SimpleMobileTools/Simple-Gallery/blob/HEAD/app/src/main/kotlin/com/simplemobiletools/gallery/pro/views/InstantItemSwitch.kt
SimpleMobileTools/Simple-Gallery,app/src/main/kotlin/com/simplemobiletools/gallery/pro/views/MediaSideScroll.kt,Kotlin,Android Views,android.widget.TextView; android.view.View; android.view.ViewGroup,https://github.com/SimpleMobileTools/Simple-Gallery/blob/HEAD/app/src/main/kotlin/com/simplemobiletools/gallery/pro/views/MediaSideScroll.kt
SimpleMobileTools/Simple-Gallery,app/src/main/res/drawable/black_rounded_background.xml,XML,Android Views,xmlns:android=,https://github.com/SimpleMobileTools/Simple-Gallery/blob/HEAD/app/src/main/res/drawable/black_rounded_background.xml
SimpleMobileTools/Simple-Gallery,app/src/main/res/drawable/circle_background.xml,XML,Android Views,xmlns:android=,https://github.com/SimpleMobileTools/Simple-Gallery/blob/HEAD/app/src/main/res/drawable/circle_background.xml
SimpleMobileTools/Simple-Gallery,app/src/main/res/drawable/circle_black_background.xml,XML,Android Views,xmlns:android=,https://github.com/SimpleMobileTools/Simple-Gallery/blob/HEAD/app/src/main/res/drawable/circle_black_background.xml
SimpleMobileTools/Simple-Gallery,app/src/main/res/drawable/extended_details_background.xml,XML,Android Views,xmlns:android=,https://github.com/SimpleMobileTools/Simple-Gallery/blob/HEAD/app/src/main/res/drawable/extended_details_background.xml
SimpleMobileTools/Simple-Gallery,app/src/main/res/drawable/gradient_background.xml,XML,Android Views,xmlns:android=,https://github.com/SimpleMobileTools/Simple-Gallery/blob/HEAD/app/src/main/res/drawable/gradient_background.xml
SimpleMobileTools/Simple-Gallery,app/src/main/res/drawable/gradient_background_flipped.xml,XML,Android Views,xmlns:android=,https://github.com/SimpleMobileTools/Simple-Gallery/blob/HEAD/app/src/main/res/drawable/gradient_background_flipped.xml
SimpleMobileTools/Simple-Gallery,app/src/main/res/drawable/ic_aspect_ratio_vector.xml,XML,Android Views,xmlns:android=,https://github.com/SimpleMobileTools/Simple-Gallery/blob/HEAD/app/src/main/res/drawable/ic_aspect_ratio_vector.xml
SimpleMobileTools/Simple-Gallery,app/src/main/res/drawable/ic_cardboard_vector.xml,XML,Android Views,xmlns:android=,https://github.com/SimpleMobileTools/Simple-Gallery/blob/HEAD/app/src/main/res/drawable/ic_cardboard_vector.xml
SimpleMobileTools/Simple-Gallery,app/src/main/res/drawable/ic_crop_rotate_vector.xml,XML,Android Views,xmlns:android=,https://github.com/SimpleMobileTools/Simple-Gallery/blob/HEAD/app/src/main/res/drawable/ic_crop_rotate_vector.xml
SimpleMobileTools/Simple-Gallery,app/src/main/res/drawable/ic_draw_vector.xml,XML,Android Views,xmlns:android=,https://github.com/SimpleMobileTools/Simple-Gallery/blob/HEAD/app/src/main/res/drawable/ic_draw_vector.xml
SimpleMobileTools/Simple-Gallery,app/src/main/res/drawable/ic_explore_off_vector.xml,XML,Android Views,xmlns:android=,https://github.com/SimpleMobileTools/Simple-Gallery/blob/HEAD/app/src/main/res/drawable/ic_explore_off_vector.xml
SimpleMobileTools/Simple-Gallery,app/src/main/res/drawable/ic_explore_vector.xml,XML,Android Views,xmlns:android=,https://github.com/SimpleMobileTools/Simple-Gallery/blob/HEAD/app/src/main/res/drawable/ic_explore_vector.xml
SimpleMobileTools/Simple-Gallery,app/src/main/res/drawable/ic_files_vector.xml,XML,Android Views,xmlns:android=,https://github.com/SimpleMobileTools/Simple-Gallery/blob/HEAD/app/src/main/res/drawable/ic_files_vector.xml
SimpleMobileTools/Simple-Gallery,app/src/main/res/drawable/ic_flip_horizontally_vector.xml,XML,Android Views,xmlns:android=,https://github.com/SimpleMobileTools/Simple-Gallery/blob/HEAD/app/src/main/res/drawable/ic_flip_horizontally_vector.xml
SimpleMobileTools/Simple-Gallery,app/src/main/res/drawable/ic_flip_vertically_vector.xml,XML,Android Views,xmlns:android=,https://github.com/SimpleMobileTools/Simple-Gallery/blob/HEAD/app/src/main/res/drawable/ic_flip_vertically_vector.xml
SimpleMobileTools/Simple-Gallery,app/src/main/res/drawable/ic_folders_vector.xml,XML,Android Views,xmlns:android=,https://github.com/SimpleMobileTools/Simple-Gallery/blob/HEAD/app/src/main/res/drawable/ic_folders_vector.xml
SimpleMobileTools/Simple-Gallery,app/src/main/res/drawable/ic_launcher_monochrome.xml,XML,Android Views,xmlns:android=,https://github.com/SimpleMobileTools/Simple-Gallery/blob/HEAD/app/src/main/res/drawable/ic_launcher_monochrome.xml
SimpleMobileTools/Simple-Gallery,app/src/main/res/drawable/ic_maximize_vector.xml,XML,Android Views,xmlns:android=,https://github.com/SimpleMobileTools/Simple-Gallery/blob/HEAD/app/src/main/res/drawable/ic_maximize_vector.xml
SimpleMobileTools/Simple-Gallery,app/src/main/res/drawable/ic_minimize_vector.xml,XML,Android Views,xmlns:android=,https://github.com/SimpleMobileTools/Simple-Gallery/blob/HEAD/app/src/main/res/drawable/ic_minimize_vector.xml
SimpleMobileTools/Simple-Gallery,app/src/main/res/drawable/ic_photo_filter_vector.xml,XML,Android Views,xmlns:android=,https://github.com/SimpleMobileTools/Simple-Gallery/blob/HEAD/app/src/main/res/drawable/ic_photo_filter_vector.xml
SimpleMobileTools/Simple-Gallery,app/src/main/res/drawable/ic_portrait_photo_vector.xml,XML,Android Views,xmlns:android=,https://github.com/SimpleMobileTools/Simple-Gallery/blob/HEAD/app/src/main/res/drawable/ic_portrait_photo_vector.xml
SimpleMobileTools/Simple-Gallery,app/src/main/res/drawable/ic_rotate_right_vector.xml,XML,Android Views,xmlns:android=,https://github.com/SimpleMobileTools/Simple-Gallery/blob/HEAD/app/src/main/res/drawable/ic_rotate_right_vector.xml
SimpleMobileTools/Simple-Gallery,app/src/main/res/drawable/ic_slideshow_vector.xml,XML,Android Views,xmlns:android=,https://github.com/SimpleMobileTools/Simple-Gallery/blob/HEAD/app/src/main/res/drawable/ic_slideshow_vector.xml
SimpleMobileTools/Simple-Gallery,app/src/main/res/drawable/shortcut_image.xml,XML,Android Views,xmlns:android=,https://github.com/SimpleMobileTools/Simple-Gallery/blob/HEAD/app/src/main/res/drawable/shortcut_image.xml
SimpleMobileTools/Simple-Gallery,app/src/main/res/drawable/stroke_background.xml,XML,Android Views,xmlns:android=,https://github.com/SimpleMobileTools/Simple-Gallery/blob/HEAD/app/src/main/res/drawable/stroke_background.xml
SimpleMobileTools/Simple-Gallery,app/src/main/res/layout/activity_edit.xml,XML,Android Views,xmlns:android=; android:layout_width; <RelativeLayout; <ImageView; <include,https://github.com/SimpleMobileTools/Simple-Gallery/blob/HEAD/app/src/main/res/layout/activity_edit.xml
SimpleMobileTools/Simple-Gallery,app/src/main/res/layout/activity_main.xml,XML,Android Views,xmlns:android=; android:layout_width; <RelativeLayout,https://github.com/SimpleMobileTools/Simple-Gallery/blob/HEAD/app/src/main/res/layout/activity_main.xml
SimpleMobileTools/Simple-Gallery,app/src/main/res/layout/activity_manage_folders.xml,XML,Android Views,xmlns:android=; android:layout_width; <RelativeLayout,https://github.com/SimpleMobileTools/Simple-Gallery/blob/HEAD/app/src/main/res/layout/activity_manage_folders.xml
SimpleMobileTools/Simple-Gallery,app/src/main/res/layout/activity_media.xml,XML,Android Views,xmlns:android=; android:layout_width; <RelativeLayout,https://github.com/SimpleMobileTools/Simple-Gallery/blob/HEAD/app/src/main/res/layout/activity_media.xml
SimpleMobileTools/Simple-Gallery,app/src/main/res/layout/activity_medium.xml,XML,Android Views,xmlns:android=; android:layout_width; <RelativeLayout; <ImageView; <include,https://github.com/SimpleMobileTools/Simple-Gallery/blob/HEAD/app/src/main/res/layout/activity_medium.xml
SimpleMobileTools/Simple-Gallery,app/src/main/res/layout/activity_new_photo_edit.xml,XML,Android Views,xmlns:android=; android:layout_width; <RelativeLayout,https://github.com/SimpleMobileTools/Simple-Gallery/blob/HEAD/app/src/main/res/layout/activity_new_photo_edit.xml
SimpleMobileTools/Simple-Gallery,app/src/main/res/layout/activity_new_video_edit.xml,XML,Android Views,xmlns:android=; android:layout_width; <RelativeLayout,https://github.com/SimpleMobileTools/Simple-Gallery/blob/HEAD/app/src/main/res/layout/activity_new_video_edit.xml
SimpleMobileTools/Simple-Gallery,app/src/main/res/layout/activity_panorama_photo.xml,XML,Android Views,xmlns:android=; android:layout_width; <RelativeLayout; <ImageView,https://github.com/SimpleMobileTools/Simple-Gallery/blob/HEAD/app/src/main/res/layout/activity_panorama_photo.xml
SimpleMobileTools/Simple-Gallery,app/src/main/res/layout/activity_panorama_video.xml,XML,Android Views,xmlns:android=; android:layout_width; <RelativeLayout; <ImageView; <include,https://github.com/SimpleMobileTools/Simple-Gallery/blob/HEAD/app/src/main/res/layout/activity_panorama_video.xml
SimpleMobileTools/Simple-Gallery,app/src/main/res/layout/activity_search.xml,XML,Android Views,xmlns:android=; android:layout_width; <RelativeLayout,https://github.com/SimpleMobileTools/Simple-Gallery/blob/HEAD/app/src/main/res/layout/activity_search.xml
SimpleMobileTools/Simple-Gallery,app/src/main/res/layout/activity_set_wallpaper.xml,XML,Android Views,xmlns:android=; android:layout_width; <RelativeLayout; <include,https://github.com/SimpleMobileTools/Simple-Gallery/blob/HEAD/app/src/main/res/layout/activity_set_wallpaper.xml
SimpleMobileTools/Simple-Gallery,app/src/main/res/layout/activity_settings.xml,XML,Android Views,xmlns:android=; android:layout_width; <LinearLayout; <RelativeLayout; <TextView; <include,https://github.com/SimpleMobileTools/Simple-Gallery/blob/HEAD/app/src/main/res/layout/activity_settings.xml
SimpleMobileTools/Simple-Gallery,app/src/main/res/layout/activity_video_player.xml,XML,Android Views,xmlns:android=; android:layout_width; <RelativeLayout; <TextView; <ImageView; <include,https://github.com/SimpleMobileTools/Simple-Gallery/blob/HEAD/app/src/main/res/layout/activity_video_player.xml
SimpleMobileTools/Simple-Gallery,app/src/main/res/layout/activity_widget_config.xml,XML,Android Views,xmlns:android=; android:layout_width; <RelativeLayout; <Button; <ImageView,https://github.com/SimpleMobileTools/Simple-Gallery/blob/HEAD/app/src/main/res/layout/activity_widget_config.xml
SimpleMobileTools/Simple-Gallery,app/src/main/res/layout/bottom_actions.xml,XML,Android Views,xmlns:android=; android:layout_width; <ImageView,https://github.com/SimpleMobileTools/Simple-Gallery/blob/HEAD/app/src/main/res/layout/bottom_actions.xml
SimpleMobileTools/Simple-Gallery,app/src/main/res/layout/bottom_actions_aspect_ratio.xml,XML,Android Views,xmlns:android=; android:layout_width; <TextView,https://github.com/SimpleMobileTools/Simple-Gallery/blob/HEAD/app/src/main/res/layout/bottom_actions_aspect_ratio.xml
SimpleMobileTools/Simple-Gallery,app/src/main/res/layout/bottom_editor_actions_filter.xml,XML,Android Views,xmlns:android=; android:layout_width; <RelativeLayout,https://github.com/SimpleMobileTools/Simple-Gallery/blob/HEAD/app/src/main/res/layout/bottom_editor_actions_filter.xml
SimpleMobileTools/Simple-Gallery,app/src/main/res/layout/bottom_editor_crop_rotate_actions.xml,XML,Android Views,xmlns:android=; android:layout_width; <ImageView,https://github.com/SimpleMobileTools/Simple-Gallery/blob/HEAD/app/src/main/res/layout/bottom_editor_crop_rotate_actions.xml
SimpleMobileTools/Simple-Gallery,app/src/main/res/layout/bottom_editor_draw_actions.xml,XML,Android Views,xmlns:android=; android:layout_width; <ImageView,https://github.com/SimpleMobileTools/Simple-Gallery/blob/HEAD/app/src/main/res/layout/bottom_editor_draw_actions.xml
SimpleMobileTools/Simple-Gallery,app/src/main/res/layout/bottom_editor_primary_actions.xml,XML,Android Views,xmlns:android=; android:layout_width; <ImageView,https://github.com/SimpleMobileTools/Simple-Gallery/blob/HEAD/app/src/main/res/layout/bottom_editor_primary_actions.xml
SimpleMobileTools/Simple-Gallery,app/src/main/res/layout/bottom_set_wallpaper_actions.xml,XML,Android Views,xmlns:android=; android:layout_width; <ImageView,https://github.com/SimpleMobileTools/Simple-Gallery/blob/HEAD/app/src/main/res/layout/bottom_set_wallpaper_actions.xml
SimpleMobileTools/Simple-Gallery,app/src/main/res/layout/bottom_video_time_holder.xml,XML,Android Views,xmlns:android=; android:layout_width; <RelativeLayout; <TextView; <ImageView,https://github.com/SimpleMobileTools/Simple-Gallery/blob/HEAD/app/src/main/res/layout/bottom_video_time_holder.xml
SimpleMobileTools/Simple-Gallery,app/src/main/res/layout/dialog_change_file_thumbnail_style.xml,XML,Android Views,xmlns:android=; android:layout_width; <LinearLayout; <RelativeLayout; <ScrollView,https://github.com/SimpleMobileTools/Simple-Gallery/blob/HEAD/app/src/main/res/layout/dialog_change_file_thumbnail_style.xml
SimpleMobileTools/Simple-Gallery,app/src/main/res/layout/dialog_change_folder_thumbnail_style.xml,XML,Android Views,xmlns:android=; android:layout_width; <LinearLayout; <RelativeLayout; <ScrollView; <include,https://github.com/SimpleMobileTools/Simple-Gallery/blob/HEAD/app/src/main/res/layout/dialog_change_folder_thumbnail_style.xml
SimpleMobileTools/Simple-Gallery,app/src/main/res/layout/dialog_change_grouping.xml,XML,Android Views,xmlns:android=; android:layout_width; <LinearLayout; <ScrollView; <include,https://github.com/SimpleMobileTools/Simple-Gallery/blob/HEAD/app/src/main/res/layout/dialog_change_grouping.xml
SimpleMobileTools/Simple-Gallery,app/src/main/res/layout/dialog_change_sorting.xml,XML,Android Views,xmlns:android=; android:layout_width; <LinearLayout; <ScrollView; <ImageView,https://github.com/SimpleMobileTools/Simple-Gallery/blob/HEAD/app/src/main/res/layout/dialog_change_sorting.xml
SimpleMobileTools/Simple-Gallery,app/src/main/res/layout/dialog_change_view_type.xml,XML,Android Views,xmlns:android=; android:layout_width; <LinearLayout; <ScrollView; <include,https://github.com/SimpleMobileTools/Simple-Gallery/blob/HEAD/app/src/main/res/layout/dialog_change_view_type.xml
SimpleMobileTools/Simple-Gallery,app/src/main/res/layout/dialog_confirm_delete_folder.xml,XML,Android Views,xmlns:android=; android:layout_width; <RelativeLayout; <TextView,https://github.com/SimpleMobileTools/Simple-Gallery/blob/HEAD/app/src/main/res/layout/dialog_confirm_delete_folder.xml
SimpleMobileTools/Simple-Gallery,app/src/main/res/layout/dialog_custom_aspect_ratio.xml,XML,Android Views,xmlns:android=; android:layout_width; <RelativeLayout,https://github.com/SimpleMobileTools/Simple-Gallery/blob/HEAD/app/src/main/res/layout/dialog_custom_aspect_ratio.xml
SimpleMobileTools/Simple-Gallery,app/src/main/res/layout/dialog_delete_with_remember.xml,XML,Android Views,xmlns:android=; android:layout_width; <RelativeLayout,https://github.com/SimpleMobileTools/Simple-Gallery/blob/HEAD/app/src/main/res/layout/dialog_delete_with_remember.xml
SimpleMobileTools/Simple-Gallery,app/src/main/res/layout/dialog_directory_picker.xml,XML,Android Views,xmlns:android=; android:layout_width; <RelativeLayout,https://github.com/SimpleMobileTools/Simple-Gallery/blob/HEAD/app/src/main/res/layout/dialog_directory_picker.xml
SimpleMobileTools/Simple-Gallery,app/src/main/res/layout/dialog_exclude_folder.xml,XML,Android Views,xmlns:android=; android:layout_width; <LinearLayout; <ScrollView,https://github.com/SimpleMobileTools/Simple-Gallery/blob/HEAD/app/src/main/res/layout/dialog_exclude_folder.xml
SimpleMobileTools/Simple-Gallery,app/src/main/res/layout/dialog_export_favorites.xml,XML,Android Views,xmlns:android=; android:layout_width; <LinearLayout; <ScrollView,https://github.com/SimpleMobileTools/Simple-Gallery/blob/HEAD/app/src/main/res/layout/dialog_export_favorites.xml
SimpleMobileTools/Simple-Gallery,app/src/main/res/layout/dialog_filter_media.xml,XML,Android Views,xmlns:android=; android:layout_width; <LinearLayout; <ScrollView,https://github.com/SimpleMobileTools/Simple-Gallery/blob/HEAD/app/src/main/res/layout/dialog_filter_media.xml
SimpleMobileTools/Simple-Gallery,app/src/main/res/layout/dialog_grant_all_files.xml,XML,Android Views,xmlns:android=; android:layout_width; <RelativeLayout; <ImageView,https://github.com/SimpleMobileTools/Simple-Gallery/blob/HEAD/app/src/main/res/layout/dialog_grant_all_files.xml
SimpleMobileTools/Simple-Gallery,app/src/main/res/layout/dialog_manage_bottom_actions.xml,XML,Android Views,xmlns:android=; android:layout_width; <LinearLayout; <ScrollView,https://github.com/SimpleMobileTools/Simple-Gallery/blob/HEAD/app/src/main/res/layout/dialog_manage_bottom_actions.xml
SimpleMobileTools/Simple-Gallery,app/src/main/res/layout/dialog_manage_extended_details.xml,XML,Android Views,xmlns:android=; android:layout_width; <LinearLayout; <ScrollView,https://github.com/SimpleMobileTools/Simple-Gallery/blob/HEAD/app/src/main/res/layout/dialog_manage_extended_details.xml
SimpleMobileTools/Simple-Gallery,app/src/main/res/layout/dialog_medium_picker.xml,XML,Android Views,xmlns:android=; android:layout_width; <RelativeLayout,https://github.com/SimpleMobileTools/Simple-Gallery/blob/HEAD/app/src/main/res/layout/dialog_medium_picker.xml
SimpleMobileTools/Simple-Gallery,app/src/main/res/layout/dialog_other_aspect_ratio.xml,XML,Android Views,xmlns:android=; android:layout_width; <LinearLayout; <ScrollView,https://github.com/SimpleMobileTools/Simple-Gallery/blob/HEAD/app/src/main/res/layout/dialog_other_aspect_ratio.xml
SimpleMobileTools/Simple-Gallery,app/src/main/res/layout/dialog_resize_image.xml,XML,Android Views,xmlns:android=; android:layout_width; <RelativeLayout,https://github.com/SimpleMobileTools/Simple-Gallery/blob/HEAD/app/src/main/res/layout/dialog_resize_image.xml
SimpleMobileTools/Simple-Gallery,app/src/main/res/layout/dialog_resize_image_with_path.xml,XML,Android Views,xmlns:android=; android:layout_width; <RelativeLayout,https://github.com/SimpleMobileTools/Simple-Gallery/blob/HEAD/app/src/main/res/layout/dialog_resize_image_with_path.xml
SimpleMobileTools/Simple-Gallery,app/src/main/res/layout/dialog_resize_multiple_images.xml,XML,Android Views,xmlns:android=; android:layout_width,https://github.com/SimpleMobileTools/Simple-Gallery/blob/HEAD/app/src/main/res/layout/dialog_resize_multiple_images.xml
SimpleMobileTools/Simple-Gallery,app/src/main/res/layout/dialog_save_as.xml,XML,Android Views,xmlns:android=; android:layout_width; <LinearLayout,https://github.com/SimpleMobileTools/Simple-Gallery/blob/HEAD/app/src/main/res/layout/dialog_save_as.xml
SimpleMobileTools/Simple-Gallery,app/src/main/res/layout/dialog_slideshow.xml,XML,Android Views,xmlns:android=; android:layout_width; <RelativeLayout; <ScrollView,https://github.com/SimpleMobileTools/Simple-Gallery/blob/HEAD/app/src/main/res/layout/dialog_slideshow.xml
SimpleMobileTools/Simple-Gallery,app/src/main/res/layout/directory_item_grid_rounded_corners.xml,XML,Android Views,xmlns:android=; android:layout_width; <RelativeLayout; <TextView; <ImageView,https://github.com/SimpleMobileTools/Simple-Gallery/blob/HEAD/app/src/main/res/layout/directory_item_grid_rounded_corners.xml
SimpleMobileTools/Simple-Gallery,app/src/main/res/layout/directory_item_grid_square.xml,XML,Android Views,xmlns:android=; android:layout_width; <LinearLayout; <RelativeLayout; <TextView; <ImageView,https://github.com/SimpleMobileTools/Simple-Gallery/blob/HEAD/app/src/main/res/layout/directory_item_grid_square.xml
SimpleMobileTools/Simple-Gallery,app/src/main/res/layout/directory_item_list.xml,XML,Android Views,xmlns:android=; android:layout_width; <LinearLayout; <RelativeLayout; <TextView; <ImageView,https://github.com/SimpleMobileTools/Simple-Gallery/blob/HEAD/app/src/main/res/layout/directory_item_list.xml
SimpleMobileTools/Simple-Gallery,app/src/main/res/layout/editor_filter_item.xml,XML,Android Views,xmlns:android=; android:layout_width; <RelativeLayout; <TextView; <ImageView,https://github.com/SimpleMobileTools/Simple-Gallery/blob/HEAD/app/src/main/res/layout/editor_filter_item.xml
SimpleMobileTools/Simple-Gallery,app/src/main/res/layout/fragment_holder.xml,XML,Android Views,xmlns:android=; android:layout_width; <RelativeLayout; <FrameLayout; <ImageView; <include,https://github.com/SimpleMobileTools/Simple-Gallery/blob/HEAD/app/src/main/res/layout/fragment_holder.xml
SimpleMobileTools/Simple-Gallery,app/src/main/res/layout/item_manage_folder.xml,XML,Android Views,xmlns:android=; android:layout_width; <RelativeLayout; <ImageView,https://github.com/SimpleMobileTools/Simple-Gallery/blob/HEAD/app/src/main/res/layout/item_manage_folder.xml
SimpleMobileTools/Simple-Gallery,app/src/main/res/layout/pager_photo_item.xml,XML,Android Views,xmlns:android=; android:layout_width; <RelativeLayout; <TextView; <ImageView,https://github.com/SimpleMobileTools/Simple-Gallery/blob/HEAD/app/src/main/res/layout/pager_photo_item.xml
SimpleMobileTools/Simple-Gallery,app/src/main/res/layout/pager_video_item.xml,XML,Android Views,xmlns:android=; android:layout_width; <RelativeLayout; <TextView; <ImageView; <include,https://github.com/SimpleMobileTools/Simple-Gallery/blob/HEAD/app/src/main/res/layout/pager_video_item.xml
SimpleMobileTools/Simple-Gallery,app/src/main/res/layout/photo_item_grid.xml,XML,Android Views,xmlns:android=; android:layout_width; <RelativeLayout; <TextView; <ImageView,https://github.com/SimpleMobileTools/Simple-Gallery/blob/HEAD/app/src/main/res/layout/photo_item_grid.xml
SimpleMobileTools/Simple-Gallery,app/src/main/res/layout/photo_item_list.xml,XML,Android Views,xmlns:android=; android:layout_width; <RelativeLayout; <TextView; <ImageView,https://github.com/SimpleMobileTools/Simple-Gallery/blob/HEAD/app/src/main/res/layout/photo_item_list.xml
SimpleMobileTools/Simple-Gallery,app/src/main/res/layout/portrait_photo_item.xml,XML,Android Views,xmlns:android=; android:layout_width; <RelativeLayout; <ImageView,https://github.com/SimpleMobileTools/Simple-Gallery/blob/HEAD/app/src/main/res/layout/portrait_photo_item.xml
SimpleMobileTools/Simple-Gallery,app/src/main/res/layout/thumbnail_section.xml,XML,Android Views,xmlns:android=; android:layout_width,https://github.com/SimpleMobileTools/Simple-Gallery/blob/HEAD/app/src/main/res/layout/thumbnail_section.xml
SimpleMobileTools/Simple-Gallery,app/src/main/res/layout/video_item_grid.xml,XML,Android Views,xmlns:android=; android:layout_width; <RelativeLayout; <TextView; <ImageView,https://github.com/SimpleMobileTools/Simple-Gallery/blob/HEAD/app/src/main/res/layout/video_item_grid.xml
SimpleMobileTools/Simple-Gallery,app/src/main/res/layout/video_item_list.xml,XML,Android Views,xmlns:android=; android:layout_width; <RelativeLayout; <TextView; <ImageView,https://github.com/SimpleMobileTools/Simple-Gallery/blob/HEAD/app/src/main/res/layout/video_item_list.xml
SimpleMobileTools/Simple-Gallery,app/src/main/res/layout/widget.xml,XML,Android Views,xmlns:android=; android:layout_width; <RelativeLayout; <TextView; <ImageView,https://github.com/SimpleMobileTools/Simple-Gallery/blob/HEAD/app/src/main/res/layout/widget.xml
SimpleMobileTools/Simple-Gallery,app/src/main/res/menu/cab_directories.xml,XML,Android Views,xmlns:android=,https://github.com/SimpleMobileTools/Simple-Gallery/blob/HEAD/app/src/main/res/menu/cab_directories.xml
SimpleMobileTools/Simple-Gallery,app/src/main/res/menu/cab_hidden_folders.xml,XML,Android Views,xmlns:android=,https://github.com/SimpleMobileTools/Simple-Gallery/blob/HEAD/app/src/main/res/menu/cab_hidden_folders.xml
SimpleMobileTools/Simple-Gallery,app/src/main/res/menu/cab_media.xml,XML,Android Views,xmlns:android=,https://github.com/SimpleMobileTools/Simple-Gallery/blob/HEAD/app/src/main/res/menu/cab_media.xml
SimpleMobileTools/Simple-Gallery,app/src/main/res/menu/menu_add_folder.xml,XML,Android Views,xmlns:android=,https://github.com/SimpleMobileTools/Simple-Gallery/blob/HEAD/app/src/main/res/menu/menu_add_folder.xml
SimpleMobileTools/Simple-Gallery,app/src/main/res/menu/menu_editor.xml,XML,Android Views,xmlns:android=,https://github.com/SimpleMobileTools/Simple-Gallery/blob/HEAD/app/src/main/res/menu/menu_editor.xml
SimpleMobileTools/Simple-Gallery,app/src/main/res/menu/menu_included_folders.xml,XML,Android Views,xmlns:android=,https://github.com/SimpleMobileTools/Simple-Gallery/blob/HEAD/app/src/main/res/menu/menu_included_folders.xml
SimpleMobileTools/Simple-Gallery,app/src/main/res/menu/menu_main.xml,XML,Android Views,xmlns:android=,https://github.com/SimpleMobileTools/Simple-Gallery/blob/HEAD/app/src/main/res/menu/menu_main.xml
SimpleMobileTools/Simple-Gallery,app/src/main/res/menu/menu_main_intent.xml,XML,Android Views,xmlns:android=,https://github.com/SimpleMobileTools/Simple-Gallery/blob/HEAD/app/src/main/res/menu/menu_main_intent.xml
SimpleMobileTools/Simple-Gallery,app/src/main/res/menu/menu_media.xml,XML,Android Views,xmlns:android=,https://github.com/SimpleMobileTools/Simple-Gallery/blob/HEAD/app/src/main/res/menu/menu_media.xml
SimpleMobileTools/Simple-Gallery,app/src/main/res/menu/menu_search.xml,XML,Android Views,xmlns:android=,https://github.com/SimpleMobileTools/Simple-Gallery/blob/HEAD/app/src/main/res/menu/menu_search.xml
SimpleMobileTools/Simple-Gallery,app/src/main/res/menu/menu_set_wallpaper.xml,XML,Android Views,xmlns:android=,https://github.com/SimpleMobileTools/Simple-Gallery/blob/HEAD/app/src/main/res/menu/menu_set_wallpaper.xml
SimpleMobileTools/Simple-Gallery,app/src/main/res/menu/menu_video_player.xml,XML,Android Views,xmlns:android=,https://github.com/SimpleMobileTools/Simple-Gallery/blob/HEAD/app/src/main/res/menu/menu_video_player.xml
SimpleMobileTools/Simple-Gallery,app/src/main/res/menu/menu_viewpager.xml,XML,Android Views,xmlns:android=,https://github.com/SimpleMobileTools/Simple-Gallery/blob/HEAD/app/src/main/res/menu/menu_viewpager.xml
SimpleMobileTools/Simple-Gallery,app/src/main/res/menu/photo_video_menu.xml,XML,Android Views,xmlns:android=,https://github.com/SimpleMobileTools/Simple-Gallery/blob/HEAD/app/src/main/res/menu/photo_video_menu.xml
SimpleMobileTools/Simple-Gallery,app/src/main/res/mipmap-anydpi-v26/ic_launcher.xml,XML,Android Views,xmlns:android=,https://github.com/SimpleMobileTools/Simple-Gallery/blob/HEAD/app/src/main/res/mipmap-anydpi-v26/ic_launcher.xml
SimpleMobileTools/Simple-Gallery,app/src/main/res/mipmap-anydpi-v26/ic_launcher_amber.xml,XML,Android Views,xmlns:android=,https://github.com/SimpleMobileTools/Simple-Gallery/blob/HEAD/app/src/main/res/mipmap-anydpi-v26/ic_launcher_amber.xml
SimpleMobileTools/Simple-Gallery,app/src/main/res/mipmap-anydpi-v26/ic_launcher_blue.xml,XML,Android Views,xmlns:android=,https://github.com/SimpleMobileTools/Simple-Gallery/blob/HEAD/app/src/main/res/mipmap-anydpi-v26/ic_launcher_blue.xml
SimpleMobileTools/Simple-Gallery,app/src/main/res/mipmap-anydpi-v26/ic_launcher_blue_grey.xml,XML,Android Views,xmlns:android=,https://github.com/SimpleMobileTools/Simple-Gallery/blob/HEAD/app/src/main/res/mipmap-anydpi-v26/ic_launcher_blue_grey.xml
SimpleMobileTools/Simple-Gallery,app/src/main/res/mipmap-anydpi-v26/ic_launcher_brown.xml,XML,Android Views,xmlns:android=,https://github.com/SimpleMobileTools/Simple-Gallery/blob/HEAD/app/src/main/res/mipmap-anydpi-v26/ic_launcher_brown.xml
SimpleMobileTools/Simple-Gallery,app/src/main/res/mipmap-anydpi-v26/ic_launcher_cyan.xml,XML,Android Views,xmlns:android=,https://github.com/SimpleMobileTools/Simple-Gallery/blob/HEAD/app/src/main/res/mipmap-anydpi-v26/ic_launcher_cyan.xml
SimpleMobileTools/Simple-Gallery,app/src/main/res/mipmap-anydpi-v26/ic_launcher_deep_orange.xml,XML,Android Views,xmlns:android=,https://github.com/SimpleMobileTools/Simple-Gallery/blob/HEAD/app/src/main/res/mipmap-anydpi-v26/ic_launcher_deep_orange.xml
SimpleMobileTools/Simple-Gallery,app/src/main/res/mipmap-anydpi-v26/ic_launcher_deep_purple.xml,XML,Android Views,xmlns:android=,https://github.com/SimpleMobileTools/Simple-Gallery/blob/HEAD/app/src/main/res/mipmap-anydpi-v26/ic_launcher_deep_purple.xml
SimpleMobileTools/Simple-Gallery,app/src/main/res/mipmap-anydpi-v26/ic_launcher_green.xml,XML,Android Views,xmlns:android=,https://github.com/SimpleMobileTools/Simple-Gallery/blob/HEAD/app/src/main/res/mipmap-anydpi-v26/ic_launcher_green.xml
SimpleMobileTools/Simple-Gallery,app/src/main/res/mipmap-anydpi-v26/ic_launcher_grey_black.xml,XML,Android Views,xmlns:android=,https://github.com/SimpleMobileTools/Simple-Gallery/blob/HEAD/app/src/main/res/mipmap-anydpi-v26/ic_launcher_grey_black.xml
SimpleMobileTools/Simple-Gallery,app/src/main/res/mipmap-anydpi-v26/ic_launcher_indigo.xml,XML,Android Views,xmlns:android=,https://github.com/SimpleMobileTools/Simple-Gallery/blob/HEAD/app/src/main/res/mipmap-anydpi-v26/ic_launcher_indigo.xml
SimpleMobileTools/Simple-Gallery,app/src/main/res/mipmap-anydpi-v26/ic_launcher_light_blue.xml,XML,Android Views,xmlns:android=,https://github.com/SimpleMobileTools/Simple-Gallery/blob/HEAD/app/src/main/res/mipmap-anydpi-v26/ic_launcher_light_blue.xml
SimpleMobileTools/Simple-Gallery,app/src/main/res/mipmap-anydpi-v26/ic_launcher_light_green.xml,XML,Android Views,xmlns:android=,https://github.com/SimpleMobileTools/Simple-Gallery/blob/HEAD/app/src/main/res/mipmap-anydpi-v26/ic_launcher_light_green.xml
SimpleMobileTools/Simple-Gallery,app/src/main/res/mipmap-anydpi-v26/ic_launcher_lime.xml,XML,Android Views,xmlns:android=,https://github.com/SimpleMobileTools/Simple-Gallery/blob/HEAD/app/src/main/res/mipmap-anydpi-v26/ic_launcher_lime.xml
SimpleMobileTools/Simple-Gallery,app/src/main/res/mipmap-anydpi-v26/ic_launcher_pink.xml,XML,Android Views,xmlns:android=,https://github.com/SimpleMobileTools/Simple-Gallery/blob/HEAD/app/src/main/res/mipmap-anydpi-v26/ic_launcher_pink.xml
SimpleMobileTools/Simple-Gallery,app/src/main/res/mipmap-anydpi-v26/ic_launcher_purple.xml,XML,Android Views,xmlns:android=,https://github.com/SimpleMobileTools/Simple-Gallery/blob/HEAD/app/src/main/res/mipmap-anydpi-v26/ic_launcher_purple.xml
SimpleMobileTools/Simple-Gallery,app/src/main/res/mipmap-anydpi-v26/ic_launcher_red.xml,XML,Android Views,xmlns:android=,https://github.com/SimpleMobileTools/Simple-Gallery/blob/HEAD/app/src/main/res/mipmap-anydpi-v26/ic_launcher_red.xml
SimpleMobileTools/Simple-Gallery,app/src/main/res/mipmap-anydpi-v26/ic_launcher_teal.xml,XML,Android Views,xmlns:android=,https://github.com/SimpleMobileTools/Simple-Gallery/blob/HEAD/app/src/main/res/mipmap-anydpi-v26/ic_launcher_teal.xml
SimpleMobileTools/Simple-Gallery,app/src/main/res/mipmap-anydpi-v26/ic_launcher_yellow.xml,XML,Android Views,xmlns:android=,https://github.com/SimpleMobileTools/Simple-Gallery/blob/HEAD/app/src/main/res/mipmap-anydpi-v26/ic_launcher_yellow.xml
SimpleMobileTools/Simple-Gallery,app/src/main/res/xml/searchable.xml,XML,Android Views,xmlns:android=,https://github.com/SimpleMobileTools/Simple-Gallery/blob/HEAD/app/src/main/res/xml/searchable.xml
SimpleMobileTools/Simple-Gallery,app/src/main/res/xml/widget_info.xml,XML,Android Views,xmlns:android=,https://github.com/SimpleMobileTools/Simple-Gallery/blob/HEAD/app/src/main/res/xml/widget_info.xml
SimpleMobileTools/Simple-Gallery,app/src/proprietary/AndroidManifest.xml,XML,Android Views,xmlns:android=,https://github.com/SimpleMobileTools/Simple-Gallery/blob/HEAD/app/src/proprietary/AndroidManifest.xml
SimpleMobileTools/Simple-Gallery,app/src/proprietary/kotlin/com/simplemobiletools/gallery/pro/activities/NewPhotoEditActivity.kt,Kotlin,Android Views,setContentView,https://github.com/SimpleMobileTools/Simple-Gallery/blob/HEAD/app/src/proprietary/kotlin/com/simplemobiletools/gallery/pro/activities/NewPhotoEditActivity.kt
SimpleMobileTools/Simple-Gallery,app/src/proprietary/kotlin/com/simplemobiletools/gallery/pro/activities/NewVideoEditActivity.kt,Kotlin,Android Views,setContentView,https://github.com/SimpleMobileTools/Simple-Gallery/blob/HEAD/app/src/proprietary/kotlin/com/simplemobiletools/gallery/pro/activities/NewVideoEditActivity.kt
IacobIonut01/Gallery,app/lint-baseline.xml,XML,Android Views,xmlns:android=,https://github.com/IacobIonut01/Gallery/blob/HEAD/app/lint-baseline.xml
IacobIonut01/Gallery,app/src/main/AndroidManifest.xml,XML,Android Views,xmlns:android=,https://github.com/IacobIonut01/Gallery/blob/HEAD/app/src/main/AndroidManifest.xml
IacobIonut01/Gallery,app/src/main/kotlin/com/dot/gallery/core/Constants.kt,Kotlin,Jetpack Compose,androidx.compose,https://github.com/IacobIonut01/Gallery/blob/HEAD/app/src/main/kotlin/com/dot/gallery/core/Constants.kt
IacobIonut01/Gallery,app/src/main/kotlin/com/dot/gallery/core/DefaultEventHandler.kt,Kotlin,Jetpack Compose,androidx.compose,https://github.com/IacobIonut01/Gallery/blob/HEAD/app/src/main/kotlin/com/dot/gallery/core/DefaultEventHandler.kt
IacobIonut01/Gallery,app/src/main/kotlin/com/dot/gallery/core/MediaDistributorImpl.kt,Kotlin,Jetpack Compose,androidx.compose,https://github.com/IacobIonut01/Gallery/blob/HEAD/app/src/main/kotlin/com/dot/gallery/core/MediaDistributorImpl.kt
IacobIonut01/Gallery,app/src/main/kotlin/com/dot/gallery/core/MediaHandlerImpl.kt,Kotlin,Jetpack Compose,androidx.compose,https://github.com/IacobIonut01/Gallery/blob/HEAD/app/src/main/kotlin/com/dot/gallery/core/MediaHandlerImpl.kt
IacobIonut01/Gallery,app/src/main/kotlin/com/dot/gallery/core/MediaSelectorImpl.kt,Kotlin,Jetpack Compose,androidx.compose,https://github.com/IacobIonut01/Gallery/blob/HEAD/app/src/main/kotlin/com/dot/gallery/core/MediaSelectorImpl.kt
IacobIonut01/Gallery,app/src/main/kotlin/com/dot/gallery/core/Settings.kt,Kotlin,Jetpack Compose,androidx.compose; @Composable; rememberCoroutineScope,https://github.com/IacobIonut01/Gallery/blob/HEAD/app/src/main/kotlin/com/dot/gallery/core/Settings.kt
IacobIonut01/Gallery,app/src/main/kotlin/com/dot/gallery/core/presentation/components/AppBar.kt,Kotlin,Jetpack Compose,androidx.compose; @Composable; remember {; Row(; Box(; Modifier.; MaterialTheme,https://github.com/IacobIonut01/Gallery/blob/HEAD/app/src/main/kotlin/com/dot/gallery/core/presentation/components/AppBar.kt
IacobIonut01/Gallery,app/src/main/kotlin/com/dot/gallery/core/presentation/components/CheckBox.kt,Kotlin,Jetpack Compose,androidx.compose; @Composable; Box(; Modifier.; MaterialTheme,https://github.com/IacobIonut01/Gallery/blob/HEAD/app/src/main/kotlin/com/dot/gallery/core/presentation/components/CheckBox.kt
IacobIonut01/Gallery,app/src/main/kotlin/com/dot/gallery/core/presentation/components/DragHandle.kt,Kotlin,Jetpack Compose,androidx.compose; @Composable; Box(; Surface(; Modifier.; MaterialTheme,https://github.com/IacobIonut01/Gallery/blob/HEAD/app/src/main/kotlin/com/dot/gallery/core/presentation/components/DragHandle.kt
IacobIonut01/Gallery,app/src/main/kotlin/com/dot/gallery/core/presentation/components/EmptyAlbum.kt,Kotlin,Jetpack Compose,androidx.compose; @Composable; Modifier.; MaterialTheme,https://github.com/IacobIonut01/Gallery/blob/HEAD/app/src/main/kotlin/com/dot/gallery/core/presentation/components/EmptyAlbum.kt
IacobIonut01/Gallery,app/src/main/kotlin/com/dot/gallery/core/presentation/components/EmptyMedia.kt,Kotlin,Jetpack Compose,androidx.compose; @Composable; Modifier.; MaterialTheme,https://github.com/IacobIonut01/Gallery/blob/HEAD/app/src/main/kotlin/com/dot/gallery/core/presentation/components/EmptyMedia.kt
IacobIonut01/Gallery,app/src/main/kotlin/com/dot/gallery/core/presentation/components/ErrorComponent.kt,Kotlin,Jetpack Compose,androidx.compose; @Composable; Column(; Modifier.; MaterialTheme,https://github.com/IacobIonut01/Gallery/blob/HEAD/app/src/main/kotlin/com/dot/gallery/core/presentation/components/ErrorComponent.kt
IacobIonut01/Gallery,app/src/main/kotlin/com/dot/gallery/core/presentation/components/FilterComponent.kt,Kotlin,Jetpack Compose,androidx.compose; @Composable; remember {; Row(; Box(; Modifier.; MaterialTheme,https://github.com/IacobIonut01/Gallery/blob/HEAD/app/src/main/kotlin/com/dot/gallery/core/presentation/components/FilterComponent.kt
IacobIonut01/Gallery,app/src/main/kotlin/com/dot/gallery/core/presentation/components/LoadingAlbum.kt,Kotlin,Jetpack Compose,androidx.compose; @Composable; remember {; Column(; Row(; Box(; Modifier.; MaterialTheme,https://github.com/IacobIonut01/Gallery/blob/HEAD/app/src/main/kotlin/com/dot/gallery/core/presentation/components/LoadingAlbum.kt
IacobIonut01/Gallery,app/src/main/kotlin/com/dot/gallery/core/presentation/components/LoadingMedia.kt,Kotlin,Jetpack Compose,androidx.compose; @Composable; remember {; Column(; Row(; Box(; Modifier.; MaterialTheme,https://github.com/IacobIonut01/Gallery/blob/HEAD/app/src/main/kotlin/com/dot/gallery/core/presentation/components/LoadingMedia.kt
IacobIonut01/Gallery,app/src/main/kotlin/com/dot/gallery/core/presentation/components/MediaItemHeader.kt,Kotlin,Jetpack Compose,androidx.compose; @Composable; remember {; Row(; Box(; Modifier.; MaterialTheme,https://github.com/IacobIonut01/Gallery/blob/HEAD/app/src/main/kotlin/com/dot/gallery/core/presentation/components/MediaItemHeader.kt
IacobIonut01/Gallery,app/src/main/kotlin/com/dot/gallery/core/presentation/components/ModalSheet.kt,Kotlin,Jetpack Compose,androidx.compose; @Composable; rememberCoroutineScope; Column(; MaterialTheme,https://github.com/IacobIonut01/Gallery/blob/HEAD/app/src/main/kotlin/com/dot/gallery/core/presentation/components/ModalSheet.kt
IacobIonut01/Gallery,app/src/main/kotlin/com/dot/gallery/core/presentation/components/NavigationActions.kt,Kotlin,Jetpack Compose,androidx.compose; @Composable; androidx.activity.compose,https://github.com/IacobIonut01/Gallery/blob/HEAD/app/src/main/kotlin/com/dot/gallery/core/presentation/components/NavigationActions.kt
IacobIonut01/Gallery,app/src/main/kotlin/com/dot/gallery/core/presentation/components/NavigationBackButton.kt,Kotlin,Jetpack Compose,androidx.compose; @Composable; MaterialTheme; androidx.activity.compose,https://github.com/IacobIonut01/Gallery/blob/HEAD/app/src/main/kotlin/com/dot/gallery/core/presentation/components/NavigationBackButton.kt
IacobIonut01/Gallery,app/src/main/kotlin/com/dot/gallery/core/presentation/components/NavigationBarSpacer.kt,Kotlin,Jetpack Compose,androidx.compose; @Composable,https://github.com/IacobIonut01/Gallery/blob/HEAD/app/src/main/kotlin/com/dot/gallery/core/presentation/components/NavigationBarSpacer.kt
IacobIonut01/Gallery,app/src/main/kotlin/com/dot/gallery/core/presentation/components/NavigationButton.kt,Kotlin,Jetpack Compose,androidx.compose; @Composable; MaterialTheme,https://github.com/IacobIonut01/Gallery/blob/HEAD/app/src/main/kotlin/com/dot/gallery/core/presentation/components/NavigationButton.kt
IacobIonut01/Gallery,app/src/main/kotlin/com/dot/gallery/core/presentation/components/NavigationComp.kt,Kotlin,Jetpack Compose,androidx.compose; @Composable; LaunchedEffect,https://github.com/IacobIonut01/Gallery/blob/HEAD/app/src/main/kotlin/com/dot/gallery/core/presentation/components/NavigationComp.kt
IacobIonut01/Gallery,app/src/main/kotlin/com/dot/gallery/core/presentation/components/SelectionSheet.kt,Kotlin,Jetpack Compose,androidx.compose; @Composable; rememberCoroutineScope; Column(; Row(; Modifier.; MaterialTheme; androidx.activity.compose,https://github.com/IacobIonut01/Gallery/blob/HEAD/app/src/main/kotlin/com/dot/gallery/core/presentation/components/SelectionSheet.kt
IacobIonut01/Gallery,app/src/main/kotlin/com/dot/gallery/core/presentation/components/SetupWizard.kt,Kotlin,Jetpack Compose,androidx.compose; @Composable; Scaffold(; Column(; Row(; Modifier.; MaterialTheme,https://github.com/IacobIonut01/Gallery/blob/HEAD/app/src/main/kotlin/com/dot/gallery/core/presentation/components/SetupWizard.kt
IacobIonut01/Gallery,app/src/main/kotlin/com/dot/gallery/core/presentation/components/util/AutoResizeText.kt,Kotlin,Jetpack Compose,androidx.compose; @Composable; remember {,https://github.com/IacobIonut01/Gallery/blob/HEAD/app/src/main/kotlin/com/dot/gallery/core/presentation/components/util/AutoResizeText.kt
IacobIonut01/Gallery,app/src/main/kotlin/com/dot/gallery/core/presentation/components/util/BatteryExt.kt,Kotlin,Jetpack Compose,androidx.compose; @Composable; remember {,https://github.com/IacobIonut01/Gallery/blob/HEAD/app/src/main/kotlin/com/dot/gallery/core/presentation/components/util/BatteryExt.kt
IacobIonut01/Gallery,app/src/main/kotlin/com/dot/gallery/core/presentation/components/util/OnLifecycleEvent.kt,Kotlin,Jetpack Compose,androidx.compose; @Composable,https://github.com/IacobIonut01/Gallery/blob/HEAD/app/src/main/kotlin/com/dot/gallery/core/presentation/components/util/OnLifecycleEvent.kt
IacobIonut01/Gallery,app/src/main/kotlin/com/dot/gallery/core/presentation/components/util/ShadowModifier.kt,Kotlin,Jetpack Compose,androidx.compose; Modifier.,https://github.com/IacobIonut01/Gallery/blob/HEAD/app/src/main/kotlin/com/dot/gallery/core/presentation/components/util/ShadowModifier.kt
IacobIonut01/Gallery,app/src/main/kotlin/com/dot/gallery/core/presentation/components/util/StickyHeaderGrid.kt,Kotlin,Jetpack Compose,androidx.compose; @Composable; Box(,https://github.com/IacobIonut01/Gallery/blob/HEAD/app/src/main/kotlin/com/dot/gallery/core/presentation/components/util/StickyHeaderGrid.kt
IacobIonut01/Gallery,app/src/main/kotlin/com/dot/gallery/core/presentation/components/util/swipe.kt,Kotlin,Jetpack Compose,androidx.compose; @Composable; remember {; Modifier.,https://github.com/IacobIonut01/Gallery/blob/HEAD/app/src/main/kotlin/com/dot/gallery/core/presentation/components/util/swipe.kt
IacobIonut01/Gallery,app/src/main/kotlin/com/dot/gallery/core/util/MediaUtilsProvider.kt,Kotlin,Jetpack Compose,androidx.compose; @Composable,https://github.com/IacobIonut01/Gallery/blob/HEAD/app/src/main/kotlin/com/dot/gallery/core/util/MediaUtilsProvider.kt
IacobIonut01/Gallery,app/src/main/kotlin/com/dot/gallery/core/util/SettingsExt.kt,Kotlin,Jetpack Compose,androidx.compose; @Composable; rememberCoroutineScope; remember {,https://github.com/IacobIonut01/Gallery/blob/HEAD/app/src/main/kotlin/com/dot/gallery/core/util/SettingsExt.kt
IacobIonut01/Gallery,app/src/main/kotlin/com/dot/gallery/core/util/ext/CursorExt.kt,Kotlin,Jetpack Compose,Row(,https://github.com/IacobIonut01/Gallery/blob/HEAD/app/src/main/kotlin/com/dot/gallery/core/util/ext/CursorExt.kt
IacobIonut01/Gallery,app/src/main/kotlin/com/dot/gallery/core/util/ext/FlowExt.kt,Kotlin,Jetpack Compose,Row(,https://github.com/IacobIonut01/Gallery/blob/HEAD/app/src/main/kotlin/com/dot/gallery/core/util/ext/FlowExt.kt
IacobIonut01/Gallery,app/src/main/kotlin/com/dot/gallery/core/workers/ClassifierWorker.kt,Kotlin,Jetpack Compose,androidx.compose,https://github.com/IacobIonut01/Gallery/blob/HEAD/app/src/main/kotlin/com/dot/gallery/core/workers/ClassifierWorker.kt
IacobIonut01/Gallery,app/src/main/kotlin/com/dot/gallery/core/workers/DatabaseUpdaterWorker.kt,Kotlin,Jetpack Compose,androidx.compose,https://github.com/IacobIonut01/Gallery/blob/HEAD/app/src/main/kotlin/com/dot/gallery/core/workers/DatabaseUpdaterWorker.kt
IacobIonut01/Gallery,app/src/main/kotlin/com/dot/gallery/core/workers/MetadataCollectionWorker.kt,Kotlin,Jetpack Compose,androidx.compose,https://github.com/IacobIonut01/Gallery/blob/HEAD/app/src/main/kotlin/com/dot/gallery/core/workers/MetadataCollectionWorker.kt
IacobIonut01/Gallery,app/src/main/kotlin/com/dot/gallery/core/workers/SearchIndexerUpdaterWorker.kt,Kotlin,Jetpack Compose,androidx.compose,https://github.com/IacobIonut01/Gallery/blob/HEAD/app/src/main/kotlin/com/dot/gallery/core/workers/SearchIndexerUpdaterWorker.kt
IacobIonut01/Gallery,app/src/main/kotlin/com/dot/gallery/feature_node/data/data_source/ClassifierDao.kt,Kotlin,Jetpack Compose,androidx.compose,https://github.com/IacobIonut01/Gallery/blob/HEAD/app/src/main/kotlin/com/dot/gallery/feature_node/data/data_source/ClassifierDao.kt
IacobIonut01/Gallery,app/src/main/kotlin/com/dot/gallery/feature_node/data/data_source/mediastore/queries/MediaFlow.kt,Kotlin,Jetpack Compose,Row(,https://github.com/IacobIonut01/Gallery/blob/HEAD/app/src/main/kotlin/com/dot/gallery/feature_node/data/data_source/mediastore/queries/MediaFlow.kt
IacobIonut01/Gallery,app/src/main/kotlin/com/dot/gallery/feature_node/data/data_source/mediastore/queries/MediaUriFlow.kt,Kotlin,Jetpack Compose,Row(,https://github.com/IacobIonut01/Gallery/blob/HEAD/app/src/main/kotlin/com/dot/gallery/feature_node/data/data_source/mediastore/queries/MediaUriFlow.kt
IacobIonut01/Gallery,app/src/main/kotlin/com/dot/gallery/feature_node/domain/model/Album.kt,Kotlin,Jetpack Compose,androidx.compose,https://github.com/IacobIonut01/Gallery/blob/HEAD/app/src/main/kotlin/com/dot/gallery/feature_node/domain/model/Album.kt
IacobIonut01/Gallery,app/src/main/kotlin/com/dot/gallery/feature_node/domain/model/AlbumState.kt,Kotlin,Jetpack Compose,androidx.compose,https://github.com/IacobIonut01/Gallery/blob/HEAD/app/src/main/kotlin/com/dot/gallery/feature_node/domain/model/AlbumState.kt
IacobIonut01/Gallery,app/src/main/kotlin/com/dot/gallery/feature_node/domain/model/ExifAttributes.kt,Kotlin,Jetpack Compose,androidx.compose; @Composable,https://github.com/IacobIonut01/Gallery/blob/HEAD/app/src/main/kotlin/com/dot/gallery/feature_node/domain/model/ExifAttributes.kt
IacobIonut01/Gallery,app/src/main/kotlin/com/dot/gallery/feature_node/domain/model/IgnoredAlbum.kt,Kotlin,Jetpack Compose,androidx.compose,https://github.com/IacobIonut01/Gallery/blob/HEAD/app/src/main/kotlin/com/dot/gallery/feature_node/domain/model/IgnoredAlbum.kt
IacobIonut01/Gallery,app/src/main/kotlin/com/dot/gallery/feature_node/domain/model/InfoRow.kt,Kotlin,Jetpack Compose,androidx.compose; Row(,https://github.com/IacobIonut01/Gallery/blob/HEAD/app/src/main/kotlin/com/dot/gallery/feature_node/domain/model/InfoRow.kt
IacobIonut01/Gallery,app/src/main/kotlin/com/dot/gallery/feature_node/domain/model/LibraryIndicatorState.kt,Kotlin,Jetpack Compose,androidx.compose,https://github.com/IacobIonut01/Gallery/blob/HEAD/app/src/main/kotlin/com/dot/gallery/feature_node/domain/model/LibraryIndicatorState.kt
IacobIonut01/Gallery,app/src/main/kotlin/com/dot/gallery/feature_node/domain/model/LocationData.kt,Kotlin,Jetpack Compose,androidx.compose; @Composable; remember {; LaunchedEffect,https://github.com/IacobIonut01/Gallery/blob/HEAD/app/src/main/kotlin/com/dot/gallery/feature_node/domain/model/LocationData.kt
IacobIonut01/Gallery,app/src/main/kotlin/com/dot/gallery/feature_node/domain/model/LocationMedia.kt,Kotlin,Jetpack Compose,androidx.compose,https://github.com/IacobIonut01/Gallery/blob/HEAD/app/src/main/kotlin/com/dot/gallery/feature_node/domain/model/LocationMedia.kt
IacobIonut01/Gallery,app/src/main/kotlin/com/dot/gallery/feature_node/domain/model/MediaDateCaption.kt,Kotlin,Jetpack Compose,androidx.compose; @Composable,https://github.com/IacobIonut01/Gallery/blob/HEAD/app/src/main/kotlin/com/dot/gallery/feature_node/domain/model/MediaDateCaption.kt
IacobIonut01/Gallery,app/src/main/kotlin/com/dot/gallery/feature_node/domain/model/MediaItem.kt,Kotlin,Jetpack Compose,androidx.compose,https://github.com/IacobIonut01/Gallery/blob/HEAD/app/src/main/kotlin/com/dot/gallery/feature_node/domain/model/MediaItem.kt
IacobIonut01/Gallery,app/src/main/kotlin/com/dot/gallery/feature_node/domain/model/MediaMetadata.kt,Kotlin,Jetpack Compose,androidx.compose,https://github.com/IacobIonut01/Gallery/blob/HEAD/app/src/main/kotlin/com/dot/gallery/feature_node/domain/model/MediaMetadata.kt
IacobIonut01/Gallery,app/src/main/kotlin/com/dot/gallery/feature_node/domain/model/MediaState.kt,Kotlin,Jetpack Compose,androidx.compose,https://github.com/IacobIonut01/Gallery/blob/HEAD/app/src/main/kotlin/com/dot/gallery/feature_node/domain/model/MediaState.kt
IacobIonut01/Gallery,app/src/main/kotlin/com/dot/gallery/feature_node/domain/model/PinnedAlbum.kt,Kotlin,Jetpack Compose,androidx.compose,https://github.com/IacobIonut01/Gallery/blob/HEAD/app/src/main/kotlin/com/dot/gallery/feature_node/domain/model/PinnedAlbum.kt
IacobIonut01/Gallery,app/src/main/kotlin/com/dot/gallery/feature_node/domain/model/TimelineSettings.kt,Kotlin,Jetpack Compose,androidx.compose,https://github.com/IacobIonut01/Gallery/blob/HEAD/app/src/main/kotlin/com/dot/gallery/feature_node/domain/model/TimelineSettings.kt
IacobIonut01/Gallery,app/src/main/kotlin/com/dot/gallery/feature_node/domain/model/VaultState.kt,Kotlin,Jetpack Compose,androidx.compose,https://github.com/IacobIonut01/Gallery/blob/HEAD/app/src/main/kotlin/com/dot/gallery/feature_node/domain/model/VaultState.kt
IacobIonut01/Gallery,app/src/main/kotlin/com/dot/gallery/feature_node/domain/model/editor/CropState.kt,Kotlin,Jetpack Compose,androidx.compose,https://github.com/IacobIonut01/Gallery/blob/HEAD/app/src/main/kotlin/com/dot/gallery/feature_node/domain/model/editor/CropState.kt
IacobIonut01/Gallery,app/src/main/kotlin/com/dot/gallery/feature_node/domain/model/editor/CropperAction.kt,Kotlin,Jetpack Compose,androidx.compose,https://github.com/IacobIonut01/Gallery/blob/HEAD/app/src/main/kotlin/com/dot/gallery/feature_node/domain/model/editor/CropperAction.kt
IacobIonut01/Gallery,app/src/main/kotlin/com/dot/gallery/feature_node/domain/model/editor/EditorItems.kt,Kotlin,Jetpack Compose,androidx.compose,https://github.com/IacobIonut01/Gallery/blob/HEAD/app/src/main/kotlin/com/dot/gallery/feature_node/domain/model/editor/EditorItems.kt
IacobIonut01/Gallery,app/src/main/kotlin/com/dot/gallery/feature_node/domain/model/editor/ImageFilter.kt,Kotlin,Jetpack Compose,androidx.compose,https://github.com/IacobIonut01/Gallery/blob/HEAD/app/src/main/kotlin/com/dot/gallery/feature_node/domain/model/editor/ImageFilter.kt
IacobIonut01/Gallery,app/src/main/kotlin/com/dot/gallery/feature_node/domain/model/editor/MarkupItems.kt,Kotlin,Jetpack Compose,androidx.compose,https://github.com/IacobIonut01/Gallery/blob/HEAD/app/src/main/kotlin/com/dot/gallery/feature_node/domain/model/editor/MarkupItems.kt
IacobIonut01/Gallery,app/src/main/kotlin/com/dot/gallery/feature_node/domain/model/editor/PathProperties.kt,Kotlin,Jetpack Compose,androidx.compose,https://github.com/IacobIonut01/Gallery/blob/HEAD/app/src/main/kotlin/com/dot/gallery/feature_node/domain/model/editor/PathProperties.kt
IacobIonut01/Gallery,app/src/main/kotlin/com/dot/gallery/feature_node/domain/model/editor/VariableFilter.kt,Kotlin,Jetpack Compose,androidx.compose,https://github.com/IacobIonut01/Gallery/blob/HEAD/app/src/main/kotlin/com/dot/gallery/feature_node/domain/model/editor/VariableFilter.kt
IacobIonut01/Gallery,app/src/main/kotlin/com/dot/gallery/feature_node/presentation/actions/ActionsScreen.kt,Kotlin,Jetpack Compose,androidx.compose; @Composable,https://github.com/IacobIonut01/Gallery/blob/HEAD/app/src/main/kotlin/com/dot/gallery/feature_node/presentation/actions/ActionsScreen.kt
IacobIonut01/Gallery,app/src/main/kotlin/com/dot/gallery/feature_node/presentation/albums/AlbumsScreen.kt,Kotlin,Jetpack Compose,androidx.compose; @Composable; LaunchedEffect; Scaffold(; Column(; LazyColumn(; Modifier.; MaterialTheme,https://github.com/IacobIonut01/Gallery/blob/HEAD/app/src/main/kotlin/com/dot/gallery/feature_node/presentation/albums/AlbumsScreen.kt
IacobIonut01/Gallery,app/src/main/kotlin/com/dot/gallery/feature_node/presentation/albums/AlbumsViewModel.kt,Kotlin,Jetpack Compose,androidx.compose; @Composable,https://github.com/IacobIonut01/Gallery/blob/HEAD/app/src/main/kotlin/com/dot/gallery/feature_node/presentation/albums/AlbumsViewModel.kt
IacobIonut01/Gallery,app/src/main/kotlin/com/dot/gallery/feature_node/presentation/albums/components/AlbumComponent.kt,Kotlin,Jetpack Compose,androidx.compose; @Composable; rememberCoroutineScope; remember {; LaunchedEffect; Column(; Row(; Box(; MaterialTheme; androidx.activity.compose,https://github.com/IacobIonut01/Gallery/blob/HEAD/app/src/main/kotlin/com/dot/gallery/feature_node/presentation/albums/components/AlbumComponent.kt
IacobIonut01/Gallery,app/src/main/kotlin/com/dot/gallery/feature_node/presentation/albums/components/PinnedAlbumsCarousel.kt,Kotlin,Mixed (Compose + Android Views),androidx.compose; @Composable; rememberCoroutineScope; remember {; MaterialTheme; findViewById; LayoutInflater; android.widget.TextView; android.widget.ImageView; RecyclerView.ViewHolder,https://github.com/IacobIonut01/Gallery/blob/HEAD/app/src/main/kotlin/com/dot/gallery/feature_node/presentation/albums/components/PinnedAlbumsCarousel.kt
IacobIonut01/Gallery,app/src/main/kotlin/com/dot/gallery/feature_node/presentation/albumtimeline/AlbumTimelineScreen.kt,Kotlin,Jetpack Compose,androidx.compose; @Composable; LaunchedEffect; Scaffold(; Box(; Modifier.; MaterialTheme,https://github.com/IacobIonut01/Gallery/blob/HEAD/app/src/main/kotlin/com/dot/gallery/feature_node/presentation/albumtimeline/AlbumTimelineScreen.kt
IacobIonut01/Gallery,app/src/main/kotlin/com/dot/gallery/feature_node/presentation/classifier/CategoriesScreen.kt,Kotlin,Jetpack Compose,androidx.compose; @Composable; remember {; LaunchedEffect; Scaffold(; Column(; Modifier.; MaterialTheme,https://github.com/IacobIonut01/Gallery/blob/HEAD/app/src/main/kotlin/com/dot/gallery/feature_node/presentation/classifier/CategoriesScreen.kt
IacobIonut01/Gallery,app/src/main/kotlin/com/dot/gallery/feature_node/presentation/classifier/CategoriesViewModel.kt,Kotlin,Jetpack Compose,androidx.compose,https://github.com/IacobIonut01/Gallery/blob/HEAD/app/src/main/kotlin/com/dot/gallery/feature_node/presentation/classifier/CategoriesViewModel.kt
IacobIonut01/Gallery,app/src/main/kotlin/com/dot/gallery/feature_node/presentation/classifier/CategoryViewModel.kt,Kotlin,Jetpack Compose,androidx.compose,https://github.com/IacobIonut01/Gallery/blob/HEAD/app/src/main/kotlin/com/dot/gallery/feature_node/presentation/classifier/CategoryViewModel.kt
IacobIonut01/Gallery,app/src/main/kotlin/com/dot/gallery/feature_node/presentation/classifier/CategoryViewScreen.kt,Kotlin,Jetpack Compose,androidx.compose; @Composable; LaunchedEffect,https://github.com/IacobIonut01/Gallery/blob/HEAD/app/src/main/kotlin/com/dot/gallery/feature_node/presentation/classifier/CategoryViewScreen.kt
IacobIonut01/Gallery,app/src/main/kotlin/com/dot/gallery/feature_node/presentation/common/MediaScreen.kt,Kotlin,Jetpack Compose,androidx.compose; @Composable; remember {; LaunchedEffect; Scaffold(; Box(; Modifier.; MaterialTheme,https://github.com/IacobIonut01/Gallery/blob/HEAD/app/src/main/kotlin/com/dot/gallery/feature_node/presentation/common/MediaScreen.kt
IacobIonut01/Gallery,app/src/main/kotlin/com/dot/gallery/feature_node/presentation/common/components/MediaGrid.kt,Kotlin,Jetpack Compose,androidx.compose; @Composable; rememberCoroutineScope; remember {; LaunchedEffect; Column(; Modifier.,https://github.com/IacobIonut01/Gallery/blob/HEAD/app/src/main/kotlin/com/dot/gallery/feature_node/presentation/common/components/MediaGrid.kt
IacobIonut01/Gallery,app/src/main/kotlin/com/dot/gallery/feature_node/presentation/common/components/MediaGridView.kt,Kotlin,Jetpack Compose,androidx.compose; @Composable; remember {; LaunchedEffect; Modifier.; MaterialTheme; androidx.activity.compose,https://github.com/IacobIonut01/Gallery/blob/HEAD/app/src/main/kotlin/com/dot/gallery/feature_node/presentation/common/components/MediaGridView.kt
IacobIonut01/Gallery,app/src/main/kotlin/com/dot/gallery/feature_node/presentation/common/components/MediaImage.kt,Kotlin,Jetpack Compose,androidx.compose; @Composable; Box(; MaterialTheme,https://github.com/IacobIonut01/Gallery/blob/HEAD/app/src/main/kotlin/com/dot/gallery/feature_node/presentation/common/components/MediaImage.kt
IacobIonut01/Gallery,app/src/main/kotlin/com/dot/gallery/feature_node/presentation/common/components/MetadataCollectionStatus.kt,Kotlin,Jetpack Compose,androidx.compose; @Composable; Modifier.,https://github.com/IacobIonut01/Gallery/blob/HEAD/app/src/main/kotlin/com/dot/gallery/feature_node/presentation/common/components/MetadataCollectionStatus.kt
IacobIonut01/Gallery,app/src/main/kotlin/com/dot/gallery/feature_node/presentation/common/components/OptionSheet.kt,Kotlin,Jetpack Compose,androidx.compose; @Composable; Column(; Row(; Box(; Modifier.; MaterialTheme,https://github.com/IacobIonut01/Gallery/blob/HEAD/app/src/main/kotlin/com/dot/gallery/feature_node/presentation/common/components/OptionSheet.kt
IacobIonut01/Gallery,app/src/main/kotlin/com/dot/gallery/feature_node/presentation/common/components/TimelineScroller.kt,Kotlin,Jetpack Compose,androidx.compose; @Composable; Row(; Box(; MaterialTheme,https://github.com/IacobIonut01/Gallery/blob/HEAD/app/src/main/kotlin/com/dot/gallery/feature_node/presentation/common/components/TimelineScroller.kt
IacobIonut01/Gallery,app/src/main/kotlin/com/dot/gallery/feature_node/presentation/common/components/TwoLinedDateToolbarTitle.kt,Kotlin,Jetpack Compose,androidx.compose; @Composable; MaterialTheme,https://github.com/IacobIonut01/Gallery/blob/HEAD/app/src/main/kotlin/com/dot/gallery/feature_node/presentation/common/components/TwoLinedDateToolbarTitle.kt
IacobIonut01/Gallery,app/src/main/kotlin/com/dot/gallery/feature_node/presentation/common/components/rememberHeaderOffset.kt,Kotlin,Jetpack Compose,androidx.compose; @Composable; Box(,https://github.com/IacobIonut01/Gallery/blob/HEAD/app/src/main/kotlin/com/dot/gallery/feature_node/presentation/common/components/rememberHeaderOffset.kt
IacobIonut01/Gallery,app/src/main/kotlin/com/dot/gallery/feature_node/presentation/common/components/rememberStickyHeaderItem.kt,Kotlin,Jetpack Compose,androidx.compose; @Composable; LaunchedEffect,https://github.com/IacobIonut01/Gallery/blob/HEAD/app/src/main/kotlin/com/dot/gallery/feature_node/presentation/common/components/rememberStickyHeaderItem.kt
IacobIonut01/Gallery,app/src/main/kotlin/com/dot/gallery/feature_node/presentation/dateformat/DateFormatScreen.kt,Kotlin,Jetpack Compose,androidx.compose; @Composable; remember {; Scaffold(; Column(; Row(; Box(; Modifier.; MaterialTheme,https://github.com/IacobIonut01/Gallery/blob/HEAD/app/src/main/kotlin/com/dot/gallery/feature_node/presentation/dateformat/DateFormatScreen.kt
IacobIonut01/Gallery,app/src/main/kotlin/com/dot/gallery/feature_node/presentation/edit/EditActivity.kt,Kotlin,Jetpack Compose,androidx.compose; setContent {; rememberCoroutineScope; LaunchedEffect; MaterialTheme; androidx.activity.compose,https://github.com/IacobIonut01/Gallery/blob/HEAD/app/src/main/kotlin/com/dot/gallery/feature_node/presentation/edit/EditActivity.kt
IacobIonut01/Gallery,app/src/main/kotlin/com/dot/gallery/feature_node/presentation/edit/EditScreen.kt,Kotlin,Jetpack Compose,androidx.compose; @Composable; LaunchedEffect; Scaffold(; Column(; Row(; Box(; Modifier.; MaterialTheme,https://github.com/IacobIonut01/Gallery/blob/HEAD/app/src/main/kotlin/com/dot/gallery/feature_node/presentation/edit/EditScreen.kt
IacobIonut01/Gallery,app/src/main/kotlin/com/dot/gallery/feature_node/presentation/edit/EditViewModel.kt,Kotlin,Jetpack Compose,androidx.compose,https://github.com/IacobIonut01/Gallery/blob/HEAD/app/src/main/kotlin/com/dot/gallery/feature_node/presentation/edit/EditViewModel.kt
IacobIonut01/Gallery,app/src/main/kotlin/com/dot/gallery/feature_node/presentation/edit/adjustments/filters/Cool.kt,Kotlin,Jetpack Compose,androidx.compose,https://github.com/IacobIonut01/Gallery/blob/HEAD/app/src/main/kotlin/com/dot/gallery/feature_node/presentation/edit/adjustments/filters/Cool.kt
IacobIonut01/Gallery,app/src/main/kotlin/com/dot/gallery/feature_node/presentation/edit/adjustments/filters/Monochrome.kt,Kotlin,Jetpack Compose,androidx.compose,https://github.com/IacobIonut01/Gallery/blob/HEAD/app/src/main/kotlin/com/dot/gallery/feature_node/presentation/edit/adjustments/filters/Monochrome.kt
IacobIonut01/Gallery,app/src/main/kotlin/com/dot/gallery/feature_node/presentation/edit/adjustments/filters/Negative.kt,Kotlin,Jetpack Compose,androidx.compose,https://github.com/IacobIonut01/Gallery/blob/HEAD/app/src/main/kotlin/com/dot/gallery/feature_node/presentation/edit/adjustments/filters/Negative.kt
IacobIonut01/Gallery,app/src/main/kotlin/com/dot/gallery/feature_node/presentation/edit/adjustments/filters/None.kt,Kotlin,Jetpack Compose,androidx.compose,https://github.com/IacobIonut01/Gallery/blob/HEAD/app/src/main/kotlin/com/dot/gallery/feature_node/presentation/edit/adjustments/filters/None.kt
IacobIonut01/Gallery,app/src/main/kotlin/com/dot/gallery/feature_node/presentation/edit/adjustments/filters/Posterize.kt,Kotlin,Jetpack Compose,androidx.compose,https://github.com/IacobIonut01/Gallery/blob/HEAD/app/src/main/kotlin/com/dot/gallery/feature_node/presentation/edit/adjustments/filters/Posterize.kt
IacobIonut01/Gallery,app/src/main/kotlin/com/dot/gallery/feature_node/presentation/edit/adjustments/filters/Sepia.kt,Kotlin,Jetpack Compose,androidx.compose,https://github.com/IacobIonut01/Gallery/blob/HEAD/app/src/main/kotlin/com/dot/gallery/feature_node/presentation/edit/adjustments/filters/Sepia.kt
IacobIonut01/Gallery,app/src/main/kotlin/com/dot/gallery/feature_node/presentation/edit/adjustments/filters/Vintage.kt,Kotlin,Jetpack Compose,androidx.compose,https://github.com/IacobIonut01/Gallery/blob/HEAD/app/src/main/kotlin/com/dot/gallery/feature_node/presentation/edit/adjustments/filters/Vintage.kt
IacobIonut01/Gallery,app/src/main/kotlin/com/dot/gallery/feature_node/presentation/edit/adjustments/filters/Warm.kt,Kotlin,Jetpack Compose,androidx.compose,https://github.com/IacobIonut01/Gallery/blob/HEAD/app/src/main/kotlin/com/dot/gallery/feature_node/presentation/edit/adjustments/filters/Warm.kt
IacobIonut01/Gallery,app/src/main/kotlin/com/dot/gallery/feature_node/presentation/edit/adjustments/varfilter/Brightness.kt,Kotlin,Jetpack Compose,androidx.compose,https://github.com/IacobIonut01/Gallery/blob/HEAD/app/src/main/kotlin/com/dot/gallery/feature_node/presentation/edit/adjustments/varfilter/Brightness.kt
IacobIonut01/Gallery,app/src/main/kotlin/com/dot/gallery/feature_node/presentation/edit/adjustments/varfilter/Contrast.kt,Kotlin,Jetpack Compose,androidx.compose,https://github.com/IacobIonut01/Gallery/blob/HEAD/app/src/main/kotlin/com/dot/gallery/feature_node/presentation/edit/adjustments/varfilter/Contrast.kt
IacobIonut01/Gallery,app/src/main/kotlin/com/dot/gallery/feature_node/presentation/edit/adjustments/varfilter/Rotate.kt,Kotlin,Jetpack Compose,androidx.compose,https://github.com/IacobIonut01/Gallery/blob/HEAD/app/src/main/kotlin/com/dot/gallery/feature_node/presentation/edit/adjustments/varfilter/Rotate.kt
IacobIonut01/Gallery,app/src/main/kotlin/com/dot/gallery/feature_node/presentation/edit/adjustments/varfilter/Saturation.kt,Kotlin,Jetpack Compose,androidx.compose,https://github.com/IacobIonut01/Gallery/blob/HEAD/app/src/main/kotlin/com/dot/gallery/feature_node/presentation/edit/adjustments/varfilter/Saturation.kt
IacobIonut01/Gallery,app/src/main/kotlin/com/dot/gallery/feature_node/presentation/edit/adjustments/varfilter/Sharpness.kt,Kotlin,Jetpack Compose,androidx.compose,https://github.com/IacobIonut01/Gallery/blob/HEAD/app/src/main/kotlin/com/dot/gallery/feature_node/presentation/edit/adjustments/varfilter/Sharpness.kt
IacobIonut01/Gallery,app/src/main/kotlin/com/dot/gallery/feature_node/presentation/edit/adjustments/varfilter/VariableFilterTypes.kt,Kotlin,Jetpack Compose,androidx.compose,https://github.com/IacobIonut01/Gallery/blob/HEAD/app/src/main/kotlin/com/dot/gallery/feature_node/presentation/edit/adjustments/varfilter/VariableFilterTypes.kt
IacobIonut01/Gallery,app/src/main/kotlin/com/dot/gallery/feature_node/presentation/edit/components/adjustment/AdjustScrubber.kt,Kotlin,Jetpack Compose,androidx.compose; @Composable; Box(,https://github.com/IacobIonut01/Gallery/blob/HEAD/app/src/main/kotlin/com/dot/gallery/feature_node/presentation/edit/components/adjustment/AdjustScrubber.kt
IacobIonut01/Gallery,app/src/main/kotlin/com/dot/gallery/feature_node/presentation/edit/components/adjustment/AdjustSection.kt,Kotlin,Jetpack Compose,androidx.compose; @Composable; Modifier.,https://github.com/IacobIonut01/Gallery/blob/HEAD/app/src/main/kotlin/com/dot/gallery/feature_node/presentation/edit/components/adjustment/AdjustSection.kt
IacobIonut01/Gallery,app/src/main/kotlin/com/dot/gallery/feature_node/presentation/edit/components/adjustment/SelectableItem.kt,Kotlin,Jetpack Compose,androidx.compose; @Composable; Column(; Row(; Modifier.; MaterialTheme,https://github.com/IacobIonut01/Gallery/blob/HEAD/app/src/main/kotlin/com/dot/gallery/feature_node/presentation/edit/components/adjustment/SelectableItem.kt
IacobIonut01/Gallery,app/src/main/kotlin/com/dot/gallery/feature_node/presentation/edit/components/core/HorizontalScrubber.kt,Kotlin,Jetpack Compose,androidx.compose; @Composable; LaunchedEffect; Column(; Row(; LazyRow(; Surface(; Modifier.; MaterialTheme,https://github.com/IacobIonut01/Gallery/blob/HEAD/app/src/main/kotlin/com/dot/gallery/feature_node/presentation/edit/components/core/HorizontalScrubber.kt
IacobIonut01/Gallery,app/src/main/kotlin/com/dot/gallery/feature_node/presentation/edit/components/core/SupportiveLayout.kt,Kotlin,Jetpack Compose,androidx.compose; @Composable; Column(; Row(,https://github.com/IacobIonut01/Gallery/blob/HEAD/app/src/main/kotlin/com/dot/gallery/feature_node/presentation/edit/components/core/SupportiveLayout.kt
IacobIonut01/Gallery,app/src/main/kotlin/com/dot/gallery/feature_node/presentation/edit/components/core/SupportiveLazyGridLayout.kt,Kotlin,Jetpack Compose,androidx.compose; @Composable; Column(; Row(; LazyColumn(; LazyRow(,https://github.com/IacobIonut01/Gallery/blob/HEAD/app/src/main/kotlin/com/dot/gallery/feature_node/presentation/edit/components/core/SupportiveLazyGridLayout.kt
IacobIonut01/Gallery,app/src/main/kotlin/com/dot/gallery/feature_node/presentation/edit/components/core/SupportiveLazyLayout.kt,Kotlin,Jetpack Compose,androidx.compose; @Composable; Column(; Row(; LazyColumn(; LazyRow(,https://github.com/IacobIonut01/Gallery/blob/HEAD/app/src/main/kotlin/com/dot/gallery/feature_node/presentation/edit/components/core/SupportiveLazyLayout.kt
IacobIonut01/Gallery,app/src/main/kotlin/com/dot/gallery/feature_node/presentation/edit/components/core/VerticalScrubber.kt,Kotlin,Jetpack Compose,androidx.compose; @Composable; LaunchedEffect; Column(; Row(; LazyColumn(; Surface(; Modifier.; MaterialTheme,https://github.com/IacobIonut01/Gallery/blob/HEAD/app/src/main/kotlin/com/dot/gallery/feature_node/presentation/edit/components/core/VerticalScrubber.kt
IacobIonut01/Gallery,app/src/main/kotlin/com/dot/gallery/feature_node/presentation/edit/components/cropper/CropperSection.kt,Kotlin,Jetpack Compose,androidx.compose; @Composable; remember {,https://github.com/IacobIonut01/Gallery/blob/HEAD/app/src/main/kotlin/com/dot/gallery/feature_node/presentation/edit/components/cropper/CropperSection.kt
IacobIonut01/Gallery,app/src/main/kotlin/com/dot/gallery/feature_node/presentation/edit/components/editor/EditorItem.kt,Kotlin,Jetpack Compose,androidx.compose; @Composable; Column(; Row(; Modifier.; MaterialTheme,https://github.com/IacobIonut01/Gallery/blob/HEAD/app/src/main/kotlin/com/dot/gallery/feature_node/presentation/edit/components/editor/EditorItem.kt
IacobIonut01/Gallery,app/src/main/kotlin/com/dot/gallery/feature_node/presentation/edit/components/editor/EditorNavigator.kt,Kotlin,Jetpack Compose,androidx.compose; @Composable; Modifier.,https://github.com/IacobIonut01/Gallery/blob/HEAD/app/src/main/kotlin/com/dot/gallery/feature_node/presentation/edit/components/editor/EditorNavigator.kt
IacobIonut01/Gallery,app/src/main/kotlin/com/dot/gallery/feature_node/presentation/edit/components/editor/EditorSelector.kt,Kotlin,Jetpack Compose,androidx.compose; @Composable; Modifier.,https://github.com/IacobIonut01/Gallery/blob/HEAD/app/src/main/kotlin/com/dot/gallery/feature_node/presentation/edit/components/editor/EditorSelector.kt
IacobIonut01/Gallery,app/src/main/kotlin/com/dot/gallery/feature_node/presentation/edit/components/editor/ExternalEditor.kt,Kotlin,Jetpack Compose,androidx.compose; @Composable; Column(; Row(; Modifier.; MaterialTheme,https://github.com/IacobIonut01/Gallery/blob/HEAD/app/src/main/kotlin/com/dot/gallery/feature_node/presentation/edit/components/editor/ExternalEditor.kt
IacobIonut01/Gallery,app/src/main/kotlin/com/dot/gallery/feature_node/presentation/edit/components/editor/ImageViewer.kt,Kotlin,Jetpack Compose,androidx.compose; @Composable; remember {; Box(; Modifier.; MaterialTheme,https://github.com/IacobIonut01/Gallery/blob/HEAD/app/src/main/kotlin/com/dot/gallery/feature_node/presentation/edit/components/editor/ImageViewer.kt
IacobIonut01/Gallery,app/src/main/kotlin/com/dot/gallery/feature_node/presentation/edit/components/filters/FiltersSelector.kt,Kotlin,Jetpack Compose,androidx.compose; @Composable; Column(; Modifier.; MaterialTheme,https://github.com/IacobIonut01/Gallery/blob/HEAD/app/src/main/kotlin/com/dot/gallery/feature_node/presentation/edit/components/filters/FiltersSelector.kt
IacobIonut01/Gallery,app/src/main/kotlin/com/dot/gallery/feature_node/presentation/edit/components/markup/ColorBars.kt,Kotlin,Jetpack Compose,androidx.compose; @Composable; rememberCoroutineScope; remember {; Modifier.,https://github.com/IacobIonut01/Gallery/blob/HEAD/app/src/main/kotlin/com/dot/gallery/feature_node/presentation/edit/components/markup/ColorBars.kt
IacobIonut01/Gallery,app/src/main/kotlin/com/dot/gallery/feature_node/presentation/edit/components/markup/MarkupColorSelector.kt,Kotlin,Jetpack Compose,androidx.compose; @Composable; Modifier.,https://github.com/IacobIonut01/Gallery/blob/HEAD/app/src/main/kotlin/com/dot/gallery/feature_node/presentation/edit/components/markup/MarkupColorSelector.kt
IacobIonut01/Gallery,app/src/main/kotlin/com/dot/gallery/feature_node/presentation/edit/components/markup/MarkupPainter.kt,Kotlin,Jetpack Compose,androidx.compose; @Composable; rememberCoroutineScope; remember {; androidx.activity.compose,https://github.com/IacobIonut01/Gallery/blob/HEAD/app/src/main/kotlin/com/dot/gallery/feature_node/presentation/edit/components/markup/MarkupPainter.kt
IacobIonut01/Gallery,app/src/main/kotlin/com/dot/gallery/feature_node/presentation/edit/components/markup/MarkupPathPreview.kt,Kotlin,Jetpack Compose,androidx.compose; @Composable,https://github.com/IacobIonut01/Gallery/blob/HEAD/app/src/main/kotlin/com/dot/gallery/feature_node/presentation/edit/components/markup/MarkupPathPreview.kt
IacobIonut01/Gallery,app/src/main/kotlin/com/dot/gallery/feature_node/presentation/edit/components/markup/MarkupSelector.kt,Kotlin,Jetpack Compose,androidx.compose; @Composable; Modifier.,https://github.com/IacobIonut01/Gallery/blob/HEAD/app/src/main/kotlin/com/dot/gallery/feature_node/presentation/edit/components/markup/MarkupSelector.kt
IacobIonut01/Gallery,app/src/main/kotlin/com/dot/gallery/feature_node/presentation/edit/components/markup/MarkupSizeSelector.kt,Kotlin,Jetpack Compose,androidx.compose; @Composable; remember {; Box(,https://github.com/IacobIonut01/Gallery/blob/HEAD/app/src/main/kotlin/com/dot/gallery/feature_node/presentation/edit/components/markup/MarkupSizeSelector.kt
IacobIonut01/Gallery,app/src/main/kotlin/com/dot/gallery/feature_node/presentation/edit/utils/awaitDragMotionEvent.kt,Kotlin,Jetpack Compose,androidx.compose; Modifier.,https://github.com/IacobIonut01/Gallery/blob/HEAD/app/src/main/kotlin/com/dot/gallery/feature_node/presentation/edit/utils/awaitDragMotionEvent.kt
IacobIonut01/Gallery,app/src/main/kotlin/com/dot/gallery/feature_node/presentation/exif/AddAlbumSheet.kt,Kotlin,Jetpack Compose,androidx.compose; @Composable; rememberCoroutineScope; remember {; Column(; Modifier.; MaterialTheme; androidx.activity.compose,https://github.com/IacobIonut01/Gallery/blob/HEAD/app/src/main/kotlin/com/dot/gallery/feature_node/presentation/exif/AddAlbumSheet.kt
IacobIonut01/Gallery,app/src/main/kotlin/com/dot/gallery/feature_node/presentation/exif/CopyMediaSheet.kt,Kotlin,Jetpack Compose,androidx.compose; @Composable; rememberCoroutineScope; LaunchedEffect; Column(; Box(; Modifier.; MaterialTheme,https://github.com/IacobIonut01/Gallery/blob/HEAD/app/src/main/kotlin/com/dot/gallery/feature_node/presentation/exif/CopyMediaSheet.kt
IacobIonut01/Gallery,app/src/main/kotlin/com/dot/gallery/feature_node/presentation/exif/MetadataEditSheet.kt,Kotlin,Jetpack Compose,androidx.compose; @Composable; rememberCoroutineScope; Column(; Row(; Modifier.; MaterialTheme,https://github.com/IacobIonut01/Gallery/blob/HEAD/app/src/main/kotlin/com/dot/gallery/feature_node/presentation/exif/MetadataEditSheet.kt
IacobIonut01/Gallery,app/src/main/kotlin/com/dot/gallery/feature_node/presentation/exif/MoveMediaSheet.kt,Kotlin,Jetpack Compose,androidx.compose; @Composable; rememberCoroutineScope; Column(; Modifier.; MaterialTheme,https://github.com/IacobIonut01/Gallery/blob/HEAD/app/src/main/kotlin/com/dot/gallery/feature_node/presentation/exif/MoveMediaSheet.kt
IacobIonut01/Gallery,app/src/main/kotlin/com/dot/gallery/feature_node/presentation/favorites/FavoriteScreen.kt,Kotlin,Jetpack Compose,androidx.compose; @Composable,https://github.com/IacobIonut01/Gallery/blob/HEAD/app/src/main/kotlin/com/dot/gallery/feature_node/presentation/favorites/FavoriteScreen.kt
IacobIonut01/Gallery,app/src/main/kotlin/com/dot/gallery/feature_node/presentation/favorites/components/EmptyFavorites.kt,Kotlin,Jetpack Compose,androidx.compose; @Composable; Column(; MaterialTheme,https://github.com/IacobIonut01/Gallery/blob/HEAD/app/src/main/kotlin/com/dot/gallery/feature_node/presentation/favorites/components/EmptyFavorites.kt
IacobIonut01/Gallery,app/src/main/kotlin/com/dot/gallery/feature_node/presentation/favorites/components/FavoriteNavActions.kt,Kotlin,Jetpack Compose,androidx.compose; @Composable; rememberCoroutineScope; MaterialTheme,https://github.com/IacobIonut01/Gallery/blob/HEAD/app/src/main/kotlin/com/dot/gallery/feature_node/presentation/favorites/components/FavoriteNavActions.kt
IacobIonut01/Gallery,app/src/main/kotlin/com/dot/gallery/feature_node/presentation/ignored/IgnoredScreen.kt,Kotlin,Jetpack Compose,androidx.compose; @Composable; Scaffold(; Column(; Box(; LazyColumn(; Modifier.; MaterialTheme,https://github.com/IacobIonut01/Gallery/blob/HEAD/app/src/main/kotlin/com/dot/gallery/feature_node/presentation/ignored/IgnoredScreen.kt
IacobIonut01/Gallery,app/src/main/kotlin/com/dot/gallery/feature_node/presentation/ignored/IgnoredState.kt,Kotlin,Jetpack Compose,androidx.compose,https://github.com/IacobIonut01/Gallery/blob/HEAD/app/src/main/kotlin/com/dot/gallery/feature_node/presentation/ignored/IgnoredState.kt
IacobIonut01/Gallery,app/src/main/kotlin/com/dot/gallery/feature_node/presentation/ignored/setup/IgnoredSetup.kt,Kotlin,Jetpack Compose,androidx.compose; @Composable; LaunchedEffect; Modifier.,https://github.com/IacobIonut01/Gallery/blob/HEAD/app/src/main/kotlin/com/dot/gallery/feature_node/presentation/ignored/setup/IgnoredSetup.kt
IacobIonut01/Gallery,app/src/main/kotlin/com/dot/gallery/feature_node/presentation/ignored/setup/IgnoredSetupViewModel.kt,Kotlin,Jetpack Compose,androidx.compose,https://github.com/IacobIonut01/Gallery/blob/HEAD/app/src/main/kotlin/com/dot/gallery/feature_node/presentation/ignored/setup/IgnoredSetupViewModel.kt
IacobIonut01/Gallery,app/src/main/kotlin/com/dot/gallery/feature_node/presentation/ignored/setup/SelectAlbumSheet.kt,Kotlin,Jetpack Compose,androidx.compose; @Composable; rememberCoroutineScope; Column(; Modifier.; MaterialTheme,https://github.com/IacobIonut01/Gallery/blob/HEAD/app/src/main/kotlin/com/dot/gallery/feature_node/presentation/ignored/setup/SelectAlbumSheet.kt
IacobIonut01/Gallery,app/src/main/kotlin/com/dot/gallery/feature_node/presentation/ignored/setup/screens/SetupConfirmationScreen.kt,Kotlin,Jetpack Compose,androidx.compose; @Composable; MaterialTheme,https://github.com/IacobIonut01/Gallery/blob/HEAD/app/src/main/kotlin/com/dot/gallery/feature_node/presentation/ignored/setup/screens/SetupConfirmationScreen.kt
IacobIonut01/Gallery,app/src/main/kotlin/com/dot/gallery/feature_node/presentation/ignored/setup/screens/SetupLabelScreen.kt,Kotlin,Jetpack Compose,androidx.compose; @Composable; remember {; LaunchedEffect; Modifier.; MaterialTheme,https://github.com/IacobIonut01/Gallery/blob/HEAD/app/src/main/kotlin/com/dot/gallery/feature_node/presentation/ignored/setup/screens/SetupLabelScreen.kt
IacobIonut01/Gallery,app/src/main/kotlin/com/dot/gallery/feature_node/presentation/ignored/setup/screens/SetupLocationScreen.kt,Kotlin,Jetpack Compose,androidx.compose; @Composable; remember {; LaunchedEffect; Row(; Modifier.; MaterialTheme,https://github.com/IacobIonut01/Gallery/blob/HEAD/app/src/main/kotlin/com/dot/gallery/feature_node/presentation/ignored/setup/screens/SetupLocationScreen.kt
IacobIonut01/Gallery,app/src/main/kotlin/com/dot/gallery/feature_node/presentation/ignored/setup/screens/SetupTypeRegexScreen.kt,Kotlin,Jetpack Compose,androidx.compose; @Composable; remember {; LaunchedEffect; Modifier.; MaterialTheme,https://github.com/IacobIonut01/Gallery/blob/HEAD/app/src/main/kotlin/com/dot/gallery/feature_node/presentation/ignored/setup/screens/SetupTypeRegexScreen.kt
IacobIonut01/Gallery,app/src/main/kotlin/com/dot/gallery/feature_node/presentation/ignored/setup/screens/SetupTypeSelectionScreen.kt,Kotlin,Jetpack Compose,androidx.compose; @Composable; rememberCoroutineScope; remember {; LaunchedEffect; Column(; Box(; Modifier.; MaterialTheme,https://github.com/IacobIonut01/Gallery/blob/HEAD/app/src/main/kotlin/com/dot/gallery/feature_node/presentation/ignored/setup/screens/SetupTypeSelectionScreen.kt
IacobIonut01/Gallery,app/src/main/kotlin/com/dot/gallery/feature_node/presentation/library/LibraryScreen.kt,Kotlin,Jetpack Compose,androidx.compose; @Composable; remember {; LaunchedEffect; Scaffold(; Column(; Row(; Box(; LazyRow(; Modifier.,https://github.com/IacobIonut01/Gallery/blob/HEAD/app/src/main/kotlin/com/dot/gallery/feature_node/presentation/library/LibraryScreen.kt
IacobIonut01/Gallery,app/src/main/kotlin/com/dot/gallery/feature_node/presentation/library/components/LibrarySmallItem.kt,Kotlin,Jetpack Compose,androidx.compose; @Composable; Modifier.; MaterialTheme,https://github.com/IacobIonut01/Gallery/blob/HEAD/app/src/main/kotlin/com/dot/gallery/feature_node/presentation/library/components/LibrarySmallItem.kt
IacobIonut01/Gallery,app/src/main/kotlin/com/dot/gallery/feature_node/presentation/library/components/dashedBorder.kt,Kotlin,Jetpack Compose,androidx.compose; Modifier.,https://github.com/IacobIonut01/Gallery/blob/HEAD/app/src/main/kotlin/com/dot/gallery/feature_node/presentation/library/components/dashedBorder.kt
IacobIonut01/Gallery,app/src/main/kotlin/com/dot/gallery/feature_node/presentation/location/LocationTimelineScreen.kt,Kotlin,Jetpack Compose,androidx.compose; @Composable; remember {; LaunchedEffect; Scaffold(; Box(; Modifier.; MaterialTheme,https://github.com/IacobIonut01/Gallery/blob/HEAD/app/src/main/kotlin/com/dot/gallery/feature_node/presentation/location/LocationTimelineScreen.kt
IacobIonut01/Gallery,app/src/main/kotlin/com/dot/gallery/feature_node/presentation/main/MainActivity.kt,Kotlin,Jetpack Compose,androidx.compose; setContent {; remember {; LaunchedEffect; Scaffold(; Modifier.; MaterialTheme; androidx.activity.compose,https://github.com/IacobIonut01/Gallery/blob/HEAD/app/src/main/kotlin/com/dot/gallery/feature_node/presentation/main/MainActivity.kt
IacobIonut01/Gallery,app/src/main/kotlin/com/dot/gallery/feature_node/presentation/mediaview/MediaViewScreen.kt,Kotlin,Jetpack Compose,androidx.compose; @Composable; rememberCoroutineScope; remember {; LaunchedEffect; Column(; Row(; Box(; Modifier.; androidx.activity.compose,https://github.com/IacobIonut01/Gallery/blob/HEAD/app/src/main/kotlin/com/dot/gallery/feature_node/presentation/mediaview/MediaViewScreen.kt
IacobIonut01/Gallery,app/src/main/kotlin/com/dot/gallery/feature_node/presentation/mediaview/components/DateHeader.kt,Kotlin,Jetpack Compose,androidx.compose; @Composable; MaterialTheme,https://github.com/IacobIonut01/Gallery/blob/HEAD/app/src/main/kotlin/com/dot/gallery/feature_node/presentation/mediaview/components/DateHeader.kt
IacobIonut01/Gallery,app/src/main/kotlin/com/dot/gallery/feature_node/presentation/mediaview/components/LocationItem.kt,Kotlin,Jetpack Compose,androidx.compose; @Composable; Column(; Row(; Modifier.; MaterialTheme,https://github.com/IacobIonut01/Gallery/blob/HEAD/app/src/main/kotlin/com/dot/gallery/feature_node/presentation/mediaview/components/LocationItem.kt
IacobIonut01/Gallery,app/src/main/kotlin/com/dot/gallery/feature_node/presentation/mediaview/components/MediaInfo.kt,Kotlin,Jetpack Compose,androidx.compose; @Composable; rememberCoroutineScope; Row(,https://github.com/IacobIonut01/Gallery/blob/HEAD/app/src/main/kotlin/com/dot/gallery/feature_node/presentation/mediaview/components/MediaInfo.kt
IacobIonut01/Gallery,app/src/main/kotlin/com/dot/gallery/feature_node/presentation/mediaview/components/MediaInfoChip.kt,Kotlin,Jetpack Compose,androidx.compose; @Composable; Modifier.; MaterialTheme,https://github.com/IacobIonut01/Gallery/blob/HEAD/app/src/main/kotlin/com/dot/gallery/feature_node/presentation/mediaview/components/MediaInfoChip.kt
IacobIonut01/Gallery,app/src/main/kotlin/com/dot/gallery/feature_node/presentation/mediaview/components/MediaViewAppBar.kt,Kotlin,Jetpack Compose,androidx.compose; @Composable; Column(; Row(; Box(; Modifier.; MaterialTheme,https://github.com/IacobIonut01/Gallery/blob/HEAD/app/src/main/kotlin/com/dot/gallery/feature_node/presentation/mediaview/components/MediaViewAppBar.kt
IacobIonut01/Gallery,app/src/main/kotlin/com/dot/gallery/feature_node/presentation/mediaview/components/MediaViewQuickBottomBar.kt,Kotlin,Jetpack Compose,androidx.compose; @Composable; rememberCoroutineScope; LaunchedEffect,https://github.com/IacobIonut01/Gallery/blob/HEAD/app/src/main/kotlin/com/dot/gallery/feature_node/presentation/mediaview/components/MediaViewQuickBottomBar.kt
IacobIonut01/Gallery,app/src/main/kotlin/com/dot/gallery/feature_node/presentation/mediaview/components/MediaViewSheetActions.kt,Kotlin,Jetpack Compose,androidx.compose; @Composable; Row(,https://github.com/IacobIonut01/Gallery/blob/HEAD/app/src/main/kotlin/com/dot/gallery/feature_node/presentation/mediaview/components/MediaViewSheetActions.kt
IacobIonut01/Gallery,app/src/main/kotlin/com/dot/gallery/feature_node/presentation/mediaview/components/MediaViewSheetDetails.kt,Kotlin,Jetpack Compose,androidx.compose; @Composable; rememberCoroutineScope; remember {; LaunchedEffect; Column(; Row(; LazyColumn(; Modifier.; MaterialTheme,https://github.com/IacobIonut01/Gallery/blob/HEAD/app/src/main/kotlin/com/dot/gallery/feature_node/presentation/mediaview/components/MediaViewSheetDetails.kt
IacobIonut01/Gallery,app/src/main/kotlin/com/dot/gallery/feature_node/presentation/mediaview/components/actionbuttons/CopyButton.kt,Kotlin,Jetpack Compose,androidx.compose; @Composable; rememberCoroutineScope,https://github.com/IacobIonut01/Gallery/blob/HEAD/app/src/main/kotlin/com/dot/gallery/feature_node/presentation/mediaview/components/actionbuttons/CopyButton.kt
IacobIonut01/Gallery,app/src/main/kotlin/com/dot/gallery/feature_node/presentation/mediaview/components/actionbuttons/EditButton.kt,Kotlin,Jetpack Compose,androidx.compose; @Composable,https://github.com/IacobIonut01/Gallery/blob/HEAD/app/src/main/kotlin/com/dot/gallery/feature_node/presentation/mediaview/components/actionbuttons/EditButton.kt
IacobIonut01/Gallery,app/src/main/kotlin/com/dot/gallery/feature_node/presentation/mediaview/components/actionbuttons/FavoriteButton.kt,Kotlin,Jetpack Compose,androidx.compose; @Composable; rememberCoroutineScope,https://github.com/IacobIonut01/Gallery/blob/HEAD/app/src/main/kotlin/com/dot/gallery/feature_node/presentation/mediaview/components/actionbuttons/FavoriteButton.kt
IacobIonut01/Gallery,app/src/main/kotlin/com/dot/gallery/feature_node/presentation/mediaview/components/actionbuttons/HideButton.kt,Kotlin,Jetpack Compose,androidx.compose; @Composable; rememberCoroutineScope; LaunchedEffect,https://github.com/IacobIonut01/Gallery/blob/HEAD/app/src/main/kotlin/com/dot/gallery/feature_node/presentation/mediaview/components/actionbuttons/HideButton.kt
IacobIonut01/Gallery,app/src/main/kotlin/com/dot/gallery/feature_node/presentation/mediaview/components/actionbuttons/MediaViewButton.kt,Kotlin,Jetpack Compose,androidx.compose; @Composable; Column(; Modifier.; MaterialTheme,https://github.com/IacobIonut01/Gallery/blob/HEAD/app/src/main/kotlin/com/dot/gallery/feature_node/presentation/mediaview/components/actionbuttons/MediaViewButton.kt
IacobIonut01/Gallery,app/src/main/kotlin/com/dot/gallery/feature_node/presentation/mediaview/components/actionbuttons/MoveButton.kt,Kotlin,Jetpack Compose,androidx.compose; @Composable; rememberCoroutineScope,https://github.com/IacobIonut01/Gallery/blob/HEAD/app/src/main/kotlin/com/dot/gallery/feature_node/presentation/mediaview/components/actionbuttons/MoveButton.kt
IacobIonut01/Gallery,app/src/main/kotlin/com/dot/gallery/feature_node/presentation/mediaview/components/actionbuttons/OpenAsButton.kt,Kotlin,Jetpack Compose,androidx.compose; @Composable; rememberCoroutineScope,https://github.com/IacobIonut01/Gallery/blob/HEAD/app/src/main/kotlin/com/dot/gallery/feature_node/presentation/mediaview/components/actionbuttons/OpenAsButton.kt
IacobIonut01/Gallery,app/src/main/kotlin/com/dot/gallery/feature_node/presentation/mediaview/components/actionbuttons/RestoreButton.kt,Kotlin,Jetpack Compose,androidx.compose; @Composable; rememberCoroutineScope,https://github.com/IacobIonut01/Gallery/blob/HEAD/app/src/main/kotlin/com/dot/gallery/feature_node/presentation/mediaview/components/actionbuttons/RestoreButton.kt
IacobIonut01/Gallery,app/src/main/kotlin/com/dot/gallery/feature_node/presentation/mediaview/components/actionbuttons/ShareButton.kt,Kotlin,Jetpack Compose,androidx.compose; @Composable; rememberCoroutineScope,https://github.com/IacobIonut01/Gallery/blob/HEAD/app/src/main/kotlin/com/dot/gallery/feature_node/presentation/mediaview/components/actionbuttons/ShareButton.kt
IacobIonut01/Gallery,app/src/main/kotlin/com/dot/gallery/feature_node/presentation/mediaview/components/actionbuttons/TrashButton.kt,Kotlin,Jetpack Compose,androidx.compose; @Composable; rememberCoroutineScope,https://github.com/IacobIonut01/Gallery/blob/HEAD/app/src/main/kotlin/com/dot/gallery/feature_node/presentation/mediaview/components/actionbuttons/TrashButton.kt
IacobIonut01/Gallery,app/src/main/kotlin/com/dot/gallery/feature_node/presentation/mediaview/components/media/MediaPreviewComponent.kt,Kotlin,Jetpack Compose,androidx.compose; @Composable; Box(; Modifier.,https://github.com/IacobIonut01/Gallery/blob/HEAD/app/src/main/kotlin/com/dot/gallery/feature_node/presentation/mediaview/components/media/MediaPreviewComponent.kt
IacobIonut01/Gallery,app/src/main/kotlin/com/dot/gallery/feature_node/presentation/mediaview/components/media/ZoomablePagerImage.kt,Kotlin,Jetpack Compose,androidx.compose; @Composable; rememberCoroutineScope; remember {; LaunchedEffect,https://github.com/IacobIonut01/Gallery/blob/HEAD/app/src/main/kotlin/com/dot/gallery/feature_node/presentation/mediaview/components/media/ZoomablePagerImage.kt
IacobIonut01/Gallery,app/src/main/kotlin/com/dot/gallery/feature_node/presentation/mediaview/components/video/VideoDurationHeader.kt,Kotlin,Jetpack Compose,androidx.compose; @Composable; Row(; Modifier.; MaterialTheme,https://github.com/IacobIonut01/Gallery/blob/HEAD/app/src/main/kotlin/com/dot/gallery/feature_node/presentation/mediaview/components/video/VideoDurationHeader.kt
IacobIonut01/Gallery,app/src/main/kotlin/com/dot/gallery/feature_node/presentation/mediaview/components/video/VideoPlayer.kt,Kotlin,Jetpack Compose,androidx.compose; @Composable; remember {; LaunchedEffect; Box(; Surface(; Modifier.; MaterialTheme,https://github.com/IacobIonut01/Gallery/blob/HEAD/app/src/main/kotlin/com/dot/gallery/feature_node/presentation/mediaview/components/video/VideoPlayer.kt
IacobIonut01/Gallery,app/src/main/kotlin/com/dot/gallery/feature_node/presentation/mediaview/components/video/VideoPlayerController.kt,Kotlin,Jetpack Compose,androidx.compose; @Composable; rememberCoroutineScope; remember {; LaunchedEffect; Column(; Row(; Box(; Modifier.; MaterialTheme,https://github.com/IacobIonut01/Gallery/blob/HEAD/app/src/main/kotlin/com/dot/gallery/feature_node/presentation/mediaview/components/video/VideoPlayerController.kt
IacobIonut01/Gallery,app/src/main/kotlin/com/dot/gallery/feature_node/presentation/picker/PickerActivity.kt,Kotlin,Jetpack Compose,androidx.compose; @Composable; setContent {; LaunchedEffect; Scaffold(; Column(; androidx.activity.compose,https://github.com/IacobIonut01/Gallery/blob/HEAD/app/src/main/kotlin/com/dot/gallery/feature_node/presentation/picker/PickerActivity.kt
IacobIonut01/Gallery,app/src/main/kotlin/com/dot/gallery/feature_node/presentation/picker/components/PickerMediaScreen.kt,Kotlin,Jetpack Compose,androidx.compose; @Composable; rememberCoroutineScope; remember {; LaunchedEffect; Modifier.,https://github.com/IacobIonut01/Gallery/blob/HEAD/app/src/main/kotlin/com/dot/gallery/feature_node/presentation/picker/components/PickerMediaScreen.kt
IacobIonut01/Gallery,app/src/main/kotlin/com/dot/gallery/feature_node/presentation/picker/components/PickerScreen.kt,Kotlin,Jetpack Compose,androidx.compose; @Composable; rememberCoroutineScope; remember {; Row(; Box(; LazyRow(; Modifier.; MaterialTheme; androidx.activity.compose,https://github.com/IacobIonut01/Gallery/blob/HEAD/app/src/main/kotlin/com/dot/gallery/feature_node/presentation/picker/components/PickerScreen.kt
IacobIonut01/Gallery,app/src/main/kotlin/com/dot/gallery/feature_node/presentation/search/MainSearchBar.kt,Kotlin,Jetpack Compose,androidx.compose; @Composable; remember {; LaunchedEffect; Row(; Box(; Modifier.; MaterialTheme,https://github.com/IacobIonut01/Gallery/blob/HEAD/app/src/main/kotlin/com/dot/gallery/feature_node/presentation/search/MainSearchBar.kt
IacobIonut01/Gallery,app/src/main/kotlin/com/dot/gallery/feature_node/presentation/search/SearchScreen.kt,Kotlin,Jetpack Compose,androidx.compose; @Composable; LaunchedEffect; Scaffold(; Column(; Row(; Box(; LazyColumn(; Modifier.; MaterialTheme,https://github.com/IacobIonut01/Gallery/blob/HEAD/app/src/main/kotlin/com/dot/gallery/feature_node/presentation/search/SearchScreen.kt
IacobIonut01/Gallery,app/src/main/kotlin/com/dot/gallery/feature_node/presentation/search/SearchViewModel.kt,Kotlin,Jetpack Compose,androidx.compose,https://github.com/IacobIonut01/Gallery/blob/HEAD/app/src/main/kotlin/com/dot/gallery/feature_node/presentation/search/SearchViewModel.kt
IacobIonut01/Gallery,app/src/main/kotlin/com/dot/gallery/feature_node/presentation/settings/SettingsScreen.kt,Kotlin,Jetpack Compose,androidx.compose; @Composable; MaterialTheme,https://github.com/IacobIonut01/Gallery/blob/HEAD/app/src/main/kotlin/com/dot/gallery/feature_node/presentation/settings/SettingsScreen.kt
IacobIonut01/Gallery,app/src/main/kotlin/com/dot/gallery/feature_node/presentation/settings/components/AppHeader.kt,Kotlin,Jetpack Compose,androidx.compose; @Composable; rememberCoroutineScope; remember {; Column(; Row(; Modifier.; MaterialTheme,https://github.com/IacobIonut01/Gallery/blob/HEAD/app/src/main/kotlin/com/dot/gallery/feature_node/presentation/settings/components/AppHeader.kt
IacobIonut01/Gallery,app/src/main/kotlin/com/dot/gallery/feature_node/presentation/settings/components/BaseSettingsScreen.kt,Kotlin,Jetpack Compose,androidx.compose; @Composable; Scaffold(; Column(; LazyColumn(; Modifier.; MaterialTheme,https://github.com/IacobIonut01/Gallery/blob/HEAD/app/src/main/kotlin/com/dot/gallery/feature_node/presentation/settings/components/BaseSettingsScreen.kt
IacobIonut01/Gallery,app/src/main/kotlin/com/dot/gallery/feature_node/presentation/settings/components/SettingsExt.kt,Kotlin,Jetpack Compose,androidx.compose; @Composable,https://github.com/IacobIonut01/Gallery/blob/HEAD/app/src/main/kotlin/com/dot/gallery/feature_node/presentation/settings/components/SettingsExt.kt
IacobIonut01/Gallery,app/src/main/kotlin/com/dot/gallery/feature_node/presentation/settings/components/SettingsItems.kt,Kotlin,Jetpack Compose,androidx.compose; @Composable; remember {; Column(; Modifier.; MaterialTheme,https://github.com/IacobIonut01/Gallery/blob/HEAD/app/src/main/kotlin/com/dot/gallery/feature_node/presentation/settings/components/SettingsItems.kt
IacobIonut01/Gallery,app/src/main/kotlin/com/dot/gallery/feature_node/presentation/settings/subsettings/SettingsCustomizationScreen.kt,Kotlin,Jetpack Compose,androidx.compose; @Composable; rememberCoroutineScope; remember {; Column(; MaterialTheme,https://github.com/IacobIonut01/Gallery/blob/HEAD/app/src/main/kotlin/com/dot/gallery/feature_node/presentation/settings/subsettings/SettingsCustomizationScreen.kt
IacobIonut01/Gallery,app/src/main/kotlin/com/dot/gallery/feature_node/presentation/settings/subsettings/SettingsGeneralScreen.kt,Kotlin,Jetpack Compose,androidx.compose; @Composable,https://github.com/IacobIonut01/Gallery/blob/HEAD/app/src/main/kotlin/com/dot/gallery/feature_node/presentation/settings/subsettings/SettingsGeneralScreen.kt
IacobIonut01/Gallery,app/src/main/kotlin/com/dot/gallery/feature_node/presentation/settings/subsettings/SettingsSmartFeaturesScreen.kt,Kotlin,Jetpack Compose,androidx.compose; @Composable,https://github.com/IacobIonut01/Gallery/blob/HEAD/app/src/main/kotlin/com/dot/gallery/feature_node/presentation/settings/subsettings/SettingsSmartFeaturesScreen.kt
IacobIonut01/Gallery,app/src/main/kotlin/com/dot/gallery/feature_node/presentation/settings/subsettings/SettingsThemesScreen.kt,Kotlin,Jetpack Compose,androidx.compose; @Composable,https://github.com/IacobIonut01/Gallery/blob/HEAD/app/src/main/kotlin/com/dot/gallery/feature_node/presentation/settings/subsettings/SettingsThemesScreen.kt
IacobIonut01/Gallery,app/src/main/kotlin/com/dot/gallery/feature_node/presentation/setup/SetupScreen.kt,Kotlin,Jetpack Compose,androidx.compose; @Composable; rememberCoroutineScope; remember {; LaunchedEffect; MaterialTheme,https://github.com/IacobIonut01/Gallery/blob/HEAD/app/src/main/kotlin/com/dot/gallery/feature_node/presentation/setup/SetupScreen.kt
IacobIonut01/Gallery,app/src/main/kotlin/com/dot/gallery/feature_node/presentation/standalone/StandaloneActivity.kt,Kotlin,Jetpack Compose,androidx.compose; setContent {; remember {; LaunchedEffect; Scaffold(; Modifier.; MaterialTheme; androidx.activity.compose,https://github.com/IacobIonut01/Gallery/blob/HEAD/app/src/main/kotlin/com/dot/gallery/feature_node/presentation/standalone/StandaloneActivity.kt
IacobIonut01/Gallery,app/src/main/kotlin/com/dot/gallery/feature_node/presentation/support/SupportSheet.kt,Kotlin,Jetpack Compose,androidx.compose; @Composable; rememberCoroutineScope; remember {; Column(; Modifier.; MaterialTheme; androidx.activity.compose,https://github.com/IacobIonut01/Gallery/blob/HEAD/app/src/main/kotlin/com/dot/gallery/feature_node/presentation/support/SupportSheet.kt
IacobIonut01/Gallery,app/src/main/kotlin/com/dot/gallery/feature_node/presentation/thumbnail/ThumbnailChangerScreen.kt,Kotlin,Jetpack Compose,androidx.compose; @Composable; Box(,https://github.com/IacobIonut01/Gallery/blob/HEAD/app/src/main/kotlin/com/dot/gallery/feature_node/presentation/thumbnail/ThumbnailChangerScreen.kt
IacobIonut01/Gallery,app/src/main/kotlin/com/dot/gallery/feature_node/presentation/timeline/TimelineScreen.kt,Kotlin,Jetpack Compose,androidx.compose; @Composable; LaunchedEffect; Scaffold(; Box(; Modifier.,https://github.com/IacobIonut01/Gallery/blob/HEAD/app/src/main/kotlin/com/dot/gallery/feature_node/presentation/timeline/TimelineScreen.kt
IacobIonut01/Gallery,app/src/main/kotlin/com/dot/gallery/feature_node/presentation/timeline/components/TimelineNavActions.kt,Kotlin,Jetpack Compose,androidx.compose; @Composable; remember {; Modifier.; MaterialTheme,https://github.com/IacobIonut01/Gallery/blob/HEAD/app/src/main/kotlin/com/dot/gallery/feature_node/presentation/timeline/components/TimelineNavActions.kt
IacobIonut01/Gallery,app/src/main/kotlin/com/dot/gallery/feature_node/presentation/trashed/TrashedScreen.kt,Kotlin,Jetpack Compose,androidx.compose; @Composable,https://github.com/IacobIonut01/Gallery/blob/HEAD/app/src/main/kotlin/com/dot/gallery/feature_node/presentation/trashed/TrashedScreen.kt
IacobIonut01/Gallery,app/src/main/kotlin/com/dot/gallery/feature_node/presentation/trashed/components/AutoDeleteFooter.kt,Kotlin,Jetpack Compose,androidx.compose; @Composable; Row(; Modifier.; MaterialTheme,https://github.com/IacobIonut01/Gallery/blob/HEAD/app/src/main/kotlin/com/dot/gallery/feature_node/presentation/trashed/components/AutoDeleteFooter.kt
IacobIonut01/Gallery,app/src/main/kotlin/com/dot/gallery/feature_node/presentation/trashed/components/EmptyTrash.kt,Kotlin,Jetpack Compose,androidx.compose; @Composable; Column(; MaterialTheme,https://github.com/IacobIonut01/Gallery/blob/HEAD/app/src/main/kotlin/com/dot/gallery/feature_node/presentation/trashed/components/EmptyTrash.kt
IacobIonut01/Gallery,app/src/main/kotlin/com/dot/gallery/feature_node/presentation/trashed/components/TrashDialog.kt,Kotlin,Jetpack Compose,androidx.compose; @Composable; rememberCoroutineScope; remember {; LaunchedEffect; Column(; Row(; Box(; LazyRow(; Modifier.,https://github.com/IacobIonut01/Gallery/blob/HEAD/app/src/main/kotlin/com/dot/gallery/feature_node/presentation/trashed/components/TrashDialog.kt
IacobIonut01/Gallery,app/src/main/kotlin/com/dot/gallery/feature_node/presentation/trashed/components/TrashedNavActions.kt,Kotlin,Jetpack Compose,androidx.compose; @Composable; rememberCoroutineScope; MaterialTheme; androidx.activity.compose,https://github.com/IacobIonut01/Gallery/blob/HEAD/app/src/main/kotlin/com/dot/gallery/feature_node/presentation/trashed/components/TrashedNavActions.kt
IacobIonut01/Gallery,app/src/main/kotlin/com/dot/gallery/feature_node/presentation/util/AppBottomSheetState.kt,Kotlin,Jetpack Compose,androidx.compose; @Composable,https://github.com/IacobIonut01/Gallery/blob/HEAD/app/src/main/kotlin/com/dot/gallery/feature_node/presentation/util/AppBottomSheetState.kt
IacobIonut01/Gallery,app/src/main/kotlin/com/dot/gallery/feature_node/presentation/util/ContextExt.kt,Kotlin,Mixed (Compose + Android Views),androidx.compose; @Composable; rememberCoroutineScope; remember {; androidx.activity.compose; android.view.View,https://github.com/IacobIonut01/Gallery/blob/HEAD/app/src/main/kotlin/com/dot/gallery/feature_node/presentation/util/ContextExt.kt
IacobIonut01/Gallery,app/src/main/kotlin/com/dot/gallery/feature_node/presentation/util/DateExt.kt,Kotlin,Jetpack Compose,androidx.compose,https://github.com/IacobIonut01/Gallery/blob/HEAD/app/src/main/kotlin/com/dot/gallery/feature_node/presentation/util/DateExt.kt
IacobIonut01/Gallery,app/src/main/kotlin/com/dot/gallery/feature_node/presentation/util/FileUtils.kt,Kotlin,Jetpack Compose,Column(,https://github.com/IacobIonut01/Gallery/blob/HEAD/app/src/main/kotlin/com/dot/gallery/feature_node/presentation/util/FileUtils.kt
IacobIonut01/Gallery,app/src/main/kotlin/com/dot/gallery/feature_node/presentation/util/Geolocation.kt,Kotlin,Jetpack Compose,androidx.compose; @Composable,https://github.com/IacobIonut01/Gallery/blob/HEAD/app/src/main/kotlin/com/dot/gallery/feature_node/presentation/util/Geolocation.kt
IacobIonut01/Gallery,app/src/main/kotlin/com/dot/gallery/feature_node/presentation/util/ImageUtils.kt,Kotlin,Jetpack Compose,androidx.compose; @Composable; androidx.activity.compose,https://github.com/IacobIonut01/Gallery/blob/HEAD/app/src/main/kotlin/com/dot/gallery/feature_node/presentation/util/ImageUtils.kt
IacobIonut01/Gallery,app/src/main/kotlin/com/dot/gallery/feature_node/presentation/util/IntExt.kt,Kotlin,Jetpack Compose,androidx.compose,https://github.com/IacobIonut01/Gallery/blob/HEAD/app/src/main/kotlin/com/dot/gallery/feature_node/presentation/util/IntExt.kt
IacobIonut01/Gallery,app/src/main/kotlin/com/dot/gallery/feature_node/presentation/util/LocalHazeState.kt,Kotlin,Jetpack Compose,androidx.compose,https://github.com/IacobIonut01/Gallery/blob/HEAD/app/src/main/kotlin/com/dot/gallery/feature_node/presentation/util/LocalHazeState.kt
IacobIonut01/Gallery,app/src/main/kotlin/com/dot/gallery/feature_node/presentation/util/MockedProviders.kt,Kotlin,Jetpack Compose,androidx.compose; @Composable,https://github.com/IacobIonut01/Gallery/blob/HEAD/app/src/main/kotlin/com/dot/gallery/feature_node/presentation/util/MockedProviders.kt
IacobIonut01/Gallery,app/src/main/kotlin/com/dot/gallery/feature_node/presentation/util/ModifierExt.kt,Kotlin,Jetpack Compose,androidx.compose; Modifier.,https://github.com/IacobIonut01/Gallery/blob/HEAD/app/src/main/kotlin/com/dot/gallery/feature_node/presentation/util/ModifierExt.kt
IacobIonut01/Gallery,app/src/main/kotlin/com/dot/gallery/feature_node/presentation/util/MultiSelectExt.kt,Kotlin,Jetpack Compose,androidx.compose; Modifier.,https://github.com/IacobIonut01/Gallery/blob/HEAD/app/src/main/kotlin/com/dot/gallery/feature_node/presentation/util/MultiSelectExt.kt
IacobIonut01/Gallery,app/src/main/kotlin/com/dot/gallery/feature_node/presentation/util/NavigationItem.kt,Kotlin,Jetpack Compose,androidx.compose,https://github.com/IacobIonut01/Gallery/blob/HEAD/app/src/main/kotlin/com/dot/gallery/feature_node/presentation/util/NavigationItem.kt
IacobIonut01/Gallery,app/src/main/kotlin/com/dot/gallery/feature_node/presentation/util/NetworkExt.kt,Kotlin,Jetpack Compose,androidx.compose; @Composable,https://github.com/IacobIonut01/Gallery/blob/HEAD/app/src/main/kotlin/com/dot/gallery/feature_node/presentation/util/NetworkExt.kt
IacobIonut01/Gallery,app/src/main/kotlin/com/dot/gallery/feature_node/presentation/util/SharedElementsExt.kt,Kotlin,Jetpack Compose,androidx.compose; @Composable; Modifier.,https://github.com/IacobIonut01/Gallery/blob/HEAD/app/src/main/kotlin/com/dot/gallery/feature_node/presentation/util/SharedElementsExt.kt
IacobIonut01/Gallery,app/src/main/kotlin/com/dot/gallery/feature_node/presentation/util/StateExt.kt,Kotlin,Jetpack Compose,androidx.compose; @Composable; LaunchedEffect,https://github.com/IacobIonut01/Gallery/blob/HEAD/app/src/main/kotlin/com/dot/gallery/feature_node/presentation/util/StateExt.kt
IacobIonut01/Gallery,app/src/main/kotlin/com/dot/gallery/feature_node/presentation/util/ViewScreenConstants.kt,Kotlin,Jetpack Compose,androidx.compose,https://github.com/IacobIonut01/Gallery/blob/HEAD/app/src/main/kotlin/com/dot/gallery/feature_node/presentation/util/ViewScreenConstants.kt
IacobIonut01/Gallery,app/src/main/kotlin/com/dot/gallery/feature_node/presentation/vault/VaultDisplay.kt,Kotlin,Jetpack Compose,androidx.compose; @Composable; rememberCoroutineScope; remember {; LaunchedEffect; Scaffold(; Row(; Box(; Modifier.; MaterialTheme,https://github.com/IacobIonut01/Gallery/blob/HEAD/app/src/main/kotlin/com/dot/gallery/feature_node/presentation/vault/VaultDisplay.kt
IacobIonut01/Gallery,app/src/main/kotlin/com/dot/gallery/feature_node/presentation/vault/VaultScreen.kt,Kotlin,Jetpack Compose,androidx.compose; @Composable; remember {; LaunchedEffect; Box(; Modifier.,https://github.com/IacobIonut01/Gallery/blob/HEAD/app/src/main/kotlin/com/dot/gallery/feature_node/presentation/vault/VaultScreen.kt
IacobIonut01/Gallery,app/src/main/kotlin/com/dot/gallery/feature_node/presentation/vault/VaultSetup.kt,Kotlin,Jetpack Compose,androidx.compose; @Composable; remember {; Column(; Modifier.; MaterialTheme,https://github.com/IacobIonut01/Gallery/blob/HEAD/app/src/main/kotlin/com/dot/gallery/feature_node/presentation/vault/VaultSetup.kt
IacobIonut01/Gallery,app/src/main/kotlin/com/dot/gallery/feature_node/presentation/vault/VaultViewModel.kt,Kotlin,Jetpack Compose,androidx.compose,https://github.com/IacobIonut01/Gallery/blob/HEAD/app/src/main/kotlin/com/dot/gallery/feature_node/presentation/vault/VaultViewModel.kt
IacobIonut01/Gallery,app/src/main/kotlin/com/dot/gallery/feature_node/presentation/vault/components/DeleteVaultSheet.kt,Kotlin,Jetpack Compose,androidx.compose; @Composable; rememberCoroutineScope; Column(; Row(; MaterialTheme,https://github.com/IacobIonut01/Gallery/blob/HEAD/app/src/main/kotlin/com/dot/gallery/feature_node/presentation/vault/components/DeleteVaultSheet.kt
IacobIonut01/Gallery,app/src/main/kotlin/com/dot/gallery/feature_node/presentation/vault/components/NewVaultSheet.kt,Kotlin,Jetpack Compose,androidx.compose; @Composable; rememberCoroutineScope; Column(; Row(; MaterialTheme,https://github.com/IacobIonut01/Gallery/blob/HEAD/app/src/main/kotlin/com/dot/gallery/feature_node/presentation/vault/components/NewVaultSheet.kt
IacobIonut01/Gallery,app/src/main/kotlin/com/dot/gallery/feature_node/presentation/vault/components/RestoreVaultSheet.kt,Kotlin,Jetpack Compose,androidx.compose; @Composable; rememberCoroutineScope; Column(; Row(; MaterialTheme,https://github.com/IacobIonut01/Gallery/blob/HEAD/app/src/main/kotlin/com/dot/gallery/feature_node/presentation/vault/components/RestoreVaultSheet.kt
IacobIonut01/Gallery,app/src/main/kotlin/com/dot/gallery/feature_node/presentation/vault/components/SelectVaultSheet.kt,Kotlin,Jetpack Compose,androidx.compose; @Composable; rememberCoroutineScope; Column(; Modifier.; MaterialTheme,https://github.com/IacobIonut01/Gallery/blob/HEAD/app/src/main/kotlin/com/dot/gallery/feature_node/presentation/vault/components/SelectVaultSheet.kt
IacobIonut01/Gallery,app/src/main/kotlin/com/dot/gallery/feature_node/presentation/vault/utils/BiometricManagerExt.kt,Kotlin,Jetpack Compose,androidx.compose; @Composable; remember {,https://github.com/IacobIonut01/Gallery/blob/HEAD/app/src/main/kotlin/com/dot/gallery/feature_node/presentation/vault/utils/BiometricManagerExt.kt
IacobIonut01/Gallery,app/src/main/kotlin/com/dot/gallery/ui/ComposeInitializer.kt,Kotlin,Jetpack Compose,androidx.compose; setContent {; ComposeView; remember {; Scaffold(; Modifier.,https://github.com/IacobIonut01/Gallery/blob/HEAD/app/src/main/kotlin/com/dot/gallery/ui/ComposeInitializer.kt
IacobIonut01/Gallery,app/src/main/kotlin/com/dot/gallery/ui/core/icons/Albums.kt,Kotlin,Jetpack Compose,androidx.compose,https://github.com/IacobIonut01/Gallery/blob/HEAD/app/src/main/kotlin/com/dot/gallery/ui/core/icons/Albums.kt
IacobIonut01/Gallery,app/src/main/kotlin/com/dot/gallery/ui/core/icons/Encrypted.kt,Kotlin,Jetpack Compose,androidx.compose,https://github.com/IacobIonut01/Gallery/blob/HEAD/app/src/main/kotlin/com/dot/gallery/ui/core/icons/Encrypted.kt
IacobIonut01/Gallery,app/src/main/kotlin/com/dot/gallery/ui/core/icons/Face.kt,Kotlin,Jetpack Compose,androidx.compose,https://github.com/IacobIonut01/Gallery/blob/HEAD/app/src/main/kotlin/com/dot/gallery/ui/core/icons/Face.kt
IacobIonut01/Gallery,app/src/main/kotlin/com/dot/gallery/ui/core/icons/InkHighlighter.kt,Kotlin,Jetpack Compose,androidx.compose,https://github.com/IacobIonut01/Gallery/blob/HEAD/app/src/main/kotlin/com/dot/gallery/ui/core/icons/InkHighlighter.kt
IacobIonut01/Gallery,app/src/main/kotlin/com/dot/gallery/ui/core/icons/InkMarker.kt,Kotlin,Jetpack Compose,androidx.compose,https://github.com/IacobIonut01/Gallery/blob/HEAD/app/src/main/kotlin/com/dot/gallery/ui/core/icons/InkMarker.kt
IacobIonut01/Gallery,app/src/main/kotlin/com/dot/gallery/ui/core/icons/Ink_eraser.kt,Kotlin,Jetpack Compose,androidx.compose,https://github.com/IacobIonut01/Gallery/blob/HEAD/app/src/main/kotlin/com/dot/gallery/ui/core/icons/Ink_eraser.kt
IacobIonut01/Gallery,app/src/main/kotlin/com/dot/gallery/ui/core/icons/NoImage.kt,Kotlin,Jetpack Compose,androidx.compose,https://github.com/IacobIonut01/Gallery/blob/HEAD/app/src/main/kotlin/com/dot/gallery/ui/core/icons/NoImage.kt
IacobIonut01/Gallery,app/src/main/kotlin/com/dot/gallery/ui/core/icons/RegularExpression.kt,Kotlin,Jetpack Compose,androidx.compose,https://github.com/IacobIonut01/Gallery/blob/HEAD/app/src/main/kotlin/com/dot/gallery/ui/core/icons/RegularExpression.kt
IacobIonut01/Gallery,app/src/main/kotlin/com/dot/gallery/ui/core/icons/Star.kt,Kotlin,Jetpack Compose,androidx.compose,https://github.com/IacobIonut01/Gallery/blob/HEAD/app/src/main/kotlin/com/dot/gallery/ui/core/icons/Star.kt
IacobIonut01/Gallery,app/src/main/kotlin/com/dot/gallery/ui/core/icons/Stylus.kt,Kotlin,Jetpack Compose,androidx.compose,https://github.com/IacobIonut01/Gallery/blob/HEAD/app/src/main/kotlin/com/dot/gallery/ui/core/icons/Stylus.kt
IacobIonut01/Gallery,app/src/main/kotlin/com/dot/gallery/ui/theme/Color.kt,Kotlin,Jetpack Compose,androidx.compose,https://github.com/IacobIonut01/Gallery/blob/HEAD/app/src/main/kotlin/com/dot/gallery/ui/theme/Color.kt
IacobIonut01/Gallery,app/src/main/kotlin/com/dot/gallery/ui/theme/Dimens.kt,Kotlin,Jetpack Compose,androidx.compose,https://github.com/IacobIonut01/Gallery/blob/HEAD/app/src/main/kotlin/com/dot/gallery/ui/theme/Dimens.kt
IacobIonut01/Gallery,app/src/main/kotlin/com/dot/gallery/ui/theme/Shape.kt,Kotlin,Jetpack Compose,androidx.compose,https://github.com/IacobIonut01/Gallery/blob/HEAD/app/src/main/kotlin/com/dot/gallery/ui/theme/Shape.kt
IacobIonut01/Gallery,app/src/main/kotlin/com/dot/gallery/ui/theme/Theme.kt,Kotlin,Jetpack Compose,androidx.compose; @Composable; remember {; MaterialTheme,https://github.com/IacobIonut01/Gallery/blob/HEAD/app/src/main/kotlin/com/dot/gallery/ui/theme/Theme.kt
IacobIonut01/Gallery,app/src/main/kotlin/com/dot/gallery/ui/theme/Type.kt,Kotlin,Jetpack Compose,androidx.compose,https://github.com/IacobIonut01/Gallery/blob/HEAD/app/src/main/kotlin/com/dot/gallery/ui/theme/Type.kt
IacobIonut01/Gallery,app/src/main/res/drawable/ic_donate.xml,XML,Android Views,xmlns:android=,https://github.com/IacobIonut01/Gallery/blob/HEAD/app/src/main/res/drawable/ic_donate.xml
IacobIonut01/Gallery,app/src/main/res/drawable/ic_gallery_thumbnail.xml,XML,Android Views,xmlns:android=,https://github.com/IacobIonut01/Gallery/blob/HEAD/app/src/main/res/drawable/ic_gallery_thumbnail.xml
IacobIonut01/Gallery,app/src/main/res/drawable/ic_github.xml,XML,Android Views,xmlns:android=,https://github.com/IacobIonut01/Gallery/blob/HEAD/app/src/main/res/drawable/ic_github.xml
IacobIonut01/Gallery,app/src/main/res/drawable/ic_launcher_foreground.xml,XML,Android Views,xmlns:android=,https://github.com/IacobIonut01/Gallery/blob/HEAD/app/src/main/res/drawable/ic_launcher_foreground.xml
IacobIonut01/Gallery,app/src/main/res/drawable/ic_launcher_foreground_monochrome.xml,XML,Android Views,xmlns:android=,https://github.com/IacobIonut01/Gallery/blob/HEAD/app/src/main/res/drawable/ic_launcher_foreground_monochrome.xml
IacobIonut01/Gallery,app/src/main/res/drawable/ic_media_manage.xml,XML,Android Views,xmlns:android=,https://github.com/IacobIonut01/Gallery/blob/HEAD/app/src/main/res/drawable/ic_media_manage.xml
IacobIonut01/Gallery,app/src/main/res/drawable/ic_remove.xml,XML,Android Views,xmlns:android=,https://github.com/IacobIonut01/Gallery/blob/HEAD/app/src/main/res/drawable/ic_remove.xml
IacobIonut01/Gallery,app/src/main/res/drawable/ic_scroll_arrow.xml,XML,Android Views,xmlns:android=,https://github.com/IacobIonut01/Gallery/blob/HEAD/app/src/main/res/drawable/ic_scroll_arrow.xml
IacobIonut01/Gallery,app/src/main/res/drawable/ic_vault.xml,XML,Android Views,xmlns:android=,https://github.com/IacobIonut01/Gallery/blob/HEAD/app/src/main/res/drawable/ic_vault.xml
IacobIonut01/Gallery,app/src/main/res/drawable/monochrome_icon.xml,XML,Android Views,xmlns:android=,https://github.com/IacobIonut01/Gallery/blob/HEAD/app/src/main/res/drawable/monochrome_icon.xml
IacobIonut01/Gallery,app/src/main/res/drawable/rounded_border_tv.xml,XML,Android Views,xmlns:android=,https://github.com/IacobIonut01/Gallery/blob/HEAD/app/src/main/res/drawable/rounded_border_tv.xml
IacobIonut01/Gallery,app/src/main/res/layout/album_pin_frame.xml,XML,Android Views,xmlns:android=; android:layout_width; <LinearLayout; <TextView; <ImageView,https://github.com/IacobIonut01/Gallery/blob/HEAD/app/src/main/res/layout/album_pin_frame.xml
IacobIonut01/Gallery,app/src/main/res/layout/view_photo_editor_image.xml,XML,Android Views,xmlns:android=; android:layout_width; <FrameLayout; <ImageView,https://github.com/IacobIonut01/Gallery/blob/HEAD/app/src/main/res/layout/view_photo_editor_image.xml
IacobIonut01/Gallery,app/src/main/res/layout/view_photo_editor_text.xml,XML,Android Views,xmlns:android=; android:layout_width; <FrameLayout; <TextView; <ImageView,https://github.com/IacobIonut01/Gallery/blob/HEAD/app/src/main/res/layout/view_photo_editor_text.xml
IacobIonut01/Gallery,app/src/main/res/mipmap/ic_launcher.xml,XML,Android Views,xmlns:android=,https://github.com/IacobIonut01/Gallery/blob/HEAD/app/src/main/res/mipmap/ic_launcher.xml
IacobIonut01/Gallery,app/src/main/res/mipmap/ic_launcher_round.xml,XML,Android Views,xmlns:android=,https://github.com/IacobIonut01/Gallery/blob/HEAD/app/src/main/res/mipmap/ic_launcher_round.xml
IacobIonut01/Gallery,app/src/main/res/xml/backup_rules.xml,XML,Android Views,<include,https://github.com/IacobIonut01/Gallery/blob/HEAD/app/src/main/res/xml/backup_rules.xml
IacobIonut01/Gallery,app/src/main/res/xml/data_extraction_rules.xml,XML,Android Views,<include,https://github.com/IacobIonut01/Gallery/blob/HEAD/app/src/main/res/xml/data_extraction_rules.xml
IacobIonut01/Gallery,libs/cropper/src/main/java/com/smarttoolfactory/cropper/CropModifier.kt,Kotlin,Jetpack Compose,androidx.compose; rememberCoroutineScope; remember {; LaunchedEffect; Modifier.,https://github.com/IacobIonut01/Gallery/blob/HEAD/libs/cropper/src/main/java/com/smarttoolfactory/cropper/CropModifier.kt
IacobIonut01/Gallery,libs/cropper/src/main/java/com/smarttoolfactory/cropper/ImageCropper.kt,Kotlin,Jetpack Compose,androidx.compose; @Composable; remember {; LaunchedEffect; Box(; Modifier.,https://github.com/IacobIonut01/Gallery/blob/HEAD/libs/cropper/src/main/java/com/smarttoolfactory/cropper/ImageCropper.kt
IacobIonut01/Gallery,libs/cropper/src/main/java/com/smarttoolfactory/cropper/crop/CropAgent.kt,Kotlin,Jetpack Compose,androidx.compose,https://github.com/IacobIonut01/Gallery/blob/HEAD/libs/cropper/src/main/java/com/smarttoolfactory/cropper/crop/CropAgent.kt
IacobIonut01/Gallery,libs/cropper/src/main/java/com/smarttoolfactory/cropper/draw/ImageDrawCanvas.kt,Kotlin,Jetpack Compose,androidx.compose; @Composable,https://github.com/IacobIonut01/Gallery/blob/HEAD/libs/cropper/src/main/java/com/smarttoolfactory/cropper/draw/ImageDrawCanvas.kt
IacobIonut01/Gallery,libs/cropper/src/main/java/com/smarttoolfactory/cropper/draw/Overlay.kt,Kotlin,Jetpack Compose,androidx.compose; @Composable; remember {,https://github.com/IacobIonut01/Gallery/blob/HEAD/libs/cropper/src/main/java/com/smarttoolfactory/cropper/draw/Overlay.kt
IacobIonut01/Gallery,libs/cropper/src/main/java/com/smarttoolfactory/cropper/image/ImageScope.kt,Kotlin,Jetpack Compose,androidx.compose; @Composable,https://github.com/IacobIonut01/Gallery/blob/HEAD/libs/cropper/src/main/java/com/smarttoolfactory/cropper/image/ImageScope.kt
IacobIonut01/Gallery,libs/cropper/src/main/java/com/smarttoolfactory/cropper/image/ImageWithConstraints.kt,Kotlin,Jetpack Compose,androidx.compose; @Composable; Modifier.,https://github.com/IacobIonut01/Gallery/blob/HEAD/libs/cropper/src/main/java/com/smarttoolfactory/cropper/image/ImageWithConstraints.kt
IacobIonut01/Gallery,libs/cropper/src/main/java/com/smarttoolfactory/cropper/model/CropAspectRatio.kt,Kotlin,Jetpack Compose,androidx.compose,https://github.com/IacobIonut01/Gallery/blob/HEAD/libs/cropper/src/main/java/com/smarttoolfactory/cropper/model/CropAspectRatio.kt
IacobIonut01/Gallery,libs/cropper/src/main/java/com/smarttoolfactory/cropper/model/CropData.kt,Kotlin,Jetpack Compose,androidx.compose,https://github.com/IacobIonut01/Gallery/blob/HEAD/libs/cropper/src/main/java/com/smarttoolfactory/cropper/model/CropData.kt
IacobIonut01/Gallery,libs/cropper/src/main/java/com/smarttoolfactory/cropper/model/CropFrame.kt,Kotlin,Jetpack Compose,androidx.compose,https://github.com/IacobIonut01/Gallery/blob/HEAD/libs/cropper/src/main/java/com/smarttoolfactory/cropper/model/CropFrame.kt
IacobIonut01/Gallery,libs/cropper/src/main/java/com/smarttoolfactory/cropper/model/CropOutline.kt,Kotlin,Jetpack Compose,androidx.compose,https://github.com/IacobIonut01/Gallery/blob/HEAD/libs/cropper/src/main/java/com/smarttoolfactory/cropper/model/CropOutline.kt
IacobIonut01/Gallery,libs/cropper/src/main/java/com/smarttoolfactory/cropper/model/CropOutlineProperties.kt,Kotlin,Jetpack Compose,androidx.compose,https://github.com/IacobIonut01/Gallery/blob/HEAD/libs/cropper/src/main/java/com/smarttoolfactory/cropper/model/CropOutlineProperties.kt
IacobIonut01/Gallery,libs/cropper/src/main/java/com/smarttoolfactory/cropper/settings/CropDefaults.kt,Kotlin,Jetpack Compose,androidx.compose; Modifier.,https://github.com/IacobIonut01/Gallery/blob/HEAD/libs/cropper/src/main/java/com/smarttoolfactory/cropper/settings/CropDefaults.kt
IacobIonut01/Gallery,libs/cropper/src/main/java/com/smarttoolfactory/cropper/settings/CropFrameFactory.kt,Kotlin,Jetpack Compose,androidx.compose,https://github.com/IacobIonut01/Gallery/blob/HEAD/libs/cropper/src/main/java/com/smarttoolfactory/cropper/settings/CropFrameFactory.kt
IacobIonut01/Gallery,libs/cropper/src/main/java/com/smarttoolfactory/cropper/settings/Paths.kt,Kotlin,Jetpack Compose,androidx.compose,https://github.com/IacobIonut01/Gallery/blob/HEAD/libs/cropper/src/main/java/com/smarttoolfactory/cropper/settings/Paths.kt
IacobIonut01/Gallery,libs/cropper/src/main/java/com/smarttoolfactory/cropper/state/CropState.kt,Kotlin,Jetpack Compose,androidx.compose; @Composable,https://github.com/IacobIonut01/Gallery/blob/HEAD/libs/cropper/src/main/java/com/smarttoolfactory/cropper/state/CropState.kt
IacobIonut01/Gallery,libs/cropper/src/main/java/com/smarttoolfactory/cropper/state/CropStateImpl.kt,Kotlin,Jetpack Compose,androidx.compose,https://github.com/IacobIonut01/Gallery/blob/HEAD/libs/cropper/src/main/java/com/smarttoolfactory/cropper/state/CropStateImpl.kt
IacobIonut01/Gallery,libs/cropper/src/main/java/com/smarttoolfactory/cropper/state/DynamicCropState.kt,Kotlin,Jetpack Compose,androidx.compose,https://github.com/IacobIonut01/Gallery/blob/HEAD/libs/cropper/src/main/java/com/smarttoolfactory/cropper/state/DynamicCropState.kt
IacobIonut01/Gallery,libs/cropper/src/main/java/com/smarttoolfactory/cropper/state/StaticCropState.kt,Kotlin,Jetpack Compose,androidx.compose,https://github.com/IacobIonut01/Gallery/blob/HEAD/libs/cropper/src/main/java/com/smarttoolfactory/cropper/state/StaticCropState.kt
IacobIonut01/Gallery,libs/cropper/src/main/java/com/smarttoolfactory/cropper/state/TransformState.kt,Kotlin,Jetpack Compose,androidx.compose,https://github.com/IacobIonut01/Gallery/blob/HEAD/libs/cropper/src/main/java/com/smarttoolfactory/cropper/state/TransformState.kt
IacobIonut01/Gallery,libs/cropper/src/main/java/com/smarttoolfactory/cropper/ui/theme/Color.kt,Kotlin,Jetpack Compose,androidx.compose,https://github.com/IacobIonut01/Gallery/blob/HEAD/libs/cropper/src/main/java/com/smarttoolfactory/cropper/ui/theme/Color.kt
IacobIonut01/Gallery,libs/cropper/src/main/java/com/smarttoolfactory/cropper/util/DrawScopeUtils.kt,Kotlin,Jetpack Compose,androidx.compose; Modifier.,https://github.com/IacobIonut01/Gallery/blob/HEAD/libs/cropper/src/main/java/com/smarttoolfactory/cropper/util/DrawScopeUtils.kt
IacobIonut01/Gallery,libs/cropper/src/main/java/com/smarttoolfactory/cropper/util/ImageContentScaleUtil.kt,Kotlin,Jetpack Compose,androidx.compose,https://github.com/IacobIonut01/Gallery/blob/HEAD/libs/cropper/src/main/java/com/smarttoolfactory/cropper/util/ImageContentScaleUtil.kt
IacobIonut01/Gallery,libs/cropper/src/main/java/com/smarttoolfactory/cropper/util/OffsetUtil.kt,Kotlin,Jetpack Compose,androidx.compose,https://github.com/IacobIonut01/Gallery/blob/HEAD/libs/cropper/src/main/java/com/smarttoolfactory/cropper/util/OffsetUtil.kt
IacobIonut01/Gallery,libs/cropper/src/main/java/com/smarttoolfactory/cropper/util/ShapeUtils.kt,Kotlin,Jetpack Compose,androidx.compose,https://github.com/IacobIonut01/Gallery/blob/HEAD/libs/cropper/src/main/java/com/smarttoolfactory/cropper/util/ShapeUtils.kt
IacobIonut01/Gallery,libs/cropper/src/main/java/com/smarttoolfactory/cropper/util/ZoomUtil.kt,Kotlin,Jetpack Compose,androidx.compose,https://github.com/IacobIonut01/Gallery/blob/HEAD/libs/cropper/src/main/java/com/smarttoolfactory/cropper/util/ZoomUtil.kt
IacobIonut01/Gallery,libs/cropper/src/main/java/com/smarttoolfactory/cropper/widget/AspectRatioSlectionCard.kt,Kotlin,Jetpack Compose,androidx.compose; @Composable; Column(; Box(; MaterialTheme,https://github.com/IacobIonut01/Gallery/blob/HEAD/libs/cropper/src/main/java/com/smarttoolfactory/cropper/widget/AspectRatioSlectionCard.kt
IacobIonut01/Gallery,libs/cropper/src/main/java/com/smarttoolfactory/cropper/widget/CropFrameDisplayCard.kt,Kotlin,Jetpack Compose,androidx.compose; @Composable; remember {; Column(; Box(; MaterialTheme,https://github.com/IacobIonut01/Gallery/blob/HEAD/libs/cropper/src/main/java/com/smarttoolfactory/cropper/widget/CropFrameDisplayCard.kt
IacobIonut01/Gallery,libs/cropper/src/main/java/com/smarttoolfactory/cropper/widget/GridImageLayout.kt,Kotlin,Jetpack Compose,androidx.compose; @Composable; Box(,https://github.com/IacobIonut01/Gallery/blob/HEAD/libs/cropper/src/main/java/com/smarttoolfactory/cropper/widget/GridImageLayout.kt
IacobIonut01/Gallery,libs/gesture/src/main/java/com/smarttoolfactory/gesture/AwaitPointerMotionEvent.kt,Kotlin,Jetpack Compose,androidx.compose,https://github.com/IacobIonut01/Gallery/blob/HEAD/libs/gesture/src/main/java/com/smarttoolfactory/gesture/AwaitPointerMotionEvent.kt
IacobIonut01/Gallery,libs/gesture/src/main/java/com/smarttoolfactory/gesture/PointerMotionModifier.kt,Kotlin,Jetpack Compose,androidx.compose; Modifier.,https://github.com/IacobIonut01/Gallery/blob/HEAD/libs/gesture/src/main/java/com/smarttoolfactory/gesture/PointerMotionModifier.kt
IacobIonut01/Gallery,libs/gesture/src/main/java/com/smarttoolfactory/gesture/TouchDelegateModifier.kt,Kotlin,Jetpack Compose,androidx.compose; remember {; Modifier.,https://github.com/IacobIonut01/Gallery/blob/HEAD/libs/gesture/src/main/java/com/smarttoolfactory/gesture/TouchDelegateModifier.kt
IacobIonut01/Gallery,libs/gesture/src/main/java/com/smarttoolfactory/gesture/TransformGesture.kt,Kotlin,Jetpack Compose,androidx.compose,https://github.com/IacobIonut01/Gallery/blob/HEAD/libs/gesture/src/main/java/com/smarttoolfactory/gesture/TransformGesture.kt
mozilla-mobile/fenix,app/lint-baseline.xml,XML,Android Views,xmlns:android=,https://github.com/mozilla-mobile/fenix/blob/HEAD/app/lint-baseline.xml
mozilla-mobile/fenix,app/src/androidTest/java/org/mozilla/fenix/helpers/HomeActivityTestRule.kt,Kotlin,Android Views,android.view.View,https://github.com/mozilla-mobile/fenix/blob/HEAD/app/src/androidTest/java/org/mozilla/fenix/helpers/HomeActivityTestRule.kt
mozilla-mobile/fenix,app/src/androidTest/java/org/mozilla/fenix/helpers/Matchers.kt,Kotlin,Android Views,android.view.View; android.view.ViewGroup,https://github.com/mozilla-mobile/fenix/blob/HEAD/app/src/androidTest/java/org/mozilla/fenix/helpers/Matchers.kt
mozilla-mobile/fenix,app/src/androidTest/java/org/mozilla/fenix/helpers/TestHelper.kt,Kotlin,Android Views,android.view.View,https://github.com/mozilla-mobile/fenix/blob/HEAD/app/src/androidTest/java/org/mozilla/fenix/helpers/TestHelper.kt
mozilla-mobile/fenix,app/src/androidTest/java/org/mozilla/fenix/helpers/ViewVisibilityIdlingResource.kt,Kotlin,Android Views,android.view.View,https://github.com/mozilla-mobile/fenix/blob/HEAD/app/src/androidTest/java/org/mozilla/fenix/helpers/ViewVisibilityIdlingResource.kt
mozilla-mobile/fenix,app/src/androidTest/java/org/mozilla/fenix/helpers/idlingresource/AddonsLoadingIdlingResource.kt,Kotlin,Android Views,findViewById; android.view.View,https://github.com/mozilla-mobile/fenix/blob/HEAD/app/src/androidTest/java/org/mozilla/fenix/helpers/idlingresource/AddonsLoadingIdlingResource.kt
mozilla-mobile/fenix,app/src/androidTest/java/org/mozilla/fenix/helpers/idlingresource/BottomSheetBehaviorStateIdlingResource.kt,Kotlin,Android Views,android.view.View,https://github.com/mozilla-mobile/fenix/blob/HEAD/app/src/androidTest/java/org/mozilla/fenix/helpers/idlingresource/BottomSheetBehaviorStateIdlingResource.kt
mozilla-mobile/fenix,app/src/androidTest/java/org/mozilla/fenix/helpers/matchers/BitmapDrawableMatcher.kt,Kotlin,Android Views,android.widget.ImageView; android.view.View,https://github.com/mozilla-mobile/fenix/blob/HEAD/app/src/androidTest/java/org/mozilla/fenix/helpers/matchers/BitmapDrawableMatcher.kt
mozilla-mobile/fenix,app/src/androidTest/java/org/mozilla/fenix/helpers/matchers/BottomSheetBehaviorMatchers.kt,Kotlin,Android Views,android.view.View,https://github.com/mozilla-mobile/fenix/blob/HEAD/app/src/androidTest/java/org/mozilla/fenix/helpers/matchers/BottomSheetBehaviorMatchers.kt
mozilla-mobile/fenix,app/src/androidTest/java/org/mozilla/fenix/helpers/matchers/RecyclerViewItemMatcher.kt,Kotlin,Android Views,android.view.View,https://github.com/mozilla-mobile/fenix/blob/HEAD/app/src/androidTest/java/org/mozilla/fenix/helpers/matchers/RecyclerViewItemMatcher.kt
mozilla-mobile/fenix,app/src/androidTest/java/org/mozilla/fenix/perf/StartupExcessiveResourceUseTest.kt,Kotlin,Android Views,findViewById; android.view.View; android.view.ViewGroup,https://github.com/mozilla-mobile/fenix/blob/HEAD/app/src/androidTest/java/org/mozilla/fenix/perf/StartupExcessiveResourceUseTest.kt
mozilla-mobile/fenix,app/src/androidTest/java/org/mozilla/fenix/syncintegration/SyncIntegrationTest.kt,Kotlin,Android Views,android.widget.EditText,https://github.com/mozilla-mobile/fenix/blob/HEAD/app/src/androidTest/java/org/mozilla/fenix/syncintegration/SyncIntegrationTest.kt
mozilla-mobile/fenix,app/src/androidTest/java/org/mozilla/fenix/ui/AddressAutofillTest.kt,Kotlin,Jetpack Compose,Box(,https://github.com/mozilla-mobile/fenix/blob/HEAD/app/src/androidTest/java/org/mozilla/fenix/ui/AddressAutofillTest.kt
mozilla-mobile/fenix,app/src/androidTest/java/org/mozilla/fenix/ui/BookmarksTest.kt,Kotlin,Mixed (Compose + Android Views),Box(; findViewById,https://github.com/mozilla-mobile/fenix/blob/HEAD/app/src/androidTest/java/org/mozilla/fenix/ui/BookmarksTest.kt
mozilla-mobile/fenix,app/src/androidTest/java/org/mozilla/fenix/ui/CollectionTest.kt,Kotlin,Jetpack Compose,androidx.compose,https://github.com/mozilla-mobile/fenix/blob/HEAD/app/src/androidTest/java/org/mozilla/fenix/ui/CollectionTest.kt
mozilla-mobile/fenix,app/src/androidTest/java/org/mozilla/fenix/ui/CrashReportingTest.kt,Kotlin,Jetpack Compose,androidx.compose,https://github.com/mozilla-mobile/fenix/blob/HEAD/app/src/androidTest/java/org/mozilla/fenix/ui/CrashReportingTest.kt
mozilla-mobile/fenix,app/src/androidTest/java/org/mozilla/fenix/ui/HistoryTest.kt,Kotlin,Android Views,findViewById,https://github.com/mozilla-mobile/fenix/blob/HEAD/app/src/androidTest/java/org/mozilla/fenix/ui/HistoryTest.kt
mozilla-mobile/fenix,app/src/androidTest/java/org/mozilla/fenix/ui/HomeScreenTest.kt,Kotlin,Jetpack Compose,androidx.compose,https://github.com/mozilla-mobile/fenix/blob/HEAD/app/src/androidTest/java/org/mozilla/fenix/ui/HomeScreenTest.kt
mozilla-mobile/fenix,app/src/androidTest/java/org/mozilla/fenix/ui/OnboardingFeaturesTest.kt,Kotlin,Jetpack Compose,androidx.compose,https://github.com/mozilla-mobile/fenix/blob/HEAD/app/src/androidTest/java/org/mozilla/fenix/ui/OnboardingFeaturesTest.kt
mozilla-mobile/fenix,app/src/androidTest/java/org/mozilla/fenix/ui/ReaderViewTest.kt,Kotlin,Android Views,findViewById; android.view.View,https://github.com/mozilla-mobile/fenix/blob/HEAD/app/src/androidTest/java/org/mozilla/fenix/ui/ReaderViewTest.kt
mozilla-mobile/fenix,app/src/androidTest/java/org/mozilla/fenix/ui/SearchTest.kt,Kotlin,Jetpack Compose,androidx.compose,https://github.com/mozilla-mobile/fenix/blob/HEAD/app/src/androidTest/java/org/mozilla/fenix/ui/SearchTest.kt
mozilla-mobile/fenix,app/src/androidTest/java/org/mozilla/fenix/ui/SettingsAddonsTest.kt,Kotlin,Android Views,findViewById; android.view.View,https://github.com/mozilla-mobile/fenix/blob/HEAD/app/src/androidTest/java/org/mozilla/fenix/ui/SettingsAddonsTest.kt
mozilla-mobile/fenix,app/src/androidTest/java/org/mozilla/fenix/ui/SettingsBasicsTest.kt,Kotlin,Mixed (Compose + Android Views),Box(; findViewById,https://github.com/mozilla-mobile/fenix/blob/HEAD/app/src/androidTest/java/org/mozilla/fenix/ui/SettingsBasicsTest.kt
mozilla-mobile/fenix,app/src/androidTest/java/org/mozilla/fenix/ui/SettingsPrivacyTest.kt,Kotlin,Jetpack Compose,Box(,https://github.com/mozilla-mobile/fenix/blob/HEAD/app/src/androidTest/java/org/mozilla/fenix/ui/SettingsPrivacyTest.kt
mozilla-mobile/fenix,app/src/androidTest/java/org/mozilla/fenix/ui/SettingsSearchTest.kt,Kotlin,Mixed (Compose + Android Views),androidx.compose; findViewById,https://github.com/mozilla-mobile/fenix/blob/HEAD/app/src/androidTest/java/org/mozilla/fenix/ui/SettingsSearchTest.kt
mozilla-mobile/fenix,app/src/androidTest/java/org/mozilla/fenix/ui/SmokeTest.kt,Kotlin,Mixed (Compose + Android Views),androidx.compose; findViewById; android.view.View,https://github.com/mozilla-mobile/fenix/blob/HEAD/app/src/androidTest/java/org/mozilla/fenix/ui/SmokeTest.kt
mozilla-mobile/fenix,app/src/androidTest/java/org/mozilla/fenix/ui/SponsoredShortcutsTest.kt,Kotlin,Jetpack Compose,Box(,https://github.com/mozilla-mobile/fenix/blob/HEAD/app/src/androidTest/java/org/mozilla/fenix/ui/SponsoredShortcutsTest.kt
mozilla-mobile/fenix,app/src/androidTest/java/org/mozilla/fenix/ui/robots/BookmarksRobot.kt,Kotlin,Jetpack Compose,Box(,https://github.com/mozilla-mobile/fenix/blob/HEAD/app/src/androidTest/java/org/mozilla/fenix/ui/robots/BookmarksRobot.kt
mozilla-mobile/fenix,app/src/androidTest/java/org/mozilla/fenix/ui/robots/BrowserRobot.kt,Kotlin,Jetpack Compose,Box(,https://github.com/mozilla-mobile/fenix/blob/HEAD/app/src/androidTest/java/org/mozilla/fenix/ui/robots/BrowserRobot.kt
mozilla-mobile/fenix,app/src/androidTest/java/org/mozilla/fenix/ui/robots/CollectionRobot.kt,Kotlin,Jetpack Compose,androidx.compose,https://github.com/mozilla-mobile/fenix/blob/HEAD/app/src/androidTest/java/org/mozilla/fenix/ui/robots/CollectionRobot.kt
mozilla-mobile/fenix,app/src/androidTest/java/org/mozilla/fenix/ui/robots/HomeScreenRobot.kt,Kotlin,Mixed (Compose + Android Views),androidx.compose; android.widget.TextView; android.widget.EditText; RecyclerView.ViewHolder; android.view.View,https://github.com/mozilla-mobile/fenix/blob/HEAD/app/src/androidTest/java/org/mozilla/fenix/ui/robots/HomeScreenRobot.kt
mozilla-mobile/fenix,app/src/androidTest/java/org/mozilla/fenix/ui/robots/LibrarySubMenusMultipleSelectionToolbarRobot.kt,Kotlin,Android Views,android.widget.TextView,https://github.com/mozilla-mobile/fenix/blob/HEAD/app/src/androidTest/java/org/mozilla/fenix/ui/robots/LibrarySubMenusMultipleSelectionToolbarRobot.kt
mozilla-mobile/fenix,app/src/androidTest/java/org/mozilla/fenix/ui/robots/NavigationToolbarRobot.kt,Kotlin,Android Views,RecyclerView.ViewHolder,https://github.com/mozilla-mobile/fenix/blob/HEAD/app/src/androidTest/java/org/mozilla/fenix/ui/robots/NavigationToolbarRobot.kt
mozilla-mobile/fenix,app/src/androidTest/java/org/mozilla/fenix/ui/robots/SearchRobot.kt,Kotlin,Jetpack Compose,androidx.compose,https://github.com/mozilla-mobile/fenix/blob/HEAD/app/src/androidTest/java/org/mozilla/fenix/ui/robots/SearchRobot.kt
mozilla-mobile/fenix,app/src/androidTest/java/org/mozilla/fenix/ui/robots/SettingsRobot.kt,Kotlin,Android Views,RecyclerView.ViewHolder,https://github.com/mozilla-mobile/fenix/blob/HEAD/app/src/androidTest/java/org/mozilla/fenix/ui/robots/SettingsRobot.kt
mozilla-mobile/fenix,app/src/androidTest/java/org/mozilla/fenix/ui/robots/SettingsSubMenuAboutRobot.kt,Kotlin,Android Views,android.widget.TextView,https://github.com/mozilla-mobile/fenix/blob/HEAD/app/src/androidTest/java/org/mozilla/fenix/ui/robots/SettingsSubMenuAboutRobot.kt
mozilla-mobile/fenix,app/src/androidTest/java/org/mozilla/fenix/ui/robots/SettingsSubMenuAccessibilityRobot.kt,Kotlin,Android Views,android.widget.TextView; android.view.View,https://github.com/mozilla-mobile/fenix/blob/HEAD/app/src/androidTest/java/org/mozilla/fenix/ui/robots/SettingsSubMenuAccessibilityRobot.kt
mozilla-mobile/fenix,app/src/androidTest/java/org/mozilla/fenix/ui/robots/SettingsSubMenuDeleteBrowsingDataRobot.kt,Kotlin,Jetpack Compose,Box(,https://github.com/mozilla-mobile/fenix/blob/HEAD/app/src/androidTest/java/org/mozilla/fenix/ui/robots/SettingsSubMenuDeleteBrowsingDataRobot.kt
mozilla-mobile/fenix,app/src/androidTest/java/org/mozilla/fenix/ui/robots/SettingsSubMenuEnhancedTrackingProtectionRobot.kt,Kotlin,Android Views,RecyclerView.ViewHolder,https://github.com/mozilla-mobile/fenix/blob/HEAD/app/src/androidTest/java/org/mozilla/fenix/ui/robots/SettingsSubMenuEnhancedTrackingProtectionRobot.kt
mozilla-mobile/fenix,app/src/androidTest/java/org/mozilla/fenix/ui/robots/SettingsSubMenuHomepageRobot.kt,Kotlin,Jetpack Compose,Box(,https://github.com/mozilla-mobile/fenix/blob/HEAD/app/src/androidTest/java/org/mozilla/fenix/ui/robots/SettingsSubMenuHomepageRobot.kt
mozilla-mobile/fenix,app/src/androidTest/java/org/mozilla/fenix/ui/robots/SettingsSubMenuLoginsAndPasswordsSavedLoginsRobot.kt,Kotlin,Android Views,findViewById,https://github.com/mozilla-mobile/fenix/blob/HEAD/app/src/androidTest/java/org/mozilla/fenix/ui/robots/SettingsSubMenuLoginsAndPasswordsSavedLoginsRobot.kt
mozilla-mobile/fenix,app/src/androidTest/java/org/mozilla/fenix/ui/robots/SettingsSubMenuSearchRobot.kt,Kotlin,Android Views,RecyclerView.ViewHolder,https://github.com/mozilla-mobile/fenix/blob/HEAD/app/src/androidTest/java/org/mozilla/fenix/ui/robots/SettingsSubMenuSearchRobot.kt
mozilla-mobile/fenix,app/src/androidTest/java/org/mozilla/fenix/ui/robots/SettingsSubMenuSitePermissionsRobot.kt,Kotlin,Android Views,RecyclerView.ViewHolder,https://github.com/mozilla-mobile/fenix/blob/HEAD/app/src/androidTest/java/org/mozilla/fenix/ui/robots/SettingsSubMenuSitePermissionsRobot.kt
mozilla-mobile/fenix,app/src/androidTest/java/org/mozilla/fenix/ui/robots/TabDrawerRobot.kt,Kotlin,Mixed (Compose + Android Views),androidx.compose; ComposeView; Box(; android.view.View,https://github.com/mozilla-mobile/fenix/blob/HEAD/app/src/androidTest/java/org/mozilla/fenix/ui/robots/TabDrawerRobot.kt
mozilla-mobile/fenix,app/src/androidTest/java/org/mozilla/fenix/ui/robots/ThreeDotMenuMainRobot.kt,Kotlin,Android Views,RecyclerView.ViewHolder,https://github.com/mozilla-mobile/fenix/blob/HEAD/app/src/androidTest/java/org/mozilla/fenix/ui/robots/ThreeDotMenuMainRobot.kt
mozilla-mobile/fenix,app/src/beta/AndroidManifest.xml,XML,Android Views,xmlns:android=,https://github.com/mozilla-mobile/fenix/blob/HEAD/app/src/beta/AndroidManifest.xml
mozilla-mobile/fenix,app/src/beta/res/drawable/ic_launcher_foreground.xml,XML,Android Views,xmlns:android=,https://github.com/mozilla-mobile/fenix/blob/HEAD/app/src/beta/res/drawable/ic_launcher_foreground.xml
mozilla-mobile/fenix,app/src/beta/res/xml/shortcuts.xml,XML,Android Views,xmlns:android=,https://github.com/mozilla-mobile/fenix/blob/HEAD/app/src/beta/res/xml/shortcuts.xml
mozilla-mobile/fenix,app/src/debug/AndroidManifest.xml,XML,Android Views,xmlns:android=,https://github.com/mozilla-mobile/fenix/blob/HEAD/app/src/debug/AndroidManifest.xml
mozilla-mobile/fenix,app/src/debug/res/drawable/ic_launcher_foreground.xml,XML,Android Views,xmlns:android=,https://github.com/mozilla-mobile/fenix/blob/HEAD/app/src/debug/res/drawable/ic_launcher_foreground.xml
mozilla-mobile/fenix,app/src/debug/res/xml/shortcuts.xml,XML,Android Views,xmlns:android=,https://github.com/mozilla-mobile/fenix/blob/HEAD/app/src/debug/res/xml/shortcuts.xml
mozilla-mobile/fenix,app/src/main/AndroidManifest.xml,XML,Android Views,xmlns:android=,https://github.com/mozilla-mobile/fenix/blob/HEAD/app/src/main/AndroidManifest.xml
mozilla-mobile/fenix,app/src/main/java/org/mozilla/fenix/HomeActivity.kt,Kotlin,Android Views,setContentView; LayoutInflater; android.view.View; databinding,https://github.com/mozilla-mobile/fenix/blob/HEAD/app/src/main/java/org/mozilla/fenix/HomeActivity.kt
mozilla-mobile/fenix,app/src/main/java/org/mozilla/fenix/addons/AddonDetailsBindingDelegate.kt,Kotlin,Android Views,android.view.View; setOnClickListener; databinding,https://github.com/mozilla-mobile/fenix/blob/HEAD/app/src/main/java/org/mozilla/fenix/addons/AddonDetailsBindingDelegate.kt
mozilla-mobile/fenix,app/src/main/java/org/mozilla/fenix/addons/AddonDetailsFragment.kt,Kotlin,Android Views,android.view.View; databinding,https://github.com/mozilla-mobile/fenix/blob/HEAD/app/src/main/java/org/mozilla/fenix/addons/AddonDetailsFragment.kt
mozilla-mobile/fenix,app/src/main/java/org/mozilla/fenix/addons/AddonInternalSettingsFragment.kt,Kotlin,Android Views,LayoutInflater; android.view.View; android.view.ViewGroup; inflater.inflate; databinding,https://github.com/mozilla-mobile/fenix/blob/HEAD/app/src/main/java/org/mozilla/fenix/addons/AddonInternalSettingsFragment.kt
mozilla-mobile/fenix,app/src/main/java/org/mozilla/fenix/addons/AddonPermissionDetailsBindingDelegate.kt,Kotlin,Android Views,setOnClickListener; databinding,https://github.com/mozilla-mobile/fenix/blob/HEAD/app/src/main/java/org/mozilla/fenix/addons/AddonPermissionDetailsBindingDelegate.kt
mozilla-mobile/fenix,app/src/main/java/org/mozilla/fenix/addons/AddonPermissionsDetailsFragment.kt,Kotlin,Android Views,android.view.View; databinding,https://github.com/mozilla-mobile/fenix/blob/HEAD/app/src/main/java/org/mozilla/fenix/addons/AddonPermissionsDetailsFragment.kt
mozilla-mobile/fenix,app/src/main/java/org/mozilla/fenix/addons/AddonPopupBaseFragment.kt,Kotlin,Android Views,android.view.View,https://github.com/mozilla-mobile/fenix/blob/HEAD/app/src/main/java/org/mozilla/fenix/addons/AddonPopupBaseFragment.kt
mozilla-mobile/fenix,app/src/main/java/org/mozilla/fenix/addons/AddonsManagementFragment.kt,Kotlin,Android Views,android.view.View; setOnClickListener; databinding,https://github.com/mozilla-mobile/fenix/blob/HEAD/app/src/main/java/org/mozilla/fenix/addons/AddonsManagementFragment.kt
mozilla-mobile/fenix,app/src/main/java/org/mozilla/fenix/addons/Extensions.kt,Kotlin,Android Views,android.view.View,https://github.com/mozilla-mobile/fenix/blob/HEAD/app/src/main/java/org/mozilla/fenix/addons/Extensions.kt
mozilla-mobile/fenix,app/src/main/java/org/mozilla/fenix/addons/InstalledAddonDetailsFragment.kt,Kotlin,Android Views,LayoutInflater; android.view.View; android.view.ViewGroup; setOnClickListener; databinding,https://github.com/mozilla-mobile/fenix/blob/HEAD/app/src/main/java/org/mozilla/fenix/addons/InstalledAddonDetailsFragment.kt
mozilla-mobile/fenix,app/src/main/java/org/mozilla/fenix/addons/NotYetSupportedAddonFragment.kt,Kotlin,Android Views,android.view.View; setOnClickListener; databinding,https://github.com/mozilla-mobile/fenix/blob/HEAD/app/src/main/java/org/mozilla/fenix/addons/NotYetSupportedAddonFragment.kt
mozilla-mobile/fenix,app/src/main/java/org/mozilla/fenix/addons/WebExtensionActionPopupFragment.kt,Kotlin,Android Views,LayoutInflater; android.view.View; android.view.ViewGroup; inflater.inflate; databinding,https://github.com/mozilla-mobile/fenix/blob/HEAD/app/src/main/java/org/mozilla/fenix/addons/WebExtensionActionPopupFragment.kt
mozilla-mobile/fenix,app/src/main/java/org/mozilla/fenix/android/FenixDialogFragment.kt,Kotlin,Android Views,findViewById; LayoutInflater; android.view.View; android.view.ViewGroup,https://github.com/mozilla-mobile/fenix/blob/HEAD/app/src/main/java/org/mozilla/fenix/android/FenixDialogFragment.kt
mozilla-mobile/fenix,app/src/main/java/org/mozilla/fenix/autofill/AutofillSearchActivity.kt,Kotlin,Android Views,android.view.View; android.view.ViewGroup,https://github.com/mozilla-mobile/fenix/blob/HEAD/app/src/main/java/org/mozilla/fenix/autofill/AutofillSearchActivity.kt
mozilla-mobile/fenix,app/src/main/java/org/mozilla/fenix/browser/BaseBrowserFragment.kt,Kotlin,Android Views,LayoutInflater; android.view.View; android.view.ViewGroup; databinding,https://github.com/mozilla-mobile/fenix/blob/HEAD/app/src/main/java/org/mozilla/fenix/browser/BaseBrowserFragment.kt
mozilla-mobile/fenix,app/src/main/java/org/mozilla/fenix/browser/BrowserAnimator.kt,Kotlin,Android Views,android.view.View,https://github.com/mozilla-mobile/fenix/blob/HEAD/app/src/main/java/org/mozilla/fenix/browser/BrowserAnimator.kt
mozilla-mobile/fenix,app/src/main/java/org/mozilla/fenix/browser/BrowserFragment.kt,Kotlin,Android Views,android.view.View; android.view.ViewGroup,https://github.com/mozilla-mobile/fenix/blob/HEAD/app/src/main/java/org/mozilla/fenix/browser/BrowserFragment.kt
mozilla-mobile/fenix,app/src/main/java/org/mozilla/fenix/browser/CustomTabContextMenuCandidate.kt,Kotlin,Android Views,android.view.View,https://github.com/mozilla-mobile/fenix/blob/HEAD/app/src/main/java/org/mozilla/fenix/browser/CustomTabContextMenuCandidate.kt
mozilla-mobile/fenix,app/src/main/java/org/mozilla/fenix/browser/FenixSnackbarDelegate.kt,Kotlin,Android Views,android.view.View,https://github.com/mozilla-mobile/fenix/blob/HEAD/app/src/main/java/org/mozilla/fenix/browser/FenixSnackbarDelegate.kt
mozilla-mobile/fenix,app/src/main/java/org/mozilla/fenix/browser/OpenInAppOnboardingObserver.kt,Kotlin,Android Views,android.view.View; android.view.ViewGroup,https://github.com/mozilla-mobile/fenix/blob/HEAD/app/src/main/java/org/mozilla/fenix/browser/OpenInAppOnboardingObserver.kt
mozilla-mobile/fenix,app/src/main/java/org/mozilla/fenix/browser/TabPreview.kt,Kotlin,Android Views,findViewById; LayoutInflater; android.view.View; databinding; viewBinding,https://github.com/mozilla-mobile/fenix/blob/HEAD/app/src/main/java/org/mozilla/fenix/browser/TabPreview.kt
mozilla-mobile/fenix,app/src/main/java/org/mozilla/fenix/browser/ToolbarGestureHandler.kt,Kotlin,Android Views,android.view.View,https://github.com/mozilla-mobile/fenix/blob/HEAD/app/src/main/java/org/mozilla/fenix/browser/ToolbarGestureHandler.kt
mozilla-mobile/fenix,app/src/main/java/org/mozilla/fenix/browser/infobanner/DynamicInfoBanner.kt,Kotlin,Android Views,android.view.View; android.view.ViewGroup,https://github.com/mozilla-mobile/fenix/blob/HEAD/app/src/main/java/org/mozilla/fenix/browser/infobanner/DynamicInfoBanner.kt
mozilla-mobile/fenix,app/src/main/java/org/mozilla/fenix/browser/infobanner/DynamicInfoBannerBehavior.kt,Kotlin,Android Views,android.view.View,https://github.com/mozilla-mobile/fenix/blob/HEAD/app/src/main/java/org/mozilla/fenix/browser/infobanner/DynamicInfoBannerBehavior.kt
mozilla-mobile/fenix,app/src/main/java/org/mozilla/fenix/browser/infobanner/InfoBanner.kt,Kotlin,Android Views,LayoutInflater; addView(; removeView(; android.view.View; android.view.ViewGroup; setOnClickListener; databinding,https://github.com/mozilla-mobile/fenix/blob/HEAD/app/src/main/java/org/mozilla/fenix/browser/infobanner/InfoBanner.kt
mozilla-mobile/fenix,app/src/main/java/org/mozilla/fenix/browser/readermode/ReaderModeController.kt,Kotlin,Android Views,findViewById; android.widget.Button; android.view.View,https://github.com/mozilla-mobile/fenix/blob/HEAD/app/src/main/java/org/mozilla/fenix/browser/readermode/ReaderModeController.kt
mozilla-mobile/fenix,app/src/main/java/org/mozilla/fenix/collections/CollectionCreationBottomBarView.kt,Kotlin,Android Views,android.widget.TextView; android.widget.Button; android.view.View; android.view.ViewGroup; setOnClickListener,https://github.com/mozilla-mobile/fenix/blob/HEAD/app/src/main/java/org/mozilla/fenix/collections/CollectionCreationBottomBarView.kt
mozilla-mobile/fenix,app/src/main/java/org/mozilla/fenix/collections/CollectionCreationFragment.kt,Kotlin,Android Views,LayoutInflater; android.view.View; android.view.ViewGroup; databinding,https://github.com/mozilla-mobile/fenix/blob/HEAD/app/src/main/java/org/mozilla/fenix/collections/CollectionCreationFragment.kt
mozilla-mobile/fenix,app/src/main/java/org/mozilla/fenix/collections/CollectionCreationTabListAdapter.kt,Kotlin,Android Views,LayoutInflater; RecyclerView.Adapter; android.view.View; android.view.ViewGroup; setOnClickListener; databinding,https://github.com/mozilla-mobile/fenix/blob/HEAD/app/src/main/java/org/mozilla/fenix/collections/CollectionCreationTabListAdapter.kt
mozilla-mobile/fenix,app/src/main/java/org/mozilla/fenix/collections/CollectionCreationView.kt,Kotlin,Android Views,LayoutInflater; android.view.View; android.view.ViewGroup; setOnClickListener; databinding,https://github.com/mozilla-mobile/fenix/blob/HEAD/app/src/main/java/org/mozilla/fenix/collections/CollectionCreationView.kt
mozilla-mobile/fenix,app/src/main/java/org/mozilla/fenix/collections/CollectionsDialog.kt,Kotlin,Android Views,findViewById; LayoutInflater; android.widget.EditText,https://github.com/mozilla-mobile/fenix/blob/HEAD/app/src/main/java/org/mozilla/fenix/collections/CollectionsDialog.kt
mozilla-mobile/fenix,app/src/main/java/org/mozilla/fenix/collections/CollectionsListAdapter.kt,Kotlin,Android Views,LayoutInflater; RecyclerView.Adapter; RecyclerView.ViewHolder; android.view.View; android.view.ViewGroup; setOnClickListener,https://github.com/mozilla-mobile/fenix/blob/HEAD/app/src/main/java/org/mozilla/fenix/collections/CollectionsListAdapter.kt
mozilla-mobile/fenix,app/src/main/java/org/mozilla/fenix/collections/SaveCollectionListAdapter.kt,Kotlin,Android Views,LayoutInflater; RecyclerView.Adapter; android.view.View; android.view.ViewGroup; setOnClickListener; databinding,https://github.com/mozilla-mobile/fenix/blob/HEAD/app/src/main/java/org/mozilla/fenix/collections/SaveCollectionListAdapter.kt
mozilla-mobile/fenix,app/src/main/java/org/mozilla/fenix/components/Components.kt,Kotlin,Jetpack Compose,androidx.compose; @Composable,https://github.com/mozilla-mobile/fenix/blob/HEAD/app/src/main/java/org/mozilla/fenix/components/Components.kt
mozilla-mobile/fenix,app/src/main/java/org/mozilla/fenix/components/FenixSnackbar.kt,Kotlin,Android Views,LayoutInflater; android.view.View; android.view.ViewGroup; setOnClickListener; databinding,https://github.com/mozilla-mobile/fenix/blob/HEAD/app/src/main/java/org/mozilla/fenix/components/FenixSnackbar.kt
mozilla-mobile/fenix,app/src/main/java/org/mozilla/fenix/components/FenixSnackbarBehavior.kt,Kotlin,Android Views,android.view.View,https://github.com/mozilla-mobile/fenix/blob/HEAD/app/src/main/java/org/mozilla/fenix/components/FenixSnackbarBehavior.kt
mozilla-mobile/fenix,app/src/main/java/org/mozilla/fenix/components/FindInPageIntegration.kt,Kotlin,Android Views,android.view.View; android.view.ViewGroup,https://github.com/mozilla-mobile/fenix/blob/HEAD/app/src/main/java/org/mozilla/fenix/components/FindInPageIntegration.kt
mozilla-mobile/fenix,app/src/main/java/org/mozilla/fenix/components/InflationAwareFeature.kt,Kotlin,Android Views,android.view.View,https://github.com/mozilla-mobile/fenix/blob/HEAD/app/src/main/java/org/mozilla/fenix/components/InflationAwareFeature.kt
mozilla-mobile/fenix,app/src/main/java/org/mozilla/fenix/components/toolbar/BrowserMenuSignIn.kt,Kotlin,Android Views,findViewById; android.widget.TextView; android.view.View,https://github.com/mozilla-mobile/fenix/blob/HEAD/app/src/main/java/org/mozilla/fenix/components/toolbar/BrowserMenuSignIn.kt
mozilla-mobile/fenix,app/src/main/java/org/mozilla/fenix/components/toolbar/BrowserToolbarCFRPresenter.kt,Kotlin,Mixed (Compose + Android Views),androidx.compose; Modifier.; findViewById,https://github.com/mozilla-mobile/fenix/blob/HEAD/app/src/main/java/org/mozilla/fenix/components/toolbar/BrowserToolbarCFRPresenter.kt
mozilla-mobile/fenix,app/src/main/java/org/mozilla/fenix/components/toolbar/BrowserToolbarView.kt,Kotlin,Android Views,findViewById; LayoutInflater; android.view.View; android.view.ViewGroup,https://github.com/mozilla-mobile/fenix/blob/HEAD/app/src/main/java/org/mozilla/fenix/components/toolbar/BrowserToolbarView.kt
mozilla-mobile/fenix,app/src/main/java/org/mozilla/fenix/components/toolbar/MenuPresenter.kt,Kotlin,Android Views,android.view.View,https://github.com/mozilla-mobile/fenix/blob/HEAD/app/src/main/java/org/mozilla/fenix/components/toolbar/MenuPresenter.kt
mozilla-mobile/fenix,app/src/main/java/org/mozilla/fenix/compose/Chip.kt,Kotlin,Jetpack Compose,androidx.compose; @Composable; remember {; Column(; Row(,https://github.com/mozilla-mobile/fenix/blob/HEAD/app/src/main/java/org/mozilla/fenix/compose/Chip.kt
mozilla-mobile/fenix,app/src/main/java/org/mozilla/fenix/compose/ClickableSubstringLink.kt,Kotlin,Jetpack Compose,androidx.compose; @Composable; Box(; Modifier.,https://github.com/mozilla-mobile/fenix/blob/HEAD/app/src/main/java/org/mozilla/fenix/compose/ClickableSubstringLink.kt
mozilla-mobile/fenix,app/src/main/java/org/mozilla/fenix/compose/ComposeUtils.kt,Kotlin,Jetpack Compose,androidx.compose; @Composable,https://github.com/mozilla-mobile/fenix/blob/HEAD/app/src/main/java/org/mozilla/fenix/compose/ComposeUtils.kt
mozilla-mobile/fenix,app/src/main/java/org/mozilla/fenix/compose/ComposeViewHolder.kt,Kotlin,Mixed (Compose + Android Views),androidx.compose; @Composable; setContent {; ComposeView; RecyclerView.ViewHolder,https://github.com/mozilla-mobile/fenix/blob/HEAD/app/src/main/java/org/mozilla/fenix/compose/ComposeViewHolder.kt
mozilla-mobile/fenix,app/src/main/java/org/mozilla/fenix/compose/Divider.kt,Kotlin,Jetpack Compose,androidx.compose; @Composable; Column(; Box(; Modifier.,https://github.com/mozilla-mobile/fenix/blob/HEAD/app/src/main/java/org/mozilla/fenix/compose/Divider.kt
mozilla-mobile/fenix,app/src/main/java/org/mozilla/fenix/compose/Favicon.kt,Kotlin,Jetpack Compose,androidx.compose; @Composable; Box(; Modifier.,https://github.com/mozilla-mobile/fenix/blob/HEAD/app/src/main/java/org/mozilla/fenix/compose/Favicon.kt
mozilla-mobile/fenix,app/src/main/java/org/mozilla/fenix/compose/HorizontalFadingEdgeBox.kt,Kotlin,Jetpack Compose,androidx.compose; @Composable; Box(; Surface(; Modifier.,https://github.com/mozilla-mobile/fenix/blob/HEAD/app/src/main/java/org/mozilla/fenix/compose/HorizontalFadingEdgeBox.kt
mozilla-mobile/fenix,app/src/main/java/org/mozilla/fenix/compose/Image.kt,Kotlin,Jetpack Compose,androidx.compose; @Composable; Modifier.,https://github.com/mozilla-mobile/fenix/blob/HEAD/app/src/main/java/org/mozilla/fenix/compose/Image.kt
mozilla-mobile/fenix,app/src/main/java/org/mozilla/fenix/compose/ImagesPlaceholder.kt,Kotlin,Jetpack Compose,androidx.compose; @Composable,https://github.com/mozilla-mobile/fenix/blob/HEAD/app/src/main/java/org/mozilla/fenix/compose/ImagesPlaceholder.kt
mozilla-mobile/fenix,app/src/main/java/org/mozilla/fenix/compose/LazyListEagerFlingBehavior.kt,Kotlin,Jetpack Compose,androidx.compose; @Composable; rememberCoroutineScope,https://github.com/mozilla-mobile/fenix/blob/HEAD/app/src/main/java/org/mozilla/fenix/compose/LazyListEagerFlingBehavior.kt
mozilla-mobile/fenix,app/src/main/java/org/mozilla/fenix/compose/ListItemTabLarge.kt,Kotlin,Jetpack Compose,androidx.compose; @Composable; Column(; Row(; Surface(; Modifier.,https://github.com/mozilla-mobile/fenix/blob/HEAD/app/src/main/java/org/mozilla/fenix/compose/ListItemTabLarge.kt
mozilla-mobile/fenix,app/src/main/java/org/mozilla/fenix/compose/ListItemTabLargePlaceholder.kt,Kotlin,Jetpack Compose,androidx.compose; @Composable; Column(,https://github.com/mozilla-mobile/fenix/blob/HEAD/app/src/main/java/org/mozilla/fenix/compose/ListItemTabLargePlaceholder.kt
mozilla-mobile/fenix,app/src/main/java/org/mozilla/fenix/compose/MessageCard.kt,Kotlin,Jetpack Compose,androidx.compose; @Composable; Column(; Row(; Box(; Modifier.,https://github.com/mozilla-mobile/fenix/blob/HEAD/app/src/main/java/org/mozilla/fenix/compose/MessageCard.kt
mozilla-mobile/fenix,app/src/main/java/org/mozilla/fenix/compose/StaggeredHorizontalGrid.kt,Kotlin,Jetpack Compose,androidx.compose; @Composable; Row(; Box(; Modifier.,https://github.com/mozilla-mobile/fenix/blob/HEAD/app/src/main/java/org/mozilla/fenix/compose/StaggeredHorizontalGrid.kt
mozilla-mobile/fenix,app/src/main/java/org/mozilla/fenix/compose/TabSubtitleWithInterdot.kt,Kotlin,Jetpack Compose,androidx.compose; @Composable; Box(; Modifier.,https://github.com/mozilla-mobile/fenix/blob/HEAD/app/src/main/java/org/mozilla/fenix/compose/TabSubtitleWithInterdot.kt
mozilla-mobile/fenix,app/src/main/java/org/mozilla/fenix/compose/ThumbnailCard.kt,Kotlin,Jetpack Compose,androidx.compose; @Composable; LaunchedEffect; Box(; Modifier.,https://github.com/mozilla-mobile/fenix/blob/HEAD/app/src/main/java/org/mozilla/fenix/compose/ThumbnailCard.kt
mozilla-mobile/fenix,app/src/main/java/org/mozilla/fenix/compose/annotation/LightDarkPreview.kt,Kotlin,Jetpack Compose,androidx.compose,https://github.com/mozilla-mobile/fenix/blob/HEAD/app/src/main/java/org/mozilla/fenix/compose/annotation/LightDarkPreview.kt
mozilla-mobile/fenix,app/src/main/java/org/mozilla/fenix/compose/button/Button.kt,Kotlin,Jetpack Compose,androidx.compose; @Composable; Column(; Modifier.,https://github.com/mozilla-mobile/fenix/blob/HEAD/app/src/main/java/org/mozilla/fenix/compose/button/Button.kt
mozilla-mobile/fenix,app/src/main/java/org/mozilla/fenix/compose/button/RadioButton.kt,Kotlin,Jetpack Compose,androidx.compose; @Composable; remember {; Column(; Row(; Modifier.,https://github.com/mozilla-mobile/fenix/blob/HEAD/app/src/main/java/org/mozilla/fenix/compose/button/RadioButton.kt
mozilla-mobile/fenix,app/src/main/java/org/mozilla/fenix/compose/button/TextButton.kt,Kotlin,Jetpack Compose,androidx.compose; @Composable; Box(; Modifier.,https://github.com/mozilla-mobile/fenix/blob/HEAD/app/src/main/java/org/mozilla/fenix/compose/button/TextButton.kt
mozilla-mobile/fenix,app/src/main/java/org/mozilla/fenix/compose/ext/Modifier.kt,Kotlin,Jetpack Compose,androidx.compose; Modifier.,https://github.com/mozilla-mobile/fenix/blob/HEAD/app/src/main/java/org/mozilla/fenix/compose/ext/Modifier.kt
mozilla-mobile/fenix,app/src/main/java/org/mozilla/fenix/compose/home/HomeSectionHeader.kt,Kotlin,Jetpack Compose,androidx.compose; @Composable; Row(; Modifier.,https://github.com/mozilla-mobile/fenix/blob/HEAD/app/src/main/java/org/mozilla/fenix/compose/home/HomeSectionHeader.kt
mozilla-mobile/fenix,app/src/main/java/org/mozilla/fenix/compose/list/ExpandableListHeader.kt,Kotlin,Jetpack Compose,androidx.compose; @Composable; Row(; Box(; Modifier.,https://github.com/mozilla-mobile/fenix/blob/HEAD/app/src/main/java/org/mozilla/fenix/compose/list/ExpandableListHeader.kt
mozilla-mobile/fenix,app/src/main/java/org/mozilla/fenix/compose/list/ListItem.kt,Kotlin,Jetpack Compose,androidx.compose; @Composable; Column(; Row(; Box(; Modifier.,https://github.com/mozilla-mobile/fenix/blob/HEAD/app/src/main/java/org/mozilla/fenix/compose/list/ListItem.kt
mozilla-mobile/fenix,app/src/main/java/org/mozilla/fenix/compose/tabstray/MediaImage.kt,Kotlin,Jetpack Compose,androidx.compose; @Composable,https://github.com/mozilla-mobile/fenix/blob/HEAD/app/src/main/java/org/mozilla/fenix/compose/tabstray/MediaImage.kt
mozilla-mobile/fenix,app/src/main/java/org/mozilla/fenix/compose/tabstray/TabGridItem.kt,Kotlin,Jetpack Compose,androidx.compose; @Composable; Column(; Row(; Box(; Modifier.,https://github.com/mozilla-mobile/fenix/blob/HEAD/app/src/main/java/org/mozilla/fenix/compose/tabstray/TabGridItem.kt
mozilla-mobile/fenix,app/src/main/java/org/mozilla/fenix/compose/tabstray/TabListItem.kt,Kotlin,Jetpack Compose,androidx.compose; @Composable; Column(; Row(; Modifier.,https://github.com/mozilla-mobile/fenix/blob/HEAD/app/src/main/java/org/mozilla/fenix/compose/tabstray/TabListItem.kt
mozilla-mobile/fenix,app/src/main/java/org/mozilla/fenix/crashes/CrashContentIntegration.kt,Kotlin,Android Views,android.view.View; android.view.ViewGroup,https://github.com/mozilla-mobile/fenix/blob/HEAD/app/src/main/java/org/mozilla/fenix/crashes/CrashContentIntegration.kt
mozilla-mobile/fenix,app/src/main/java/org/mozilla/fenix/crashes/CrashContentView.kt,Kotlin,Android Views,LayoutInflater; setOnClickListener; databinding,https://github.com/mozilla-mobile/fenix/blob/HEAD/app/src/main/java/org/mozilla/fenix/crashes/CrashContentView.kt
mozilla-mobile/fenix,app/src/main/java/org/mozilla/fenix/customtabs/ExternalAppBrowserFragment.kt,Kotlin,Android Views,findViewById; android.view.View,https://github.com/mozilla-mobile/fenix/blob/HEAD/app/src/main/java/org/mozilla/fenix/customtabs/ExternalAppBrowserFragment.kt
mozilla-mobile/fenix,app/src/main/java/org/mozilla/fenix/downloads/DynamicDownloadDialog.kt,Kotlin,Android Views,android.view.View; android.view.ViewGroup; setOnClickListener; databinding,https://github.com/mozilla-mobile/fenix/blob/HEAD/app/src/main/java/org/mozilla/fenix/downloads/DynamicDownloadDialog.kt
mozilla-mobile/fenix,app/src/main/java/org/mozilla/fenix/downloads/DynamicDownloadDialogBehavior.kt,Kotlin,Android Views,android.view.View,https://github.com/mozilla-mobile/fenix/blob/HEAD/app/src/main/java/org/mozilla/fenix/downloads/DynamicDownloadDialogBehavior.kt
mozilla-mobile/fenix,app/src/main/java/org/mozilla/fenix/downloads/StartDownloadDialog.kt,Kotlin,Android Views,LayoutInflater; removeView(; android.view.View; android.view.ViewGroup; setOnClickListener; ViewBinding; databinding,https://github.com/mozilla-mobile/fenix/blob/HEAD/app/src/main/java/org/mozilla/fenix/downloads/StartDownloadDialog.kt
mozilla-mobile/fenix,app/src/main/java/org/mozilla/fenix/exceptions/ExceptionsAdapter.kt,Kotlin,Android Views,LayoutInflater; RecyclerView.ViewHolder; android.view.View; android.view.ViewGroup,https://github.com/mozilla-mobile/fenix/blob/HEAD/app/src/main/java/org/mozilla/fenix/exceptions/ExceptionsAdapter.kt
mozilla-mobile/fenix,app/src/main/java/org/mozilla/fenix/exceptions/ExceptionsView.kt,Kotlin,Android Views,LayoutInflater; android.view.View; android.view.ViewGroup; databinding,https://github.com/mozilla-mobile/fenix/blob/HEAD/app/src/main/java/org/mozilla/fenix/exceptions/ExceptionsView.kt
mozilla-mobile/fenix,app/src/main/java/org/mozilla/fenix/exceptions/login/LoginExceptionsFragment.kt,Kotlin,Android Views,LayoutInflater; android.view.View; android.view.ViewGroup; databinding,https://github.com/mozilla-mobile/fenix/blob/HEAD/app/src/main/java/org/mozilla/fenix/exceptions/login/LoginExceptionsFragment.kt
mozilla-mobile/fenix,app/src/main/java/org/mozilla/fenix/exceptions/login/LoginExceptionsView.kt,Kotlin,Android Views,android.view.View; android.view.ViewGroup,https://github.com/mozilla-mobile/fenix/blob/HEAD/app/src/main/java/org/mozilla/fenix/exceptions/login/LoginExceptionsView.kt
mozilla-mobile/fenix,app/src/main/java/org/mozilla/fenix/exceptions/trackingprotection/TrackingProtectionExceptionsFragment.kt,Kotlin,Android Views,LayoutInflater; android.view.View; android.view.ViewGroup; databinding,https://github.com/mozilla-mobile/fenix/blob/HEAD/app/src/main/java/org/mozilla/fenix/exceptions/trackingprotection/TrackingProtectionExceptionsFragment.kt
mozilla-mobile/fenix,app/src/main/java/org/mozilla/fenix/exceptions/trackingprotection/TrackingProtectionExceptionsView.kt,Kotlin,Android Views,android.view.View; android.view.ViewGroup; setOnClickListener,https://github.com/mozilla-mobile/fenix/blob/HEAD/app/src/main/java/org/mozilla/fenix/exceptions/trackingprotection/TrackingProtectionExceptionsView.kt
mozilla-mobile/fenix,app/src/main/java/org/mozilla/fenix/exceptions/viewholders/ExceptionsDeleteButtonViewHolder.kt,Kotlin,Android Views,findViewById; RecyclerView.ViewHolder; android.view.View; setOnClickListener,https://github.com/mozilla-mobile/fenix/blob/HEAD/app/src/main/java/org/mozilla/fenix/exceptions/viewholders/ExceptionsDeleteButtonViewHolder.kt
mozilla-mobile/fenix,app/src/main/java/org/mozilla/fenix/exceptions/viewholders/ExceptionsHeaderViewHolder.kt,Kotlin,Android Views,findViewById; android.widget.TextView; RecyclerView.ViewHolder; android.view.View,https://github.com/mozilla-mobile/fenix/blob/HEAD/app/src/main/java/org/mozilla/fenix/exceptions/viewholders/ExceptionsHeaderViewHolder.kt
mozilla-mobile/fenix,app/src/main/java/org/mozilla/fenix/exceptions/viewholders/ExceptionsListItemViewHolder.kt,Kotlin,Android Views,RecyclerView.ViewHolder,https://github.com/mozilla-mobile/fenix/blob/HEAD/app/src/main/java/org/mozilla/fenix/exceptions/viewholders/ExceptionsListItemViewHolder.kt
mozilla-mobile/fenix,app/src/main/java/org/mozilla/fenix/ext/Activity.kt,Kotlin,Android Views,android.view.View,https://github.com/mozilla-mobile/fenix/blob/HEAD/app/src/main/java/org/mozilla/fenix/ext/Activity.kt
mozilla-mobile/fenix,app/src/main/java/org/mozilla/fenix/ext/Bitmap.kt,Kotlin,Android Views,android.widget.ImageView; android.view.View,https://github.com/mozilla-mobile/fenix/blob/HEAD/app/src/main/java/org/mozilla/fenix/ext/Bitmap.kt
mozilla-mobile/fenix,app/src/main/java/org/mozilla/fenix/ext/BrowserIcons.kt,Kotlin,Android Views,android.widget.ImageView,https://github.com/mozilla-mobile/fenix/blob/HEAD/app/src/main/java/org/mozilla/fenix/ext/BrowserIcons.kt
mozilla-mobile/fenix,app/src/main/java/org/mozilla/fenix/ext/Context.kt,Kotlin,Android Views,findViewById; android.view.View; android.view.ViewGroup,https://github.com/mozilla-mobile/fenix/blob/HEAD/app/src/main/java/org/mozilla/fenix/ext/Context.kt
mozilla-mobile/fenix,app/src/main/java/org/mozilla/fenix/ext/EditText.kt,Kotlin,Android Views,android.widget.EditText,https://github.com/mozilla-mobile/fenix/blob/HEAD/app/src/main/java/org/mozilla/fenix/ext/EditText.kt
mozilla-mobile/fenix,app/src/main/java/org/mozilla/fenix/ext/ImageButton.kt,Kotlin,Android Views,android.view.View,https://github.com/mozilla-mobile/fenix/blob/HEAD/app/src/main/java/org/mozilla/fenix/ext/ImageButton.kt
mozilla-mobile/fenix,app/src/main/java/org/mozilla/fenix/ext/String.kt,Kotlin,Jetpack Compose,androidx.compose; @Composable,https://github.com/mozilla-mobile/fenix/blob/HEAD/app/src/main/java/org/mozilla/fenix/ext/String.kt
mozilla-mobile/fenix,app/src/main/java/org/mozilla/fenix/ext/TextView.kt,Kotlin,Android Views,android.widget.TextView,https://github.com/mozilla-mobile/fenix/blob/HEAD/app/src/main/java/org/mozilla/fenix/ext/TextView.kt
mozilla-mobile/fenix,app/src/main/java/org/mozilla/fenix/ext/View.kt,Kotlin,Android Views,android.view.View,https://github.com/mozilla-mobile/fenix/blob/HEAD/app/src/main/java/org/mozilla/fenix/ext/View.kt
mozilla-mobile/fenix,app/src/main/java/org/mozilla/fenix/home/BottomSpacerViewHolder.kt,Kotlin,Android Views,RecyclerView.ViewHolder; android.view.View,https://github.com/mozilla-mobile/fenix/blob/HEAD/app/src/main/java/org/mozilla/fenix/home/BottomSpacerViewHolder.kt
mozilla-mobile/fenix,app/src/main/java/org/mozilla/fenix/home/HomeFragment.kt,Kotlin,Android Views,findViewById; LayoutInflater; android.widget.Button; android.view.View; android.view.ViewGroup; setOnClickListener; databinding,https://github.com/mozilla-mobile/fenix/blob/HEAD/app/src/main/java/org/mozilla/fenix/home/HomeFragment.kt
mozilla-mobile/fenix,app/src/main/java/org/mozilla/fenix/home/HomeMenuBuilder.kt,Kotlin,Android Views,android.view.View,https://github.com/mozilla-mobile/fenix/blob/HEAD/app/src/main/java/org/mozilla/fenix/home/HomeMenuBuilder.kt
mozilla-mobile/fenix,app/src/main/java/org/mozilla/fenix/home/PrivateBrowsingButtonView.kt,Kotlin,Android Views,android.view.View; View.OnClickListener; setOnClickListener,https://github.com/mozilla-mobile/fenix/blob/HEAD/app/src/main/java/org/mozilla/fenix/home/PrivateBrowsingButtonView.kt
mozilla-mobile/fenix,app/src/main/java/org/mozilla/fenix/home/TabCounterBuilder.kt,Kotlin,Android Views,setOnClickListener,https://github.com/mozilla-mobile/fenix/blob/HEAD/app/src/main/java/org/mozilla/fenix/home/TabCounterBuilder.kt
mozilla-mobile/fenix,app/src/main/java/org/mozilla/fenix/home/TopPlaceholderViewHolder.kt,Kotlin,Android Views,android.view.View,https://github.com/mozilla-mobile/fenix/blob/HEAD/app/src/main/java/org/mozilla/fenix/home/TopPlaceholderViewHolder.kt
mozilla-mobile/fenix,app/src/main/java/org/mozilla/fenix/home/collections/Collection.kt,Kotlin,Jetpack Compose,androidx.compose; @Composable; Row(; Modifier.,https://github.com/mozilla-mobile/fenix/blob/HEAD/app/src/main/java/org/mozilla/fenix/home/collections/Collection.kt
mozilla-mobile/fenix,app/src/main/java/org/mozilla/fenix/home/collections/CollectionItem.kt,Kotlin,Jetpack Compose,androidx.compose; @Composable; remember {; Row(; Box(; Modifier.,https://github.com/mozilla-mobile/fenix/blob/HEAD/app/src/main/java/org/mozilla/fenix/home/collections/CollectionItem.kt
mozilla-mobile/fenix,app/src/main/java/org/mozilla/fenix/home/collections/CollectionMenu.kt,Kotlin,Jetpack Compose,androidx.compose; @Composable; MaterialTheme,https://github.com/mozilla-mobile/fenix/blob/HEAD/app/src/main/java/org/mozilla/fenix/home/collections/CollectionMenu.kt
mozilla-mobile/fenix,app/src/main/java/org/mozilla/fenix/home/collections/CollectionViewHolder.kt,Kotlin,Mixed (Compose + Android Views),androidx.compose; @Composable; ComposeView; remember {; Modifier.; RecyclerView.ViewHolder; android.view.View,https://github.com/mozilla-mobile/fenix/blob/HEAD/app/src/main/java/org/mozilla/fenix/home/collections/CollectionViewHolder.kt
mozilla-mobile/fenix,app/src/main/java/org/mozilla/fenix/home/collections/TabInCollectionViewHolder.kt,Kotlin,Mixed (Compose + Android Views),androidx.compose; @Composable; ComposeView; remember {; RecyclerView.ViewHolder; android.view.View,https://github.com/mozilla-mobile/fenix/blob/HEAD/app/src/main/java/org/mozilla/fenix/home/collections/TabInCollectionViewHolder.kt
mozilla-mobile/fenix,app/src/main/java/org/mozilla/fenix/home/mozonline/PrivacyContentDisplayActivity.kt,Kotlin,Android Views,findViewById; setContentView; android.view.View; setOnClickListener,https://github.com/mozilla-mobile/fenix/blob/HEAD/app/src/main/java/org/mozilla/fenix/home/mozonline/PrivacyContentDisplayActivity.kt
mozilla-mobile/fenix,app/src/main/java/org/mozilla/fenix/home/mozonline/PrivacyContentDisplayHelper.kt,Kotlin,Android Views,findViewById; android.widget.TextView,https://github.com/mozilla-mobile/fenix/blob/HEAD/app/src/main/java/org/mozilla/fenix/home/mozonline/PrivacyContentDisplayHelper.kt
mozilla-mobile/fenix,app/src/main/java/org/mozilla/fenix/home/mozonline/PrivacyContentSpan.kt,Kotlin,Android Views,android.view.View,https://github.com/mozilla-mobile/fenix/blob/HEAD/app/src/main/java/org/mozilla/fenix/home/mozonline/PrivacyContentSpan.kt
mozilla-mobile/fenix,app/src/main/java/org/mozilla/fenix/home/pocket/PocketCategoriesViewHolder.kt,Kotlin,Mixed (Compose + Android Views),androidx.compose; @Composable; ComposeView; Modifier.; RecyclerView.ViewHolder; android.view.View,https://github.com/mozilla-mobile/fenix/blob/HEAD/app/src/main/java/org/mozilla/fenix/home/pocket/PocketCategoriesViewHolder.kt
mozilla-mobile/fenix,app/src/main/java/org/mozilla/fenix/home/pocket/PocketRecommendationsHeaderViewHolder.kt,Kotlin,Mixed (Compose + Android Views),androidx.compose; @Composable; ComposeView; Box(; Modifier.; RecyclerView.ViewHolder; android.view.View,https://github.com/mozilla-mobile/fenix/blob/HEAD/app/src/main/java/org/mozilla/fenix/home/pocket/PocketRecommendationsHeaderViewHolder.kt
mozilla-mobile/fenix,app/src/main/java/org/mozilla/fenix/home/pocket/PocketStoriesComposables.kt,Kotlin,Jetpack Compose,androidx.compose; @Composable; remember {; LaunchedEffect; Column(; Row(; Box(; LazyRow(; Surface(; Modifier.,https://github.com/mozilla-mobile/fenix/blob/HEAD/app/src/main/java/org/mozilla/fenix/home/pocket/PocketStoriesComposables.kt
mozilla-mobile/fenix,app/src/main/java/org/mozilla/fenix/home/pocket/PocketStoriesViewHolder.kt,Kotlin,Mixed (Compose + Android Views),androidx.compose; @Composable; ComposeView; LaunchedEffect; Column(; Box(; Modifier.; RecyclerView.ViewHolder; android.view.View,https://github.com/mozilla-mobile/fenix/blob/HEAD/app/src/main/java/org/mozilla/fenix/home/pocket/PocketStoriesViewHolder.kt
mozilla-mobile/fenix,app/src/main/java/org/mozilla/fenix/home/recentbookmarks/view/RecentBookmarks.kt,Kotlin,Jetpack Compose,androidx.compose; @Composable; remember {; Column(; Row(; Box(; LazyRow(; Modifier.,https://github.com/mozilla-mobile/fenix/blob/HEAD/app/src/main/java/org/mozilla/fenix/home/recentbookmarks/view/RecentBookmarks.kt
mozilla-mobile/fenix,app/src/main/java/org/mozilla/fenix/home/recentbookmarks/view/RecentBookmarksHeaderViewHolder.kt,Kotlin,Mixed (Compose + Android Views),androidx.compose; @Composable; ComposeView; Modifier.; android.view.View,https://github.com/mozilla-mobile/fenix/blob/HEAD/app/src/main/java/org/mozilla/fenix/home/recentbookmarks/view/RecentBookmarksHeaderViewHolder.kt
mozilla-mobile/fenix,app/src/main/java/org/mozilla/fenix/home/recentbookmarks/view/RecentBookmarksViewHolder.kt,Kotlin,Mixed (Compose + Android Views),androidx.compose; @Composable; ComposeView; android.view.View,https://github.com/mozilla-mobile/fenix/blob/HEAD/app/src/main/java/org/mozilla/fenix/home/recentbookmarks/view/RecentBookmarksViewHolder.kt
mozilla-mobile/fenix,app/src/main/java/org/mozilla/fenix/home/recentsyncedtabs/view/RecentSyncedTab.kt,Kotlin,Jetpack Compose,androidx.compose; @Composable; remember {; Column(; Row(; Box(; Modifier.,https://github.com/mozilla-mobile/fenix/blob/HEAD/app/src/main/java/org/mozilla/fenix/home/recentsyncedtabs/view/RecentSyncedTab.kt
mozilla-mobile/fenix,app/src/main/java/org/mozilla/fenix/home/recentsyncedtabs/view/RecentSyncedTabViewHolder.kt,Kotlin,Mixed (Compose + Android Views),androidx.compose; @Composable; ComposeView; android.view.View,https://github.com/mozilla-mobile/fenix/blob/HEAD/app/src/main/java/org/mozilla/fenix/home/recentsyncedtabs/view/RecentSyncedTabViewHolder.kt
mozilla-mobile/fenix,app/src/main/java/org/mozilla/fenix/home/recenttabs/view/RecentTabViewHolder.kt,Kotlin,Mixed (Compose + Android Views),androidx.compose; @Composable; ComposeView; android.view.View,https://github.com/mozilla-mobile/fenix/blob/HEAD/app/src/main/java/org/mozilla/fenix/home/recenttabs/view/RecentTabViewHolder.kt
mozilla-mobile/fenix,app/src/main/java/org/mozilla/fenix/home/recenttabs/view/RecentTabs.kt,Kotlin,Jetpack Compose,androidx.compose; @Composable; remember {; Column(; Row(; Box(; Modifier.,https://github.com/mozilla-mobile/fenix/blob/HEAD/app/src/main/java/org/mozilla/fenix/home/recenttabs/view/RecentTabs.kt
mozilla-mobile/fenix,app/src/main/java/org/mozilla/fenix/home/recenttabs/view/RecentTabsHeaderViewHolder.kt,Kotlin,Mixed (Compose + Android Views),androidx.compose; @Composable; ComposeView; Modifier.; android.view.View,https://github.com/mozilla-mobile/fenix/blob/HEAD/app/src/main/java/org/mozilla/fenix/home/recenttabs/view/RecentTabsHeaderViewHolder.kt
mozilla-mobile/fenix,app/src/main/java/org/mozilla/fenix/home/recentvisits/view/RecentVisitsHeaderViewHolder.kt,Kotlin,Mixed (Compose + Android Views),androidx.compose; @Composable; ComposeView; Modifier.; android.view.View,https://github.com/mozilla-mobile/fenix/blob/HEAD/app/src/main/java/org/mozilla/fenix/home/recentvisits/view/RecentVisitsHeaderViewHolder.kt
mozilla-mobile/fenix,app/src/main/java/org/mozilla/fenix/home/recentvisits/view/RecentlyVisited.kt,Kotlin,Jetpack Compose,androidx.compose; @Composable; remember {; Column(; Row(; Box(; LazyRow(; Modifier.,https://github.com/mozilla-mobile/fenix/blob/HEAD/app/src/main/java/org/mozilla/fenix/home/recentvisits/view/RecentlyVisited.kt
mozilla-mobile/fenix,app/src/main/java/org/mozilla/fenix/home/recentvisits/view/RecentlyVisitedViewHolder.kt,Kotlin,Mixed (Compose + Android Views),androidx.compose; @Composable; ComposeView; android.view.View,https://github.com/mozilla-mobile/fenix/blob/HEAD/app/src/main/java/org/mozilla/fenix/home/recentvisits/view/RecentlyVisitedViewHolder.kt
mozilla-mobile/fenix,app/src/main/java/org/mozilla/fenix/home/sessioncontrol/SessionControlAdapter.kt,Kotlin,Mixed (Compose + Android Views),androidx.compose; ComposeView; LayoutInflater; RecyclerView.ViewHolder; android.view.View; android.view.ViewGroup,https://github.com/mozilla-mobile/fenix/blob/HEAD/app/src/main/java/org/mozilla/fenix/home/sessioncontrol/SessionControlAdapter.kt
mozilla-mobile/fenix,app/src/main/java/org/mozilla/fenix/home/sessioncontrol/SessionControlController.kt,Kotlin,Android Views,findViewById; LayoutInflater; android.widget.EditText,https://github.com/mozilla-mobile/fenix/blob/HEAD/app/src/main/java/org/mozilla/fenix/home/sessioncontrol/SessionControlController.kt
mozilla-mobile/fenix,app/src/main/java/org/mozilla/fenix/home/sessioncontrol/SessionControlView.kt,Kotlin,Android Views,android.view.View,https://github.com/mozilla-mobile/fenix/blob/HEAD/app/src/main/java/org/mozilla/fenix/home/sessioncontrol/SessionControlView.kt
mozilla-mobile/fenix,app/src/main/java/org/mozilla/fenix/home/sessioncontrol/viewholders/CollectionHeaderViewHolder.kt,Kotlin,Mixed (Compose + Android Views),androidx.compose; @Composable; ComposeView; Modifier.; android.view.View,https://github.com/mozilla-mobile/fenix/blob/HEAD/app/src/main/java/org/mozilla/fenix/home/sessioncontrol/viewholders/CollectionHeaderViewHolder.kt
mozilla-mobile/fenix,app/src/main/java/org/mozilla/fenix/home/sessioncontrol/viewholders/CustomizeHomeButtonViewHolder.kt,Kotlin,Mixed (Compose + Android Views),androidx.compose; @Composable; ComposeView; Modifier.; android.view.View,https://github.com/mozilla-mobile/fenix/blob/HEAD/app/src/main/java/org/mozilla/fenix/home/sessioncontrol/viewholders/CustomizeHomeButtonViewHolder.kt
mozilla-mobile/fenix,app/src/main/java/org/mozilla/fenix/home/sessioncontrol/viewholders/NoCollectionsMessageViewHolder.kt,Kotlin,Mixed (Compose + Android Views),androidx.compose; android.view.View; setOnClickListener; databinding,https://github.com/mozilla-mobile/fenix/blob/HEAD/app/src/main/java/org/mozilla/fenix/home/sessioncontrol/viewholders/NoCollectionsMessageViewHolder.kt
mozilla-mobile/fenix,app/src/main/java/org/mozilla/fenix/home/sessioncontrol/viewholders/PrivateBrowsingDescriptionViewHolder.kt,Kotlin,Mixed (Compose + Android Views),androidx.compose; @Composable; ComposeView; remember {; Column(; Box(; Modifier.; android.view.View,https://github.com/mozilla-mobile/fenix/blob/HEAD/app/src/main/java/org/mozilla/fenix/home/sessioncontrol/viewholders/PrivateBrowsingDescriptionViewHolder.kt
mozilla-mobile/fenix,app/src/main/java/org/mozilla/fenix/home/sessioncontrol/viewholders/onboarding/MessageCardViewHolder.kt,Kotlin,Mixed (Compose + Android Views),androidx.compose; @Composable; ComposeView; remember {; android.view.View,https://github.com/mozilla-mobile/fenix/blob/HEAD/app/src/main/java/org/mozilla/fenix/home/sessioncontrol/viewholders/onboarding/MessageCardViewHolder.kt
mozilla-mobile/fenix,app/src/main/java/org/mozilla/fenix/home/sessioncontrol/viewholders/onboarding/OnboardingFinishViewHolder.kt,Kotlin,Android Views,RecyclerView.ViewHolder; android.view.View; setOnClickListener; databinding,https://github.com/mozilla-mobile/fenix/blob/HEAD/app/src/main/java/org/mozilla/fenix/home/sessioncontrol/viewholders/onboarding/OnboardingFinishViewHolder.kt
mozilla-mobile/fenix,app/src/main/java/org/mozilla/fenix/home/sessioncontrol/viewholders/onboarding/OnboardingHeaderViewHolder.kt,Kotlin,Android Views,RecyclerView.ViewHolder; android.view.View,https://github.com/mozilla-mobile/fenix/blob/HEAD/app/src/main/java/org/mozilla/fenix/home/sessioncontrol/viewholders/onboarding/OnboardingHeaderViewHolder.kt
mozilla-mobile/fenix,app/src/main/java/org/mozilla/fenix/home/sessioncontrol/viewholders/onboarding/OnboardingIcon.kt,Kotlin,Android Views,android.widget.TextView,https://github.com/mozilla-mobile/fenix/blob/HEAD/app/src/main/java/org/mozilla/fenix/home/sessioncontrol/viewholders/onboarding/OnboardingIcon.kt
mozilla-mobile/fenix,app/src/main/java/org/mozilla/fenix/home/sessioncontrol/viewholders/onboarding/OnboardingManualSignInViewHolder.kt,Kotlin,Android Views,RecyclerView.ViewHolder; android.view.View; setOnClickListener; databinding,https://github.com/mozilla-mobile/fenix/blob/HEAD/app/src/main/java/org/mozilla/fenix/home/sessioncontrol/viewholders/onboarding/OnboardingManualSignInViewHolder.kt
mozilla-mobile/fenix,app/src/main/java/org/mozilla/fenix/home/sessioncontrol/viewholders/onboarding/OnboardingPrivacyNoticeViewHolder.kt,Kotlin,Android Views,RecyclerView.ViewHolder; android.view.View; setOnClickListener; databinding,https://github.com/mozilla-mobile/fenix/blob/HEAD/app/src/main/java/org/mozilla/fenix/home/sessioncontrol/viewholders/onboarding/OnboardingPrivacyNoticeViewHolder.kt
mozilla-mobile/fenix,app/src/main/java/org/mozilla/fenix/home/sessioncontrol/viewholders/onboarding/OnboardingSectionHeaderViewHolder.kt,Kotlin,Android Views,RecyclerView.ViewHolder; android.view.View; databinding,https://github.com/mozilla-mobile/fenix/blob/HEAD/app/src/main/java/org/mozilla/fenix/home/sessioncontrol/viewholders/onboarding/OnboardingSectionHeaderViewHolder.kt
mozilla-mobile/fenix,app/src/main/java/org/mozilla/fenix/home/sessioncontrol/viewholders/onboarding/OnboardingThemePickerViewHolder.kt,Kotlin,Android Views,RecyclerView.ViewHolder; android.view.View; setOnClickListener; databinding,https://github.com/mozilla-mobile/fenix/blob/HEAD/app/src/main/java/org/mozilla/fenix/home/sessioncontrol/viewholders/onboarding/OnboardingThemePickerViewHolder.kt
mozilla-mobile/fenix,app/src/main/java/org/mozilla/fenix/home/sessioncontrol/viewholders/onboarding/OnboardingToolbarPositionPickerViewHolder.kt,Kotlin,Android Views,RecyclerView.ViewHolder; android.view.View; setOnClickListener; databinding,https://github.com/mozilla-mobile/fenix/blob/HEAD/app/src/main/java/org/mozilla/fenix/home/sessioncontrol/viewholders/onboarding/OnboardingToolbarPositionPickerViewHolder.kt
mozilla-mobile/fenix,app/src/main/java/org/mozilla/fenix/home/sessioncontrol/viewholders/onboarding/OnboardingTrackingProtectionViewHolder.kt,Kotlin,Android Views,RecyclerView.ViewHolder; android.view.View; databinding,https://github.com/mozilla-mobile/fenix/blob/HEAD/app/src/main/java/org/mozilla/fenix/home/sessioncontrol/viewholders/onboarding/OnboardingTrackingProtectionViewHolder.kt
mozilla-mobile/fenix,app/src/main/java/org/mozilla/fenix/home/topsites/PagerIndicator.kt,Kotlin,Android Views,addView(; android.view.View,https://github.com/mozilla-mobile/fenix/blob/HEAD/app/src/main/java/org/mozilla/fenix/home/topsites/PagerIndicator.kt
mozilla-mobile/fenix,app/src/main/java/org/mozilla/fenix/home/topsites/TopSiteItemViewHolder.kt,Kotlin,Mixed (Compose + Android Views),androidx.compose; android.view.View; setOnClickListener; databinding,https://github.com/mozilla-mobile/fenix/blob/HEAD/app/src/main/java/org/mozilla/fenix/home/topsites/TopSiteItemViewHolder.kt
mozilla-mobile/fenix,app/src/main/java/org/mozilla/fenix/home/topsites/TopSitePagerViewHolder.kt,Kotlin,Android Views,RecyclerView.ViewHolder; android.view.View; databinding,https://github.com/mozilla-mobile/fenix/blob/HEAD/app/src/main/java/org/mozilla/fenix/home/topsites/TopSitePagerViewHolder.kt
mozilla-mobile/fenix,app/src/main/java/org/mozilla/fenix/home/topsites/TopSiteViewHolder.kt,Kotlin,Android Views,RecyclerView.ViewHolder; android.view.View; databinding,https://github.com/mozilla-mobile/fenix/blob/HEAD/app/src/main/java/org/mozilla/fenix/home/topsites/TopSiteViewHolder.kt
mozilla-mobile/fenix,app/src/main/java/org/mozilla/fenix/home/topsites/TopSitesAdapter.kt,Kotlin,Android Views,LayoutInflater; android.view.View; android.view.ViewGroup,https://github.com/mozilla-mobile/fenix/blob/HEAD/app/src/main/java/org/mozilla/fenix/home/topsites/TopSitesAdapter.kt
mozilla-mobile/fenix,app/src/main/java/org/mozilla/fenix/home/topsites/TopSitesPagerAdapter.kt,Kotlin,Android Views,LayoutInflater; android.view.View; android.view.ViewGroup,https://github.com/mozilla-mobile/fenix/blob/HEAD/app/src/main/java/org/mozilla/fenix/home/topsites/TopSitesPagerAdapter.kt
mozilla-mobile/fenix,app/src/main/java/org/mozilla/fenix/library/LibraryPageFragment.kt,Kotlin,Android Views,findViewById,https://github.com/mozilla-mobile/fenix/blob/HEAD/app/src/main/java/org/mozilla/fenix/library/LibraryPageFragment.kt
mozilla-mobile/fenix,app/src/main/java/org/mozilla/fenix/library/LibraryPageView.kt,Kotlin,Android Views,findViewById; android.view.View; android.view.ViewGroup,https://github.com/mozilla-mobile/fenix/blob/HEAD/app/src/main/java/org/mozilla/fenix/library/LibraryPageView.kt
mozilla-mobile/fenix,app/src/main/java/org/mozilla/fenix/library/LibrarySiteItemView.kt,Kotlin,Android Views,LayoutInflater; android.widget.TextView; android.widget.ImageView; setOnClickListener; databinding,https://github.com/mozilla-mobile/fenix/blob/HEAD/app/src/main/java/org/mozilla/fenix/library/LibrarySiteItemView.kt
mozilla-mobile/fenix,app/src/main/java/org/mozilla/fenix/library/bookmarks/BookmarkAdapter.kt,Kotlin,Android Views,LayoutInflater; RecyclerView.Adapter; RecyclerView.ViewHolder; android.view.View; android.view.ViewGroup,https://github.com/mozilla-mobile/fenix/blob/HEAD/app/src/main/java/org/mozilla/fenix/library/bookmarks/BookmarkAdapter.kt
mozilla-mobile/fenix,app/src/main/java/org/mozilla/fenix/library/bookmarks/BookmarkFragment.kt,Kotlin,Android Views,LayoutInflater; android.view.View; android.view.ViewGroup; inflater.inflate; databinding,https://github.com/mozilla-mobile/fenix/blob/HEAD/app/src/main/java/org/mozilla/fenix/library/bookmarks/BookmarkFragment.kt
mozilla-mobile/fenix,app/src/main/java/org/mozilla/fenix/library/bookmarks/BookmarkSearchDialogFragment.kt,Kotlin,Android Views,LayoutInflater; android.view.View; android.view.ViewGroup; setOnClickListener; databinding,https://github.com/mozilla-mobile/fenix/blob/HEAD/app/src/main/java/org/mozilla/fenix/library/bookmarks/BookmarkSearchDialogFragment.kt
mozilla-mobile/fenix,app/src/main/java/org/mozilla/fenix/library/bookmarks/BookmarkView.kt,Kotlin,Android Views,LayoutInflater; android.view.View; android.view.ViewGroup; setOnClickListener; databinding,https://github.com/mozilla-mobile/fenix/blob/HEAD/app/src/main/java/org/mozilla/fenix/library/bookmarks/BookmarkView.kt
mozilla-mobile/fenix,app/src/main/java/org/mozilla/fenix/library/bookmarks/addfolder/AddBookmarkFolderFragment.kt,Kotlin,Android Views,android.view.View; setOnClickListener; inflater.inflate; databinding,https://github.com/mozilla-mobile/fenix/blob/HEAD/app/src/main/java/org/mozilla/fenix/library/bookmarks/addfolder/AddBookmarkFolderFragment.kt
mozilla-mobile/fenix,app/src/main/java/org/mozilla/fenix/library/bookmarks/awesomebar/AwesomeBarWrapper.kt,Kotlin,Jetpack Compose,androidx.compose; @Composable; ComposeView,https://github.com/mozilla-mobile/fenix/blob/HEAD/app/src/main/java/org/mozilla/fenix/library/bookmarks/awesomebar/AwesomeBarWrapper.kt
mozilla-mobile/fenix,app/src/main/java/org/mozilla/fenix/library/bookmarks/edit/EditBookmarkFragment.kt,Kotlin,Android Views,findViewById; android.view.View; setOnClickListener; inflater.inflate; databinding,https://github.com/mozilla-mobile/fenix/blob/HEAD/app/src/main/java/org/mozilla/fenix/library/bookmarks/edit/EditBookmarkFragment.kt
mozilla-mobile/fenix,app/src/main/java/org/mozilla/fenix/library/bookmarks/selectfolder/SelectBookmarkFolderAdapter.kt,Kotlin,Android Views,RecyclerView.ViewHolder; android.view.View; android.view.ViewGroup; setOnClickListener,https://github.com/mozilla-mobile/fenix/blob/HEAD/app/src/main/java/org/mozilla/fenix/library/bookmarks/selectfolder/SelectBookmarkFolderAdapter.kt
mozilla-mobile/fenix,app/src/main/java/org/mozilla/fenix/library/bookmarks/selectfolder/SelectBookmarkFolderFragment.kt,Kotlin,Android Views,LayoutInflater; android.view.View; android.view.ViewGroup; inflater.inflate; databinding,https://github.com/mozilla-mobile/fenix/blob/HEAD/app/src/main/java/org/mozilla/fenix/library/bookmarks/selectfolder/SelectBookmarkFolderFragment.kt
mozilla-mobile/fenix,app/src/main/java/org/mozilla/fenix/library/bookmarks/viewholders/BookmarkNodeViewHolder.kt,Kotlin,Android Views,RecyclerView.ViewHolder,https://github.com/mozilla-mobile/fenix/blob/HEAD/app/src/main/java/org/mozilla/fenix/library/bookmarks/viewholders/BookmarkNodeViewHolder.kt
mozilla-mobile/fenix,app/src/main/java/org/mozilla/fenix/library/bookmarks/viewholders/BookmarkSeparatorViewHolder.kt,Kotlin,Android Views,RecyclerView.ViewHolder; android.view.View,https://github.com/mozilla-mobile/fenix/blob/HEAD/app/src/main/java/org/mozilla/fenix/library/bookmarks/viewholders/BookmarkSeparatorViewHolder.kt
mozilla-mobile/fenix,app/src/main/java/org/mozilla/fenix/library/downloads/DownloadAdapter.kt,Kotlin,Android Views,LayoutInflater; RecyclerView.Adapter; android.view.View; android.view.ViewGroup,https://github.com/mozilla-mobile/fenix/blob/HEAD/app/src/main/java/org/mozilla/fenix/library/downloads/DownloadAdapter.kt
mozilla-mobile/fenix,app/src/main/java/org/mozilla/fenix/library/downloads/DownloadFragment.kt,Kotlin,Android Views,LayoutInflater; android.view.View; android.view.ViewGroup; inflater.inflate; databinding,https://github.com/mozilla-mobile/fenix/blob/HEAD/app/src/main/java/org/mozilla/fenix/library/downloads/DownloadFragment.kt
android/nowinandroid,app-nia-catalog/build.gradle.kts,Kotlin,Jetpack Compose,androidx.activity.compose,https://github.com/android/nowinandroid/blob/HEAD/app-nia-catalog/build.gradle.kts
android/nowinandroid,app-nia-catalog/src/main/AndroidManifest.xml,XML,Android Views,xmlns:android=,https://github.com/android/nowinandroid/blob/HEAD/app-nia-catalog/src/main/AndroidManifest.xml
android/nowinandroid,app-nia-catalog/src/main/kotlin/com/google/samples/apps/niacatalog/NiaCatalogActivity.kt,Kotlin,Jetpack Compose,setContent {; androidx.activity.compose,https://github.com/android/nowinandroid/blob/HEAD/app-nia-catalog/src/main/kotlin/com/google/samples/apps/niacatalog/NiaCatalogActivity.kt
android/nowinandroid,app-nia-catalog/src/main/kotlin/com/google/samples/apps/niacatalog/ui/Catalog.kt,Kotlin,Jetpack Compose,androidx.compose; @Composable; Column(; Row(; LazyColumn(; Modifier.; MaterialTheme,https://github.com/android/nowinandroid/blob/HEAD/app-nia-catalog/src/main/kotlin/com/google/samples/apps/niacatalog/ui/Catalog.kt
android/nowinandroid,app-nia-catalog/src/main/res/drawable/ic_launcher_background.xml,XML,Android Views,xmlns:android=,https://github.com/android/nowinandroid/blob/HEAD/app-nia-catalog/src/main/res/drawable/ic_launcher_background.xml
android/nowinandroid,app-nia-catalog/src/main/res/drawable/ic_launcher_foreground.xml,XML,Android Views,xmlns:android=,https://github.com/android/nowinandroid/blob/HEAD/app-nia-catalog/src/main/res/drawable/ic_launcher_foreground.xml
android/nowinandroid,app-nia-catalog/src/main/res/mipmap-anydpi-v26/ic_launcher.xml,XML,Android Views,xmlns:android=,https://github.com/android/nowinandroid/blob/HEAD/app-nia-catalog/src/main/res/mipmap-anydpi-v26/ic_launcher.xml
android/nowinandroid,app-nia-catalog/src/main/res/mipmap-anydpi-v26/ic_launcher_round.xml,XML,Android Views,xmlns:android=,https://github.com/android/nowinandroid/blob/HEAD/app-nia-catalog/src/main/res/mipmap-anydpi-v26/ic_launcher_round.xml
android/nowinandroid,app/build.gradle.kts,Kotlin,Jetpack Compose,androidx.compose; androidx.activity.compose,https://github.com/android/nowinandroid/blob/HEAD/app/build.gradle.kts
android/nowinandroid,app/src/androidTest/kotlin/com/google/samples/apps/nowinandroid/ui/NavigationTest.kt,Kotlin,Jetpack Compose,androidx.compose,https://github.com/android/nowinandroid/blob/HEAD/app/src/androidTest/kotlin/com/google/samples/apps/nowinandroid/ui/NavigationTest.kt
android/nowinandroid,app/src/androidTest/kotlin/com/google/samples/apps/nowinandroid/ui/UiTestExtensions.kt,Kotlin,Jetpack Compose,androidx.compose,https://github.com/android/nowinandroid/blob/HEAD/app/src/androidTest/kotlin/com/google/samples/apps/nowinandroid/ui/UiTestExtensions.kt
android/nowinandroid,app/src/main/AndroidManifest.xml,XML,Android Views,xmlns:android=,https://github.com/android/nowinandroid/blob/HEAD/app/src/main/AndroidManifest.xml
android/nowinandroid,app/src/main/kotlin/com/google/samples/apps/nowinandroid/MainActivity.kt,Kotlin,Jetpack Compose,androidx.compose; setContent {; androidx.activity.compose,https://github.com/android/nowinandroid/blob/HEAD/app/src/main/kotlin/com/google/samples/apps/nowinandroid/MainActivity.kt
android/nowinandroid,app/src/main/kotlin/com/google/samples/apps/nowinandroid/navigation/TopLevelNavItem.kt,Kotlin,Jetpack Compose,androidx.compose,https://github.com/android/nowinandroid/blob/HEAD/app/src/main/kotlin/com/google/samples/apps/nowinandroid/navigation/TopLevelNavItem.kt
android/nowinandroid,app/src/main/kotlin/com/google/samples/apps/nowinandroid/ui/NiaApp.kt,Kotlin,Jetpack Compose,androidx.compose; @Composable; remember {; LaunchedEffect; Scaffold(; Column(; Box(; Modifier.; MaterialTheme,https://github.com/android/nowinandroid/blob/HEAD/app/src/main/kotlin/com/google/samples/apps/nowinandroid/ui/NiaApp.kt
android/nowinandroid,app/src/main/kotlin/com/google/samples/apps/nowinandroid/ui/NiaAppState.kt,Kotlin,Jetpack Compose,androidx.compose; @Composable; rememberCoroutineScope,https://github.com/android/nowinandroid/blob/HEAD/app/src/main/kotlin/com/google/samples/apps/nowinandroid/ui/NiaAppState.kt
android/nowinandroid,app/src/main/res/drawable/ic_launcher_background.xml,XML,Android Views,xmlns:android=,https://github.com/android/nowinandroid/blob/HEAD/app/src/main/res/drawable/ic_launcher_background.xml
android/nowinandroid,app/src/main/res/drawable/ic_launcher_foreground.xml,XML,Android Views,xmlns:android=,https://github.com/android/nowinandroid/blob/HEAD/app/src/main/res/drawable/ic_launcher_foreground.xml
android/nowinandroid,app/src/main/res/drawable/ic_splash.xml,XML,Android Views,xmlns:android=,https://github.com/android/nowinandroid/blob/HEAD/app/src/main/res/drawable/ic_splash.xml
android/nowinandroid,app/src/main/res/mipmap-anydpi-v26/ic_launcher.xml,XML,Android Views,xmlns:android=,https://github.com/android/nowinandroid/blob/HEAD/app/src/main/res/mipmap-anydpi-v26/ic_launcher.xml
android/nowinandroid,app/src/main/res/mipmap-anydpi-v26/ic_launcher_round.xml,XML,Android Views,xmlns:android=,https://github.com/android/nowinandroid/blob/HEAD/app/src/main/res/mipmap-anydpi-v26/ic_launcher_round.xml
android/nowinandroid,app/src/prod/AndroidManifest.xml,XML,Android Views,xmlns:android=,https://github.com/android/nowinandroid/blob/HEAD/app/src/prod/AndroidManifest.xml
android/nowinandroid,app/src/testDemo/kotlin/com/google/samples/apps/nowinandroid/ui/DeviceConfigurationOverrideWindowInsets.kt,Kotlin,Jetpack Compose,androidx.compose; @Composable; ComposeView,https://github.com/android/nowinandroid/blob/HEAD/app/src/testDemo/kotlin/com/google/samples/apps/nowinandroid/ui/DeviceConfigurationOverrideWindowInsets.kt
android/nowinandroid,app/src/testDemo/kotlin/com/google/samples/apps/nowinandroid/ui/NiaAppScreenSizesScreenshotTests.kt,Kotlin,Jetpack Compose,androidx.compose; setContent {,https://github.com/android/nowinandroid/blob/HEAD/app/src/testDemo/kotlin/com/google/samples/apps/nowinandroid/ui/NiaAppScreenSizesScreenshotTests.kt
android/nowinandroid,app/src/testDemo/kotlin/com/google/samples/apps/nowinandroid/ui/NiaAppStateTest.kt,Kotlin,Jetpack Compose,androidx.compose; setContent {,https://github.com/android/nowinandroid/blob/HEAD/app/src/testDemo/kotlin/com/google/samples/apps/nowinandroid/ui/NiaAppStateTest.kt
android/nowinandroid,app/src/testDemo/kotlin/com/google/samples/apps/nowinandroid/ui/SnackbarInsetsScreenshotTests.kt,Kotlin,Jetpack Compose,androidx.compose; @Composable; setContent {; rememberCoroutineScope; Box(; Modifier.,https://github.com/android/nowinandroid/blob/HEAD/app/src/testDemo/kotlin/com/google/samples/apps/nowinandroid/ui/SnackbarInsetsScreenshotTests.kt
android/nowinandroid,app/src/testDemo/kotlin/com/google/samples/apps/nowinandroid/ui/SnackbarScreenshotTests.kt,Kotlin,Jetpack Compose,androidx.compose; setContent {; rememberCoroutineScope,https://github.com/android/nowinandroid/blob/HEAD/app/src/testDemo/kotlin/com/google/samples/apps/nowinandroid/ui/SnackbarScreenshotTests.kt
android/nowinandroid,core/analytics/build.gradle.kts,Kotlin,Jetpack Compose,androidx.compose,https://github.com/android/nowinandroid/blob/HEAD/core/analytics/build.gradle.kts
android/nowinandroid,core/analytics/src/main/kotlin/com/google/samples/apps/nowinandroid/core/analytics/UiHelpers.kt,Kotlin,Jetpack Compose,androidx.compose,https://github.com/android/nowinandroid/blob/HEAD/core/analytics/src/main/kotlin/com/google/samples/apps/nowinandroid/core/analytics/UiHelpers.kt
android/nowinandroid,core/data/src/main/AndroidManifest.xml,XML,Android Views,xmlns:android=,https://github.com/android/nowinandroid/blob/HEAD/core/data/src/main/AndroidManifest.xml
android/nowinandroid,core/database/src/main/kotlin/com/google/samples/apps/nowinandroid/core/database/DatabaseMigrations.kt,Kotlin,Jetpack Compose,Column(,https://github.com/android/nowinandroid/blob/HEAD/core/database/src/main/kotlin/com/google/samples/apps/nowinandroid/core/database/DatabaseMigrations.kt
android/nowinandroid,core/designsystem/build.gradle.kts,Kotlin,Jetpack Compose,androidx.compose,https://github.com/android/nowinandroid/blob/HEAD/core/designsystem/build.gradle.kts
android/nowinandroid,core/designsystem/src/main/kotlin/com/google/samples/apps/nowinandroid/core/designsystem/component/Background.kt,Kotlin,Jetpack Compose,androidx.compose; @Composable; Box(; Surface(; Modifier.,https://github.com/android/nowinandroid/blob/HEAD/core/designsystem/src/main/kotlin/com/google/samples/apps/nowinandroid/core/designsystem/component/Background.kt
android/nowinandroid,core/designsystem/src/main/kotlin/com/google/samples/apps/nowinandroid/core/designsystem/component/Button.kt,Kotlin,Jetpack Compose,androidx.compose; @Composable; Box(; Modifier.; MaterialTheme,https://github.com/android/nowinandroid/blob/HEAD/core/designsystem/src/main/kotlin/com/google/samples/apps/nowinandroid/core/designsystem/component/Button.kt
android/nowinandroid,core/designsystem/src/main/kotlin/com/google/samples/apps/nowinandroid/core/designsystem/component/Chip.kt,Kotlin,Jetpack Compose,androidx.compose; @Composable; Modifier.; MaterialTheme,https://github.com/android/nowinandroid/blob/HEAD/core/designsystem/src/main/kotlin/com/google/samples/apps/nowinandroid/core/designsystem/component/Chip.kt
android/nowinandroid,core/designsystem/src/main/kotlin/com/google/samples/apps/nowinandroid/core/designsystem/component/DynamicAsyncImage.kt,Kotlin,Jetpack Compose,androidx.compose; @Composable; remember {; Box(; MaterialTheme,https://github.com/android/nowinandroid/blob/HEAD/core/designsystem/src/main/kotlin/com/google/samples/apps/nowinandroid/core/designsystem/component/DynamicAsyncImage.kt
android/nowinandroid,core/designsystem/src/main/kotlin/com/google/samples/apps/nowinandroid/core/designsystem/component/IconButton.kt,Kotlin,Jetpack Compose,androidx.compose; @Composable; MaterialTheme,https://github.com/android/nowinandroid/blob/HEAD/core/designsystem/src/main/kotlin/com/google/samples/apps/nowinandroid/core/designsystem/component/IconButton.kt
android/nowinandroid,core/designsystem/src/main/kotlin/com/google/samples/apps/nowinandroid/core/designsystem/component/LoadingWheel.kt,Kotlin,Jetpack Compose,androidx.compose; @Composable; remember {; LaunchedEffect; Surface(; MaterialTheme,https://github.com/android/nowinandroid/blob/HEAD/core/designsystem/src/main/kotlin/com/google/samples/apps/nowinandroid/core/designsystem/component/LoadingWheel.kt
android/nowinandroid,core/designsystem/src/main/kotlin/com/google/samples/apps/nowinandroid/core/designsystem/component/Navigation.kt,Kotlin,Jetpack Compose,androidx.compose; @Composable; Scaffold(; MaterialTheme,https://github.com/android/nowinandroid/blob/HEAD/core/designsystem/src/main/kotlin/com/google/samples/apps/nowinandroid/core/designsystem/component/Navigation.kt
android/nowinandroid,core/designsystem/src/main/kotlin/com/google/samples/apps/nowinandroid/core/designsystem/component/Tabs.kt,Kotlin,Jetpack Compose,androidx.compose; @Composable; Row(; Box(; Modifier.; MaterialTheme,https://github.com/android/nowinandroid/blob/HEAD/core/designsystem/src/main/kotlin/com/google/samples/apps/nowinandroid/core/designsystem/component/Tabs.kt
android/nowinandroid,core/designsystem/src/main/kotlin/com/google/samples/apps/nowinandroid/core/designsystem/component/Tag.kt,Kotlin,Jetpack Compose,androidx.compose; @Composable; Box(; MaterialTheme,https://github.com/android/nowinandroid/blob/HEAD/core/designsystem/src/main/kotlin/com/google/samples/apps/nowinandroid/core/designsystem/component/Tag.kt
android/nowinandroid,core/designsystem/src/main/kotlin/com/google/samples/apps/nowinandroid/core/designsystem/component/TopAppBar.kt,Kotlin,Jetpack Compose,androidx.compose; @Composable; MaterialTheme,https://github.com/android/nowinandroid/blob/HEAD/core/designsystem/src/main/kotlin/com/google/samples/apps/nowinandroid/core/designsystem/component/TopAppBar.kt
android/nowinandroid,core/designsystem/src/main/kotlin/com/google/samples/apps/nowinandroid/core/designsystem/component/ViewToggle.kt,Kotlin,Jetpack Compose,androidx.compose; @Composable; Box(; Modifier.; MaterialTheme,https://github.com/android/nowinandroid/blob/HEAD/core/designsystem/src/main/kotlin/com/google/samples/apps/nowinandroid/core/designsystem/component/ViewToggle.kt
android/nowinandroid,core/designsystem/src/main/kotlin/com/google/samples/apps/nowinandroid/core/designsystem/component/scrollbar/AppScrollbars.kt,Kotlin,Jetpack Compose,androidx.compose; @Composable; remember {; LaunchedEffect; Box(; Modifier.; MaterialTheme,https://github.com/android/nowinandroid/blob/HEAD/core/designsystem/src/main/kotlin/com/google/samples/apps/nowinandroid/core/designsystem/component/scrollbar/AppScrollbars.kt
android/nowinandroid,core/designsystem/src/main/kotlin/com/google/samples/apps/nowinandroid/core/designsystem/component/scrollbar/LazyScrollbarUtilities.kt,Kotlin,Jetpack Compose,androidx.compose,https://github.com/android/nowinandroid/blob/HEAD/core/designsystem/src/main/kotlin/com/google/samples/apps/nowinandroid/core/designsystem/component/scrollbar/LazyScrollbarUtilities.kt
android/nowinandroid,core/designsystem/src/main/kotlin/com/google/samples/apps/nowinandroid/core/designsystem/component/scrollbar/Scrollbar.kt,Kotlin,Jetpack Compose,androidx.compose; @Composable; remember {; LaunchedEffect; Box(,https://github.com/android/nowinandroid/blob/HEAD/core/designsystem/src/main/kotlin/com/google/samples/apps/nowinandroid/core/designsystem/component/scrollbar/Scrollbar.kt
android/nowinandroid,core/designsystem/src/main/kotlin/com/google/samples/apps/nowinandroid/core/designsystem/component/scrollbar/ScrollbarExt.kt,Kotlin,Jetpack Compose,androidx.compose; @Composable; remember {; LaunchedEffect,https://github.com/android/nowinandroid/blob/HEAD/core/designsystem/src/main/kotlin/com/google/samples/apps/nowinandroid/core/designsystem/component/scrollbar/ScrollbarExt.kt
android/nowinandroid,core/designsystem/src/main/kotlin/com/google/samples/apps/nowinandroid/core/designsystem/component/scrollbar/ThumbExt.kt,Kotlin,Jetpack Compose,androidx.compose; @Composable; remember {; LaunchedEffect,https://github.com/android/nowinandroid/blob/HEAD/core/designsystem/src/main/kotlin/com/google/samples/apps/nowinandroid/core/designsystem/component/scrollbar/ThumbExt.kt
android/nowinandroid,core/designsystem/src/main/kotlin/com/google/samples/apps/nowinandroid/core/designsystem/icon/NiaIcons.kt,Kotlin,Jetpack Compose,androidx.compose,https://github.com/android/nowinandroid/blob/HEAD/core/designsystem/src/main/kotlin/com/google/samples/apps/nowinandroid/core/designsystem/icon/NiaIcons.kt
android/nowinandroid,core/designsystem/src/main/kotlin/com/google/samples/apps/nowinandroid/core/designsystem/theme/Background.kt,Kotlin,Jetpack Compose,androidx.compose,https://github.com/android/nowinandroid/blob/HEAD/core/designsystem/src/main/kotlin/com/google/samples/apps/nowinandroid/core/designsystem/theme/Background.kt
android/nowinandroid,core/designsystem/src/main/kotlin/com/google/samples/apps/nowinandroid/core/designsystem/theme/Color.kt,Kotlin,Jetpack Compose,androidx.compose,https://github.com/android/nowinandroid/blob/HEAD/core/designsystem/src/main/kotlin/com/google/samples/apps/nowinandroid/core/designsystem/theme/Color.kt
android/nowinandroid,core/designsystem/src/main/kotlin/com/google/samples/apps/nowinandroid/core/designsystem/theme/Gradient.kt,Kotlin,Jetpack Compose,androidx.compose,https://github.com/android/nowinandroid/blob/HEAD/core/designsystem/src/main/kotlin/com/google/samples/apps/nowinandroid/core/designsystem/theme/Gradient.kt
android/nowinandroid,core/designsystem/src/main/kotlin/com/google/samples/apps/nowinandroid/core/designsystem/theme/Theme.kt,Kotlin,Jetpack Compose,androidx.compose; @Composable; MaterialTheme,https://github.com/android/nowinandroid/blob/HEAD/core/designsystem/src/main/kotlin/com/google/samples/apps/nowinandroid/core/designsystem/theme/Theme.kt
android/nowinandroid,core/designsystem/src/main/kotlin/com/google/samples/apps/nowinandroid/core/designsystem/theme/Tint.kt,Kotlin,Jetpack Compose,androidx.compose,https://github.com/android/nowinandroid/blob/HEAD/core/designsystem/src/main/kotlin/com/google/samples/apps/nowinandroid/core/designsystem/theme/Tint.kt
android/nowinandroid,core/designsystem/src/main/kotlin/com/google/samples/apps/nowinandroid/core/designsystem/theme/Type.kt,Kotlin,Jetpack Compose,androidx.compose,https://github.com/android/nowinandroid/blob/HEAD/core/designsystem/src/main/kotlin/com/google/samples/apps/nowinandroid/core/designsystem/theme/Type.kt
android/nowinandroid,core/designsystem/src/main/res/drawable/core_designsystem_ic_placeholder_default.xml,XML,Android Views,xmlns:android=,https://github.com/android/nowinandroid/blob/HEAD/core/designsystem/src/main/res/drawable/core_designsystem_ic_placeholder_default.xml
android/nowinandroid,core/designsystem/src/test/kotlin/com/google/samples/apps/nowinandroid/core/designsystem/BackgroundScreenshotTests.kt,Kotlin,Jetpack Compose,androidx.compose; Modifier.,https://github.com/android/nowinandroid/blob/HEAD/core/designsystem/src/test/kotlin/com/google/samples/apps/nowinandroid/core/designsystem/BackgroundScreenshotTests.kt
android/nowinandroid,core/designsystem/src/test/kotlin/com/google/samples/apps/nowinandroid/core/designsystem/ButtonScreenshotTests.kt,Kotlin,Jetpack Compose,androidx.compose,https://github.com/android/nowinandroid/blob/HEAD/core/designsystem/src/test/kotlin/com/google/samples/apps/nowinandroid/core/designsystem/ButtonScreenshotTests.kt
android/nowinandroid,core/designsystem/src/test/kotlin/com/google/samples/apps/nowinandroid/core/designsystem/FilterChipScreenshotTests.kt,Kotlin,Jetpack Compose,androidx.compose; setContent {,https://github.com/android/nowinandroid/blob/HEAD/core/designsystem/src/test/kotlin/com/google/samples/apps/nowinandroid/core/designsystem/FilterChipScreenshotTests.kt
android/nowinandroid,core/designsystem/src/test/kotlin/com/google/samples/apps/nowinandroid/core/designsystem/IconButtonScreenshotTests.kt,Kotlin,Jetpack Compose,androidx.compose; @Composable,https://github.com/android/nowinandroid/blob/HEAD/core/designsystem/src/test/kotlin/com/google/samples/apps/nowinandroid/core/designsystem/IconButtonScreenshotTests.kt
android/nowinandroid,core/designsystem/src/test/kotlin/com/google/samples/apps/nowinandroid/core/designsystem/LoadingWheelScreenshotTests.kt,Kotlin,Jetpack Compose,androidx.compose; setContent {,https://github.com/android/nowinandroid/blob/HEAD/core/designsystem/src/test/kotlin/com/google/samples/apps/nowinandroid/core/designsystem/LoadingWheelScreenshotTests.kt
android/nowinandroid,core/designsystem/src/test/kotlin/com/google/samples/apps/nowinandroid/core/designsystem/NavigationScreenshotTests.kt,Kotlin,Jetpack Compose,androidx.compose; @Composable; setContent {,https://github.com/android/nowinandroid/blob/HEAD/core/designsystem/src/test/kotlin/com/google/samples/apps/nowinandroid/core/designsystem/NavigationScreenshotTests.kt
android/nowinandroid,core/designsystem/src/test/kotlin/com/google/samples/apps/nowinandroid/core/designsystem/TabsScreenshotTests.kt,Kotlin,Jetpack Compose,androidx.compose; @Composable; setContent {; Row(,https://github.com/android/nowinandroid/blob/HEAD/core/designsystem/src/test/kotlin/com/google/samples/apps/nowinandroid/core/designsystem/TabsScreenshotTests.kt
android/nowinandroid,core/designsystem/src/test/kotlin/com/google/samples/apps/nowinandroid/core/designsystem/TagScreenshotTests.kt,Kotlin,Jetpack Compose,androidx.compose; setContent {,https://github.com/android/nowinandroid/blob/HEAD/core/designsystem/src/test/kotlin/com/google/samples/apps/nowinandroid/core/designsystem/TagScreenshotTests.kt
android/nowinandroid,core/designsystem/src/test/kotlin/com/google/samples/apps/nowinandroid/core/designsystem/ThemeTest.kt,Kotlin,Jetpack Compose,androidx.compose; @Composable; setContent {; MaterialTheme,https://github.com/android/nowinandroid/blob/HEAD/core/designsystem/src/test/kotlin/com/google/samples/apps/nowinandroid/core/designsystem/ThemeTest.kt
android/nowinandroid,core/designsystem/src/test/kotlin/com/google/samples/apps/nowinandroid/core/designsystem/TopAppBarScreenshotTests.kt,Kotlin,Jetpack Compose,androidx.compose; @Composable; setContent {,https://github.com/android/nowinandroid/blob/HEAD/core/designsystem/src/test/kotlin/com/google/samples/apps/nowinandroid/core/designsystem/TopAppBarScreenshotTests.kt
android/nowinandroid,core/navigation/build.gradle.kts,Kotlin,Jetpack Compose,androidx.compose,https://github.com/android/nowinandroid/blob/HEAD/core/navigation/build.gradle.kts
android/nowinandroid,core/navigation/src/main/kotlin/com/google/samples/apps/nowinandroid/core/navigation/NavigationState.kt,Kotlin,Jetpack Compose,androidx.compose; @Composable,https://github.com/android/nowinandroid/blob/HEAD/core/navigation/src/main/kotlin/com/google/samples/apps/nowinandroid/core/navigation/NavigationState.kt
android/nowinandroid,core/network/src/main/AndroidManifest.xml,XML,Android Views,xmlns:android=,https://github.com/android/nowinandroid/blob/HEAD/core/network/src/main/AndroidManifest.xml
android/nowinandroid,core/notifications/build.gradle.kts,Kotlin,Jetpack Compose,androidx.compose,https://github.com/android/nowinandroid/blob/HEAD/core/notifications/build.gradle.kts
android/nowinandroid,core/notifications/src/main/AndroidManifest.xml,XML,Android Views,xmlns:android=,https://github.com/android/nowinandroid/blob/HEAD/core/notifications/src/main/AndroidManifest.xml
android/nowinandroid,core/notifications/src/main/res/drawable-anydpi-v24/core_notifications_ic_nia_notification.xml,XML,Android Views,xmlns:android=,https://github.com/android/nowinandroid/blob/HEAD/core/notifications/src/main/res/drawable-anydpi-v24/core_notifications_ic_nia_notification.xml
android/nowinandroid,core/screenshot-testing/build.gradle.kts,Kotlin,Jetpack Compose,androidx.compose; androidx.activity.compose,https://github.com/android/nowinandroid/blob/HEAD/core/screenshot-testing/build.gradle.kts
android/nowinandroid,core/screenshot-testing/src/main/AndroidManifest.xml,XML,Android Views,xmlns:android=,https://github.com/android/nowinandroid/blob/HEAD/core/screenshot-testing/src/main/AndroidManifest.xml
android/nowinandroid,core/screenshot-testing/src/main/kotlin/com/google/samples/apps/nowinandroid/core/testing/util/ScreenshotHelper.kt,Kotlin,Jetpack Compose,androidx.compose; @Composable; setContent {; androidx.activity.compose,https://github.com/android/nowinandroid/blob/HEAD/core/screenshot-testing/src/main/kotlin/com/google/samples/apps/nowinandroid/core/testing/util/ScreenshotHelper.kt
android/nowinandroid,core/ui/build.gradle.kts,Kotlin,Jetpack Compose,androidx.compose,https://github.com/android/nowinandroid/blob/HEAD/core/ui/build.gradle.kts
android/nowinandroid,core/ui/src/androidTest/kotlin/com/google/samples/apps/nowinandroid/core/ui/NewsResourceCardTest.kt,Kotlin,Jetpack Compose,androidx.compose; setContent {,https://github.com/android/nowinandroid/blob/HEAD/core/ui/src/androidTest/kotlin/com/google/samples/apps/nowinandroid/core/ui/NewsResourceCardTest.kt
android/nowinandroid,core/ui/src/main/kotlin/com/google/samples/apps/nowinandroid/core/ui/AnalyticsExtensions.kt,Kotlin,Jetpack Compose,androidx.compose; @Composable,https://github.com/android/nowinandroid/blob/HEAD/core/ui/src/main/kotlin/com/google/samples/apps/nowinandroid/core/ui/AnalyticsExtensions.kt
android/nowinandroid,core/ui/src/main/kotlin/com/google/samples/apps/nowinandroid/core/ui/DevicePreviews.kt,Kotlin,Jetpack Compose,androidx.compose,https://github.com/android/nowinandroid/blob/HEAD/core/ui/src/main/kotlin/com/google/samples/apps/nowinandroid/core/ui/DevicePreviews.kt
android/nowinandroid,core/ui/src/main/kotlin/com/google/samples/apps/nowinandroid/core/ui/FollowableTopicPreviewParameterProvider.kt,Kotlin,Jetpack Compose,androidx.compose,https://github.com/android/nowinandroid/blob/HEAD/core/ui/src/main/kotlin/com/google/samples/apps/nowinandroid/core/ui/FollowableTopicPreviewParameterProvider.kt
android/nowinandroid,core/ui/src/main/kotlin/com/google/samples/apps/nowinandroid/core/ui/InterestsItem.kt,Kotlin,Jetpack Compose,androidx.compose; @Composable; Modifier.; MaterialTheme,https://github.com/android/nowinandroid/blob/HEAD/core/ui/src/main/kotlin/com/google/samples/apps/nowinandroid/core/ui/InterestsItem.kt
android/nowinandroid,core/ui/src/main/kotlin/com/google/samples/apps/nowinandroid/core/ui/JankStatsExtensions.kt,Kotlin,Jetpack Compose,androidx.compose; @Composable; LaunchedEffect,https://github.com/android/nowinandroid/blob/HEAD/core/ui/src/main/kotlin/com/google/samples/apps/nowinandroid/core/ui/JankStatsExtensions.kt
android/nowinandroid,core/ui/src/main/kotlin/com/google/samples/apps/nowinandroid/core/ui/LocalTimeZone.kt,Kotlin,Jetpack Compose,androidx.compose,https://github.com/android/nowinandroid/blob/HEAD/core/ui/src/main/kotlin/com/google/samples/apps/nowinandroid/core/ui/LocalTimeZone.kt
android/nowinandroid,core/ui/src/main/kotlin/com/google/samples/apps/nowinandroid/core/ui/NewsFeed.kt,Kotlin,Jetpack Compose,androidx.compose; @Composable; MaterialTheme,https://github.com/android/nowinandroid/blob/HEAD/core/ui/src/main/kotlin/com/google/samples/apps/nowinandroid/core/ui/NewsFeed.kt
android/nowinandroid,core/ui/src/main/kotlin/com/google/samples/apps/nowinandroid/core/ui/NewsResourceCard.kt,Kotlin,Mixed (Compose + Android Views),androidx.compose; @Composable; remember {; Row(; Box(; Modifier.; MaterialTheme; android.view.View,https://github.com/android/nowinandroid/blob/HEAD/core/ui/src/main/kotlin/com/google/samples/apps/nowinandroid/core/ui/NewsResourceCard.kt
android/nowinandroid,core/ui/src/main/kotlin/com/google/samples/apps/nowinandroid/core/ui/NewsResourceCardList.kt,Kotlin,Jetpack Compose,androidx.compose; MaterialTheme,https://github.com/android/nowinandroid/blob/HEAD/core/ui/src/main/kotlin/com/google/samples/apps/nowinandroid/core/ui/NewsResourceCardList.kt
android/nowinandroid,core/ui/src/main/kotlin/com/google/samples/apps/nowinandroid/core/ui/UserNewsResourcePreviewParameterProvider.kt,Kotlin,Jetpack Compose,androidx.compose,https://github.com/android/nowinandroid/blob/HEAD/core/ui/src/main/kotlin/com/google/samples/apps/nowinandroid/core/ui/UserNewsResourcePreviewParameterProvider.kt
android/nowinandroid,feature/bookmarks/api/src/main/res/drawable/feature_bookmarks_api_mg_empty_bookmarks.xml,XML,Android Views,xmlns:android=,https://github.com/android/nowinandroid/blob/HEAD/feature/bookmarks/api/src/main/res/drawable/feature_bookmarks_api_mg_empty_bookmarks.xml
android/nowinandroid,feature/bookmarks/impl/build.gradle.kts,Kotlin,Jetpack Compose,androidx.compose,https://github.com/android/nowinandroid/blob/HEAD/feature/bookmarks/impl/build.gradle.kts
android/nowinandroid,feature/bookmarks/impl/src/androidTest/kotlin/com/google/samples/apps/nowinandroid/feature/bookmarks/impl/BookmarksScreenTest.kt,Kotlin,Jetpack Compose,androidx.compose; setContent {,https://github.com/android/nowinandroid/blob/HEAD/feature/bookmarks/impl/src/androidTest/kotlin/com/google/samples/apps/nowinandroid/feature/bookmarks/impl/BookmarksScreenTest.kt
android/nowinandroid,feature/bookmarks/impl/src/main/kotlin/com/google/samples/apps/nowinandroid/feature/bookmarks/impl/BookmarksScreen.kt,Kotlin,Jetpack Compose,androidx.compose; @Composable; LaunchedEffect; Column(; Box(; Modifier.; MaterialTheme,https://github.com/android/nowinandroid/blob/HEAD/feature/bookmarks/impl/src/main/kotlin/com/google/samples/apps/nowinandroid/feature/bookmarks/impl/BookmarksScreen.kt
android/nowinandroid,feature/bookmarks/impl/src/main/kotlin/com/google/samples/apps/nowinandroid/feature/bookmarks/impl/BookmarksViewModel.kt,Kotlin,Jetpack Compose,androidx.compose,https://github.com/android/nowinandroid/blob/HEAD/feature/bookmarks/impl/src/main/kotlin/com/google/samples/apps/nowinandroid/feature/bookmarks/impl/BookmarksViewModel.kt
android/nowinandroid,feature/bookmarks/impl/src/main/kotlin/com/google/samples/apps/nowinandroid/feature/bookmarks/impl/navigation/BookmarksEntryProvider.kt,Kotlin,Jetpack Compose,androidx.compose,https://github.com/android/nowinandroid/blob/HEAD/feature/bookmarks/impl/src/main/kotlin/com/google/samples/apps/nowinandroid/feature/bookmarks/impl/navigation/BookmarksEntryProvider.kt
android/nowinandroid,feature/foryou/api/src/main/res/drawable/feature_foryou_api_ic_icon_placeholder.xml,XML,Android Views,xmlns:android=,https://github.com/android/nowinandroid/blob/HEAD/feature/foryou/api/src/main/res/drawable/feature_foryou_api_ic_icon_placeholder.xml
android/nowinandroid,feature/foryou/impl/build.gradle.kts,Kotlin,Jetpack Compose,androidx.compose; androidx.activity.compose,https://github.com/android/nowinandroid/blob/HEAD/feature/foryou/impl/build.gradle.kts
android/nowinandroid,feature/foryou/impl/src/androidTest/kotlin/com/google/samples/apps/nowinandroid/feature/foryou/impl/ForYouScreenTest.kt,Kotlin,Jetpack Compose,androidx.compose; setContent {,https://github.com/android/nowinandroid/blob/HEAD/feature/foryou/impl/src/androidTest/kotlin/com/google/samples/apps/nowinandroid/feature/foryou/impl/ForYouScreenTest.kt
android/nowinandroid,feature/foryou/impl/src/main/kotlin/com/google/samples/apps/nowinandroid/feature/foryou/impl/ForYouScreen.kt,Kotlin,Jetpack Compose,androidx.compose; @Composable; LaunchedEffect; Column(; Row(; Box(; Surface(; Modifier.; MaterialTheme; androidx.activity.compose,https://github.com/android/nowinandroid/blob/HEAD/feature/foryou/impl/src/main/kotlin/com/google/samples/apps/nowinandroid/feature/foryou/impl/ForYouScreen.kt
android/nowinandroid,feature/foryou/impl/src/test/kotlin/com/google/samples/apps/nowinandroid/feature/foryou/impl/ForYouScreenScreenshotTests.kt,Kotlin,Jetpack Compose,androidx.compose; @Composable,https://github.com/android/nowinandroid/blob/HEAD/feature/foryou/impl/src/test/kotlin/com/google/samples/apps/nowinandroid/feature/foryou/impl/ForYouScreenScreenshotTests.kt
android/nowinandroid,feature/interests/api/src/main/res/drawable/feature_interests_api_ic_detail_placeholder.xml,XML,Android Views,xmlns:android=,https://github.com/android/nowinandroid/blob/HEAD/feature/interests/api/src/main/res/drawable/feature_interests_api_ic_detail_placeholder.xml
android/nowinandroid,feature/interests/impl/build.gradle.kts,Kotlin,Jetpack Compose,androidx.compose,https://github.com/android/nowinandroid/blob/HEAD/feature/interests/impl/build.gradle.kts
android/nowinandroid,feature/interests/impl/src/androidTest/kotlin/com/google/samples/apps/nowinandroid/feature/interests/impl/InterestsScreenTest.kt,Kotlin,Jetpack Compose,androidx.compose; @Composable; setContent {,https://github.com/android/nowinandroid/blob/HEAD/feature/interests/impl/src/androidTest/kotlin/com/google/samples/apps/nowinandroid/feature/interests/impl/InterestsScreenTest.kt
android/nowinandroid,feature/interests/impl/src/main/kotlin/com/google/samples/apps/nowinandroid/feature/interests/impl/InterestsDetailPlaceholder.kt,Kotlin,Jetpack Compose,androidx.compose; @Composable; Column(; Modifier.; MaterialTheme,https://github.com/android/nowinandroid/blob/HEAD/feature/interests/impl/src/main/kotlin/com/google/samples/apps/nowinandroid/feature/interests/impl/InterestsDetailPlaceholder.kt
android/nowinandroid,feature/interests/impl/src/main/kotlin/com/google/samples/apps/nowinandroid/feature/interests/impl/InterestsScreen.kt,Kotlin,Jetpack Compose,androidx.compose; @Composable; Column(,https://github.com/android/nowinandroid/blob/HEAD/feature/interests/impl/src/main/kotlin/com/google/samples/apps/nowinandroid/feature/interests/impl/InterestsScreen.kt
android/nowinandroid,feature/interests/impl/src/main/kotlin/com/google/samples/apps/nowinandroid/feature/interests/impl/TabContent.kt,Kotlin,Jetpack Compose,androidx.compose; @Composable; Column(; Box(; LazyColumn(; Modifier.,https://github.com/android/nowinandroid/blob/HEAD/feature/interests/impl/src/main/kotlin/com/google/samples/apps/nowinandroid/feature/interests/impl/TabContent.kt
android/nowinandroid,feature/interests/impl/src/main/kotlin/com/google/samples/apps/nowinandroid/feature/interests/impl/navigation/InterestsEntryProvider.kt,Kotlin,Jetpack Compose,androidx.compose,https://github.com/android/nowinandroid/blob/HEAD/feature/interests/impl/src/main/kotlin/com/google/samples/apps/nowinandroid/feature/interests/impl/navigation/InterestsEntryProvider.kt
android/nowinandroid,feature/interests/impl/src/test/kotlin/com/google/samples/apps/nowinandroid/interests/impl/InterestsListDetailScreenTest.kt,Kotlin,Jetpack Compose,androidx.compose; @Composable; setContent {,https://github.com/android/nowinandroid/blob/HEAD/feature/interests/impl/src/test/kotlin/com/google/samples/apps/nowinandroid/interests/impl/InterestsListDetailScreenTest.kt
android/nowinandroid,feature/search/impl/build.gradle.kts,Kotlin,Jetpack Compose,androidx.compose,https://github.com/android/nowinandroid/blob/HEAD/feature/search/impl/build.gradle.kts
android/nowinandroid,feature/search/impl/src/androidTest/kotlin/com/google/samples/apps/nowinandroid/feature/search/impl/SearchScreenTest.kt,Kotlin,Jetpack Compose,androidx.compose; setContent {,https://github.com/android/nowinandroid/blob/HEAD/feature/search/impl/src/androidTest/kotlin/com/google/samples/apps/nowinandroid/feature/search/impl/SearchScreenTest.kt
android/nowinandroid,feature/search/impl/src/main/kotlin/com/google/samples/apps/nowinandroid/feature/search/impl/SearchScreen.kt,Kotlin,Jetpack Compose,androidx.compose; @Composable; remember {; LaunchedEffect; Column(; Row(; Box(; LazyColumn(; Modifier.; MaterialTheme,https://github.com/android/nowinandroid/blob/HEAD/feature/search/impl/src/main/kotlin/com/google/samples/apps/nowinandroid/feature/search/impl/SearchScreen.kt
android/nowinandroid,feature/search/impl/src/main/kotlin/com/google/samples/apps/nowinandroid/feature/search/impl/SearchUiStatePreviewParameterProvider.kt,Kotlin,Jetpack Compose,androidx.compose,https://github.com/android/nowinandroid/blob/HEAD/feature/search/impl/src/main/kotlin/com/google/samples/apps/nowinandroid/feature/search/impl/SearchUiStatePreviewParameterProvider.kt
android/nowinandroid,feature/settings/impl/build.gradle.kts,Kotlin,Jetpack Compose,androidx.compose,https://github.com/android/nowinandroid/blob/HEAD/feature/settings/impl/build.gradle.kts
android/nowinandroid,feature/settings/impl/src/androidTest/kotlin/com/google/samples/apps/nowinandroid/feature/settings/impl/SettingsDialogTest.kt,Kotlin,Jetpack Compose,androidx.compose; setContent {,https://github.com/android/nowinandroid/blob/HEAD/feature/settings/impl/src/androidTest/kotlin/com/google/samples/apps/nowinandroid/feature/settings/impl/SettingsDialogTest.kt
android/nowinandroid,feature/settings/impl/src/main/AndroidManifest.xml,XML,Android Views,xmlns:android=,https://github.com/android/nowinandroid/blob/HEAD/feature/settings/impl/src/main/AndroidManifest.xml
android/nowinandroid,feature/settings/impl/src/main/kotlin/com/google/samples/apps/nowinandroid/feature/settings/impl/SettingsDialog.kt,Kotlin,Jetpack Compose,androidx.compose; @Composable; Column(; Row(; Modifier.; MaterialTheme,https://github.com/android/nowinandroid/blob/HEAD/feature/settings/impl/src/main/kotlin/com/google/samples/apps/nowinandroid/feature/settings/impl/SettingsDialog.kt
android/nowinandroid,feature/topic/impl/build.gradle.kts,Kotlin,Jetpack Compose,androidx.compose,https://github.com/android/nowinandroid/blob/HEAD/feature/topic/impl/build.gradle.kts
android/nowinandroid,feature/topic/impl/src/androidTest/kotlin/com/google/samples/apps/nowinandroid/feature/topic/impl/TopicScreenTest.kt,Kotlin,Jetpack Compose,androidx.compose; setContent {,https://github.com/android/nowinandroid/blob/HEAD/feature/topic/impl/src/androidTest/kotlin/com/google/samples/apps/nowinandroid/feature/topic/impl/TopicScreenTest.kt
android/nowinandroid,feature/topic/impl/src/main/kotlin/com/google/samples/apps/nowinandroid/feature/topic/impl/TopicScreen.kt,Kotlin,Jetpack Compose,androidx.compose; @Composable; Column(; Row(; Box(; LazyColumn(; Modifier.; MaterialTheme,https://github.com/android/nowinandroid/blob/HEAD/feature/topic/impl/src/main/kotlin/com/google/samples/apps/nowinandroid/feature/topic/impl/TopicScreen.kt
android/nowinandroid,feature/topic/impl/src/main/kotlin/com/google/samples/apps/nowinandroid/feature/topic/impl/navigation/TopicEntryProvider.kt,Kotlin,Jetpack Compose,androidx.compose,https://github.com/android/nowinandroid/blob/HEAD/feature/topic/impl/src/main/kotlin/com/google/samples/apps/nowinandroid/feature/topic/impl/navigation/TopicEntryProvider.kt
android/nowinandroid,lint/src/main/kotlin/com/google/samples/apps/nowinandroid/lint/designsystem/DesignSystemDetector.kt,Kotlin,Jetpack Compose,MaterialTheme,https://github.com/android/nowinandroid/blob/HEAD/lint/src/main/kotlin/com/google/samples/apps/nowinandroid/lint/designsystem/DesignSystemDetector.kt
android/nowinandroid,lint/src/test/kotlin/com/google/samples/apps/nowinandroid/lint/designsystem/DesignSystemDetectorTest.kt,Kotlin,Jetpack Compose,androidx.compose; @Composable; Row(; MaterialTheme,https://github.com/android/nowinandroid/blob/HEAD/lint/src/test/kotlin/com/google/samples/apps/nowinandroid/lint/designsystem/DesignSystemDetectorTest.kt
android/nowinandroid,sync/work/src/prod/AndroidManifest.xml,XML,Android Views,xmlns:android=,https://github.com/android/nowinandroid/blob/HEAD/sync/work/src/prod/AndroidManifest.xml
android/nowinandroid,ui-test-hilt-manifest/src/main/AndroidManifest.xml,XML,Android Views,xmlns:android=,https://github.com/android/nowinandroid/blob/HEAD/ui-test-hilt-manifest/src/main/AndroidManifest.xml
SimpleMobileTools/Simple-Music-Player,app/build.gradle.kts,Kotlin,Android Views,viewBinding,https://github.com/SimpleMobileTools/Simple-Music-Player/blob/HEAD/app/build.gradle.kts
SimpleMobileTools/Simple-Music-Player,app/src/main/AndroidManifest.xml,XML,Android Views,xmlns:android=,https://github.com/SimpleMobileTools/Simple-Music-Player/blob/HEAD/app/src/main/AndroidManifest.xml
SimpleMobileTools/Simple-Music-Player,app/src/main/kotlin/com/simplemobiletools/musicplayer/activities/AlbumsActivity.kt,Kotlin,Android Views,setContentView; databinding; viewBinding,https://github.com/SimpleMobileTools/Simple-Music-Player/blob/HEAD/app/src/main/kotlin/com/simplemobiletools/musicplayer/activities/AlbumsActivity.kt
SimpleMobileTools/Simple-Music-Player,app/src/main/kotlin/com/simplemobiletools/musicplayer/activities/EqualizerActivity.kt,Kotlin,Android Views,setContentView; addView(; setOnClickListener; databinding; viewBinding,https://github.com/SimpleMobileTools/Simple-Music-Player/blob/HEAD/app/src/main/kotlin/com/simplemobiletools/musicplayer/activities/EqualizerActivity.kt
SimpleMobileTools/Simple-Music-Player,app/src/main/kotlin/com/simplemobiletools/musicplayer/activities/ExcludedFoldersActivity.kt,Kotlin,Android Views,setContentView; databinding; viewBinding,https://github.com/SimpleMobileTools/Simple-Music-Player/blob/HEAD/app/src/main/kotlin/com/simplemobiletools/musicplayer/activities/ExcludedFoldersActivity.kt
SimpleMobileTools/Simple-Music-Player,app/src/main/kotlin/com/simplemobiletools/musicplayer/activities/MainActivity.kt,Kotlin,Android Views,setContentView; setOnClickListener; databinding; viewBinding; ActivityMainBinding,https://github.com/SimpleMobileTools/Simple-Music-Player/blob/HEAD/app/src/main/kotlin/com/simplemobiletools/musicplayer/activities/MainActivity.kt
SimpleMobileTools/Simple-Music-Player,app/src/main/kotlin/com/simplemobiletools/musicplayer/activities/QueueActivity.kt,Kotlin,Android Views,setContentView; databinding; viewBinding,https://github.com/SimpleMobileTools/Simple-Music-Player/blob/HEAD/app/src/main/kotlin/com/simplemobiletools/musicplayer/activities/QueueActivity.kt
SimpleMobileTools/Simple-Music-Player,app/src/main/kotlin/com/simplemobiletools/musicplayer/activities/SettingsActivity.kt,Kotlin,Android Views,setContentView; setOnClickListener; databinding; viewBinding,https://github.com/SimpleMobileTools/Simple-Music-Player/blob/HEAD/app/src/main/kotlin/com/simplemobiletools/musicplayer/activities/SettingsActivity.kt
SimpleMobileTools/Simple-Music-Player,app/src/main/kotlin/com/simplemobiletools/musicplayer/activities/SimpleMusicActivity.kt,Kotlin,Android Views,setOnClickListener,https://github.com/SimpleMobileTools/Simple-Music-Player/blob/HEAD/app/src/main/kotlin/com/simplemobiletools/musicplayer/activities/SimpleMusicActivity.kt
SimpleMobileTools/Simple-Music-Player,app/src/main/kotlin/com/simplemobiletools/musicplayer/activities/TrackActivity.kt,Kotlin,Android Views,setContentView; android.view.View; setOnClickListener; databinding; viewBinding,https://github.com/SimpleMobileTools/Simple-Music-Player/blob/HEAD/app/src/main/kotlin/com/simplemobiletools/musicplayer/activities/TrackActivity.kt
SimpleMobileTools/Simple-Music-Player,app/src/main/kotlin/com/simplemobiletools/musicplayer/activities/TracksActivity.kt,Kotlin,Android Views,setContentView; setOnClickListener; databinding; viewBinding,https://github.com/SimpleMobileTools/Simple-Music-Player/blob/HEAD/app/src/main/kotlin/com/simplemobiletools/musicplayer/activities/TracksActivity.kt
SimpleMobileTools/Simple-Music-Player,app/src/main/kotlin/com/simplemobiletools/musicplayer/activities/WidgetConfigureActivity.kt,Kotlin,Android Views,setContentView; setOnClickListener; databinding; viewBinding,https://github.com/SimpleMobileTools/Simple-Music-Player/blob/HEAD/app/src/main/kotlin/com/simplemobiletools/musicplayer/activities/WidgetConfigureActivity.kt
SimpleMobileTools/Simple-Music-Player,app/src/main/kotlin/com/simplemobiletools/musicplayer/adapters/AlbumsAdapter.kt,Kotlin,Android Views,android.view.View; android.view.ViewGroup; databinding,https://github.com/SimpleMobileTools/Simple-Music-Player/blob/HEAD/app/src/main/kotlin/com/simplemobiletools/musicplayer/adapters/AlbumsAdapter.kt
SimpleMobileTools/Simple-Music-Player,app/src/main/kotlin/com/simplemobiletools/musicplayer/adapters/AlbumsTracksAdapter.kt,Kotlin,Android Views,android.view.View; android.view.ViewGroup; databinding,https://github.com/SimpleMobileTools/Simple-Music-Player/blob/HEAD/app/src/main/kotlin/com/simplemobiletools/musicplayer/adapters/AlbumsTracksAdapter.kt
SimpleMobileTools/Simple-Music-Player,app/src/main/kotlin/com/simplemobiletools/musicplayer/adapters/ArtistsAdapter.kt,Kotlin,Android Views,android.view.View; android.view.ViewGroup; databinding,https://github.com/SimpleMobileTools/Simple-Music-Player/blob/HEAD/app/src/main/kotlin/com/simplemobiletools/musicplayer/adapters/ArtistsAdapter.kt
SimpleMobileTools/Simple-Music-Player,app/src/main/kotlin/com/simplemobiletools/musicplayer/adapters/BaseMusicAdapter.kt,Kotlin,Android Views,android.widget.ImageView,https://github.com/SimpleMobileTools/Simple-Music-Player/blob/HEAD/app/src/main/kotlin/com/simplemobiletools/musicplayer/adapters/BaseMusicAdapter.kt
SimpleMobileTools/Simple-Music-Player,app/src/main/kotlin/com/simplemobiletools/musicplayer/adapters/ExcludedFoldersAdapter.kt,Kotlin,Android Views,setOnClickListener; databinding,https://github.com/SimpleMobileTools/Simple-Music-Player/blob/HEAD/app/src/main/kotlin/com/simplemobiletools/musicplayer/adapters/ExcludedFoldersAdapter.kt
SimpleMobileTools/Simple-Music-Player,app/src/main/kotlin/com/simplemobiletools/musicplayer/adapters/FoldersAdapter.kt,Kotlin,Android Views,android.view.View; android.view.ViewGroup; databinding,https://github.com/SimpleMobileTools/Simple-Music-Player/blob/HEAD/app/src/main/kotlin/com/simplemobiletools/musicplayer/adapters/FoldersAdapter.kt
SimpleMobileTools/Simple-Music-Player,app/src/main/kotlin/com/simplemobiletools/musicplayer/adapters/GenresAdapter.kt,Kotlin,Android Views,android.view.View; android.view.ViewGroup; databinding,https://github.com/SimpleMobileTools/Simple-Music-Player/blob/HEAD/app/src/main/kotlin/com/simplemobiletools/musicplayer/adapters/GenresAdapter.kt
SimpleMobileTools/Simple-Music-Player,app/src/main/kotlin/com/simplemobiletools/musicplayer/adapters/PlaylistsAdapter.kt,Kotlin,Android Views,android.view.View; android.view.ViewGroup; databinding,https://github.com/SimpleMobileTools/Simple-Music-Player/blob/HEAD/app/src/main/kotlin/com/simplemobiletools/musicplayer/adapters/PlaylistsAdapter.kt
SimpleMobileTools/Simple-Music-Player,app/src/main/kotlin/com/simplemobiletools/musicplayer/adapters/QueueAdapter.kt,Kotlin,Android Views,RecyclerView.ViewHolder; android.view.View; android.view.ViewGroup; databinding,https://github.com/SimpleMobileTools/Simple-Music-Player/blob/HEAD/app/src/main/kotlin/com/simplemobiletools/musicplayer/adapters/QueueAdapter.kt
SimpleMobileTools/Simple-Music-Player,app/src/main/kotlin/com/simplemobiletools/musicplayer/adapters/TracksAdapter.kt,Kotlin,Android Views,RecyclerView.ViewHolder; android.view.View; android.view.ViewGroup; databinding,https://github.com/SimpleMobileTools/Simple-Music-Player/blob/HEAD/app/src/main/kotlin/com/simplemobiletools/musicplayer/adapters/TracksAdapter.kt
SimpleMobileTools/Simple-Music-Player,app/src/main/kotlin/com/simplemobiletools/musicplayer/adapters/TracksHeaderAdapter.kt,Kotlin,Android Views,android.view.View; android.view.ViewGroup; databinding,https://github.com/SimpleMobileTools/Simple-Music-Player/blob/HEAD/app/src/main/kotlin/com/simplemobiletools/musicplayer/adapters/TracksHeaderAdapter.kt
SimpleMobileTools/Simple-Music-Player,app/src/main/kotlin/com/simplemobiletools/musicplayer/adapters/ViewPagerAdapter.kt,Kotlin,Android Views,addView(; removeView(; android.view.View; android.view.ViewGroup; databinding,https://github.com/SimpleMobileTools/Simple-Music-Player/blob/HEAD/app/src/main/kotlin/com/simplemobiletools/musicplayer/adapters/ViewPagerAdapter.kt
SimpleMobileTools/Simple-Music-Player,app/src/main/kotlin/com/simplemobiletools/musicplayer/dialogs/ChangeSortingDialog.kt,Kotlin,Android Views,addView(; android.view.View; android.view.ViewGroup; databinding; viewBinding,https://github.com/SimpleMobileTools/Simple-Music-Player/blob/HEAD/app/src/main/kotlin/com/simplemobiletools/musicplayer/dialogs/ChangeSortingDialog.kt
SimpleMobileTools/Simple-Music-Player,app/src/main/kotlin/com/simplemobiletools/musicplayer/dialogs/EditDialog.kt,Kotlin,Android Views,setOnClickListener; databinding; viewBinding,https://github.com/SimpleMobileTools/Simple-Music-Player/blob/HEAD/app/src/main/kotlin/com/simplemobiletools/musicplayer/dialogs/EditDialog.kt
SimpleMobileTools/Simple-Music-Player,app/src/main/kotlin/com/simplemobiletools/musicplayer/dialogs/ExportPlaylistDialog.kt,Kotlin,Android Views,setOnClickListener; databinding; viewBinding,https://github.com/SimpleMobileTools/Simple-Music-Player/blob/HEAD/app/src/main/kotlin/com/simplemobiletools/musicplayer/dialogs/ExportPlaylistDialog.kt
SimpleMobileTools/Simple-Music-Player,app/src/main/kotlin/com/simplemobiletools/musicplayer/dialogs/ManageVisibleTabsDialog.kt,Kotlin,Android Views,databinding; viewBinding,https://github.com/SimpleMobileTools/Simple-Music-Player/blob/HEAD/app/src/main/kotlin/com/simplemobiletools/musicplayer/dialogs/ManageVisibleTabsDialog.kt
SimpleMobileTools/Simple-Music-Player,app/src/main/kotlin/com/simplemobiletools/musicplayer/dialogs/NewPlaylistDialog.kt,Kotlin,Android Views,setOnClickListener; databinding; viewBinding,https://github.com/SimpleMobileTools/Simple-Music-Player/blob/HEAD/app/src/main/kotlin/com/simplemobiletools/musicplayer/dialogs/NewPlaylistDialog.kt
SimpleMobileTools/Simple-Music-Player,app/src/main/kotlin/com/simplemobiletools/musicplayer/dialogs/RemovePlaylistDialog.kt,Kotlin,Android Views,databinding; viewBinding,https://github.com/SimpleMobileTools/Simple-Music-Player/blob/HEAD/app/src/main/kotlin/com/simplemobiletools/musicplayer/dialogs/RemovePlaylistDialog.kt
SimpleMobileTools/Simple-Music-Player,app/src/main/kotlin/com/simplemobiletools/musicplayer/dialogs/SelectPlaylistDialog.kt,Kotlin,Android Views,addView(; android.view.View; android.view.ViewGroup; setOnClickListener; databinding; viewBinding,https://github.com/SimpleMobileTools/Simple-Music-Player/blob/HEAD/app/src/main/kotlin/com/simplemobiletools/musicplayer/dialogs/SelectPlaylistDialog.kt
SimpleMobileTools/Simple-Music-Player,app/src/main/kotlin/com/simplemobiletools/musicplayer/dialogs/SleepTimerCustomDialog.kt,Kotlin,Android Views,databinding; viewBinding,https://github.com/SimpleMobileTools/Simple-Music-Player/blob/HEAD/app/src/main/kotlin/com/simplemobiletools/musicplayer/dialogs/SleepTimerCustomDialog.kt
SimpleMobileTools/Simple-Music-Player,app/src/main/kotlin/com/simplemobiletools/musicplayer/extensions/View.kt,Kotlin,Android Views,android.view.View; ViewBinding; viewBinding,https://github.com/SimpleMobileTools/Simple-Music-Player/blob/HEAD/app/src/main/kotlin/com/simplemobiletools/musicplayer/extensions/View.kt
SimpleMobileTools/Simple-Music-Player,app/src/main/kotlin/com/simplemobiletools/musicplayer/fragments/AlbumsFragment.kt,Kotlin,Android Views,databinding; viewBinding,https://github.com/SimpleMobileTools/Simple-Music-Player/blob/HEAD/app/src/main/kotlin/com/simplemobiletools/musicplayer/fragments/AlbumsFragment.kt
SimpleMobileTools/Simple-Music-Player,app/src/main/kotlin/com/simplemobiletools/musicplayer/fragments/ArtistsFragment.kt,Kotlin,Android Views,databinding; viewBinding,https://github.com/SimpleMobileTools/Simple-Music-Player/blob/HEAD/app/src/main/kotlin/com/simplemobiletools/musicplayer/fragments/ArtistsFragment.kt
SimpleMobileTools/Simple-Music-Player,app/src/main/kotlin/com/simplemobiletools/musicplayer/fragments/FoldersFragment.kt,Kotlin,Android Views,setOnClickListener; databinding; viewBinding,https://github.com/SimpleMobileTools/Simple-Music-Player/blob/HEAD/app/src/main/kotlin/com/simplemobiletools/musicplayer/fragments/FoldersFragment.kt
SimpleMobileTools/Simple-Music-Player,app/src/main/kotlin/com/simplemobiletools/musicplayer/fragments/GenresFragment.kt,Kotlin,Android Views,databinding; viewBinding,https://github.com/SimpleMobileTools/Simple-Music-Player/blob/HEAD/app/src/main/kotlin/com/simplemobiletools/musicplayer/fragments/GenresFragment.kt
SimpleMobileTools/Simple-Music-Player,app/src/main/kotlin/com/simplemobiletools/musicplayer/fragments/PlaybackSpeedFragment.kt,Kotlin,Android Views,LayoutInflater; android.view.View; android.view.ViewGroup; setOnClickListener; databinding,https://github.com/SimpleMobileTools/Simple-Music-Player/blob/HEAD/app/src/main/kotlin/com/simplemobiletools/musicplayer/fragments/PlaybackSpeedFragment.kt
SimpleMobileTools/Simple-Music-Player,app/src/main/kotlin/com/simplemobiletools/musicplayer/fragments/PlaylistsFragment.kt,Kotlin,Android Views,setOnClickListener; databinding; viewBinding,https://github.com/SimpleMobileTools/Simple-Music-Player/blob/HEAD/app/src/main/kotlin/com/simplemobiletools/musicplayer/fragments/PlaylistsFragment.kt
SimpleMobileTools/Simple-Music-Player,app/src/main/kotlin/com/simplemobiletools/musicplayer/fragments/TracksFragment.kt,Kotlin,Android Views,databinding; viewBinding,https://github.com/SimpleMobileTools/Simple-Music-Player/blob/HEAD/app/src/main/kotlin/com/simplemobiletools/musicplayer/fragments/TracksFragment.kt
SimpleMobileTools/Simple-Music-Player,app/src/main/kotlin/com/simplemobiletools/musicplayer/views/CurrentTrackBar.kt,Kotlin,Android Views,findViewById; setOnClickListener; databinding; viewBinding,https://github.com/SimpleMobileTools/Simple-Music-Player/blob/HEAD/app/src/main/kotlin/com/simplemobiletools/musicplayer/views/CurrentTrackBar.kt
SimpleMobileTools/Simple-Music-Player,app/src/main/kotlin/com/simplemobiletools/musicplayer/views/MarqueeTextView.kt,Kotlin,Android Views,android.view.View,https://github.com/SimpleMobileTools/Simple-Music-Player/blob/HEAD/app/src/main/kotlin/com/simplemobiletools/musicplayer/views/MarqueeTextView.kt
SimpleMobileTools/Simple-Music-Player,app/src/main/res/drawable/ic_album_vector.xml,XML,Android Views,xmlns:android=,https://github.com/SimpleMobileTools/Simple-Music-Player/blob/HEAD/app/src/main/res/drawable/ic_album_vector.xml
SimpleMobileTools/Simple-Music-Player,app/src/main/res/drawable/ic_equalizer_vector.xml,XML,Android Views,xmlns:android=,https://github.com/SimpleMobileTools/Simple-Music-Player/blob/HEAD/app/src/main/res/drawable/ic_equalizer_vector.xml
SimpleMobileTools/Simple-Music-Player,app/src/main/res/drawable/ic_folders_vector.xml,XML,Android Views,xmlns:android=,https://github.com/SimpleMobileTools/Simple-Music-Player/blob/HEAD/app/src/main/res/drawable/ic_folders_vector.xml
SimpleMobileTools/Simple-Music-Player,app/src/main/res/drawable/ic_genre_vector.xml,XML,Android Views,xmlns:android=,https://github.com/SimpleMobileTools/Simple-Music-Player/blob/HEAD/app/src/main/res/drawable/ic_genre_vector.xml
SimpleMobileTools/Simple-Music-Player,app/src/main/res/drawable/ic_launcher_monochrome.xml,XML,Android Views,xmlns:android=,https://github.com/SimpleMobileTools/Simple-Music-Player/blob/HEAD/app/src/main/res/drawable/ic_launcher_monochrome.xml
SimpleMobileTools/Simple-Music-Player,app/src/main/res/drawable/ic_music_note_vector.xml,XML,Android Views,xmlns:android=,https://github.com/SimpleMobileTools/Simple-Music-Player/blob/HEAD/app/src/main/res/drawable/ic_music_note_vector.xml
SimpleMobileTools/Simple-Music-Player,app/src/main/res/drawable/ic_play_one_song_vector.xml,XML,Android Views,xmlns:android=,https://github.com/SimpleMobileTools/Simple-Music-Player/blob/HEAD/app/src/main/res/drawable/ic_play_one_song_vector.xml
SimpleMobileTools/Simple-Music-Player,app/src/main/res/drawable/ic_playback_speed_slow_vector.xml,XML,Android Views,xmlns:android=,https://github.com/SimpleMobileTools/Simple-Music-Player/blob/HEAD/app/src/main/res/drawable/ic_playback_speed_slow_vector.xml
SimpleMobileTools/Simple-Music-Player,app/src/main/res/drawable/ic_playback_speed_vector.xml,XML,Android Views,xmlns:android=,https://github.com/SimpleMobileTools/Simple-Music-Player/blob/HEAD/app/src/main/res/drawable/ic_playback_speed_vector.xml
SimpleMobileTools/Simple-Music-Player,app/src/main/res/drawable/ic_playlist_vector.xml,XML,Android Views,xmlns:android=,https://github.com/SimpleMobileTools/Simple-Music-Player/blob/HEAD/app/src/main/res/drawable/ic_playlist_vector.xml
SimpleMobileTools/Simple-Music-Player,app/src/main/res/drawable/ic_repeat_one_song_vector.xml,XML,Android Views,xmlns:android=,https://github.com/SimpleMobileTools/Simple-Music-Player/blob/HEAD/app/src/main/res/drawable/ic_repeat_one_song_vector.xml
SimpleMobileTools/Simple-Music-Player,app/src/main/res/drawable/ic_repeat_playlist_vector.xml,XML,Android Views,xmlns:android=,https://github.com/SimpleMobileTools/Simple-Music-Player/blob/HEAD/app/src/main/res/drawable/ic_repeat_playlist_vector.xml
SimpleMobileTools/Simple-Music-Player,app/src/main/res/drawable/ic_shuffle_vector.xml,XML,Android Views,xmlns:android=,https://github.com/SimpleMobileTools/Simple-Music-Player/blob/HEAD/app/src/main/res/drawable/ic_shuffle_vector.xml
SimpleMobileTools/Simple-Music-Player,app/src/main/res/layout-land/item_playlist.xml,XML,Android Views,xmlns:android=; android:layout_width,https://github.com/SimpleMobileTools/Simple-Music-Player/blob/HEAD/app/src/main/res/layout-land/item_playlist.xml
SimpleMobileTools/Simple-Music-Player,app/src/main/res/layout/activity_albums.xml,XML,Android Views,xmlns:android=; android:layout_width; <RelativeLayout; <include,https://github.com/SimpleMobileTools/Simple-Music-Player/blob/HEAD/app/src/main/res/layout/activity_albums.xml
SimpleMobileTools/Simple-Music-Player,app/src/main/res/layout/activity_equalizer.xml,XML,Android Views,xmlns:android=; android:layout_width; <LinearLayout; <RelativeLayout,https://github.com/SimpleMobileTools/Simple-Music-Player/blob/HEAD/app/src/main/res/layout/activity_equalizer.xml
SimpleMobileTools/Simple-Music-Player,app/src/main/res/layout/activity_excluded_folders.xml,XML,Android Views,xmlns:android=; android:layout_width; <RelativeLayout,https://github.com/SimpleMobileTools/Simple-Music-Player/blob/HEAD/app/src/main/res/layout/activity_excluded_folders.xml
SimpleMobileTools/Simple-Music-Player,app/src/main/res/layout/activity_main.xml,XML,Android Views,xmlns:android=; android:layout_width; <RelativeLayout; <ImageView; <include,https://github.com/SimpleMobileTools/Simple-Music-Player/blob/HEAD/app/src/main/res/layout/activity_main.xml
SimpleMobileTools/Simple-Music-Player,app/src/main/res/layout/activity_queue.xml,XML,Android Views,xmlns:android=; android:layout_width; <RelativeLayout,https://github.com/SimpleMobileTools/Simple-Music-Player/blob/HEAD/app/src/main/res/layout/activity_queue.xml
SimpleMobileTools/Simple-Music-Player,app/src/main/res/layout/activity_settings.xml,XML,Android Views,xmlns:android=; android:layout_width; <LinearLayout; <RelativeLayout; <TextView; <include,https://github.com/SimpleMobileTools/Simple-Music-Player/blob/HEAD/app/src/main/res/layout/activity_settings.xml
SimpleMobileTools/Simple-Music-Player,app/src/main/res/layout/activity_track.xml,XML,Android Views,xmlns:android=; android:layout_width; <RelativeLayout; <ScrollView; <ImageView,https://github.com/SimpleMobileTools/Simple-Music-Player/blob/HEAD/app/src/main/res/layout/activity_track.xml
SimpleMobileTools/Simple-Music-Player,app/src/main/res/layout/activity_tracks.xml,XML,Android Views,xmlns:android=; android:layout_width; <RelativeLayout; <include,https://github.com/SimpleMobileTools/Simple-Music-Player/blob/HEAD/app/src/main/res/layout/activity_tracks.xml
SimpleMobileTools/Simple-Music-Player,app/src/main/res/layout/dialog_change_sorting.xml,XML,Android Views,xmlns:android=; android:layout_width; <LinearLayout; <ScrollView; <ImageView; <include,https://github.com/SimpleMobileTools/Simple-Music-Player/blob/HEAD/app/src/main/res/layout/dialog_change_sorting.xml
SimpleMobileTools/Simple-Music-Player,app/src/main/res/layout/dialog_custom_sleep_timer_picker.xml,XML,Android Views,xmlns:android=; android:layout_width; <LinearLayout,https://github.com/SimpleMobileTools/Simple-Music-Player/blob/HEAD/app/src/main/res/layout/dialog_custom_sleep_timer_picker.xml
SimpleMobileTools/Simple-Music-Player,app/src/main/res/layout/dialog_export_playlist.xml,XML,Android Views,xmlns:android=; android:layout_width; <LinearLayout; <ScrollView,https://github.com/SimpleMobileTools/Simple-Music-Player/blob/HEAD/app/src/main/res/layout/dialog_export_playlist.xml
SimpleMobileTools/Simple-Music-Player,app/src/main/res/layout/dialog_manage_visible_tabs.xml,XML,Android Views,xmlns:android=; android:layout_width; <LinearLayout; <ScrollView,https://github.com/SimpleMobileTools/Simple-Music-Player/blob/HEAD/app/src/main/res/layout/dialog_manage_visible_tabs.xml
SimpleMobileTools/Simple-Music-Player,app/src/main/res/layout/dialog_new_playlist.xml,XML,Android Views,xmlns:android=; android:layout_width; <LinearLayout,https://github.com/SimpleMobileTools/Simple-Music-Player/blob/HEAD/app/src/main/res/layout/dialog_new_playlist.xml
SimpleMobileTools/Simple-Music-Player,app/src/main/res/layout/dialog_remove_playlist.xml,XML,Android Views,xmlns:android=; android:layout_width; <LinearLayout,https://github.com/SimpleMobileTools/Simple-Music-Player/blob/HEAD/app/src/main/res/layout/dialog_remove_playlist.xml
SimpleMobileTools/Simple-Music-Player,app/src/main/res/layout/dialog_rename_song.xml,XML,Android Views,xmlns:android=; android:layout_width; <LinearLayout; <ScrollView,https://github.com/SimpleMobileTools/Simple-Music-Player/blob/HEAD/app/src/main/res/layout/dialog_rename_song.xml
SimpleMobileTools/Simple-Music-Player,app/src/main/res/layout/dialog_select_playlist.xml,XML,Android Views,xmlns:android=; android:layout_width; <LinearLayout; <RelativeLayout; <ScrollView; <ImageView,https://github.com/SimpleMobileTools/Simple-Music-Player/blob/HEAD/app/src/main/res/layout/dialog_select_playlist.xml
SimpleMobileTools/Simple-Music-Player,app/src/main/res/layout/equalizer_band.xml,XML,Android Views,xmlns:android=; android:layout_width; <RelativeLayout,https://github.com/SimpleMobileTools/Simple-Music-Player/blob/HEAD/app/src/main/res/layout/equalizer_band.xml
SimpleMobileTools/Simple-Music-Player,app/src/main/res/layout/fragment_albums.xml,XML,Android Views,xmlns:android=; android:layout_width,https://github.com/SimpleMobileTools/Simple-Music-Player/blob/HEAD/app/src/main/res/layout/fragment_albums.xml
SimpleMobileTools/Simple-Music-Player,app/src/main/res/layout/fragment_artists.xml,XML,Android Views,xmlns:android=; android:layout_width,https://github.com/SimpleMobileTools/Simple-Music-Player/blob/HEAD/app/src/main/res/layout/fragment_artists.xml
SimpleMobileTools/Simple-Music-Player,app/src/main/res/layout/fragment_folders.xml,XML,Android Views,xmlns:android=; android:layout_width,https://github.com/SimpleMobileTools/Simple-Music-Player/blob/HEAD/app/src/main/res/layout/fragment_folders.xml
SimpleMobileTools/Simple-Music-Player,app/src/main/res/layout/fragment_genres.xml,XML,Android Views,xmlns:android=; android:layout_width,https://github.com/SimpleMobileTools/Simple-Music-Player/blob/HEAD/app/src/main/res/layout/fragment_genres.xml
SimpleMobileTools/Simple-Music-Player,app/src/main/res/layout/fragment_playback_speed.xml,XML,Android Views,xmlns:android=; android:layout_width; <RelativeLayout; <ImageView,https://github.com/SimpleMobileTools/Simple-Music-Player/blob/HEAD/app/src/main/res/layout/fragment_playback_speed.xml
SimpleMobileTools/Simple-Music-Player,app/src/main/res/layout/fragment_playlists.xml,XML,Android Views,xmlns:android=; android:layout_width; <TextView,https://github.com/SimpleMobileTools/Simple-Music-Player/blob/HEAD/app/src/main/res/layout/fragment_playlists.xml
SimpleMobileTools/Simple-Music-Player,app/src/main/res/layout/fragment_tracks.xml,XML,Android Views,xmlns:android=; android:layout_width,https://github.com/SimpleMobileTools/Simple-Music-Player/blob/HEAD/app/src/main/res/layout/fragment_tracks.xml
SimpleMobileTools/Simple-Music-Player,app/src/main/res/layout/item_album.xml,XML,Android Views,xmlns:android=; android:layout_width; <FrameLayout; <ImageView,https://github.com/SimpleMobileTools/Simple-Music-Player/blob/HEAD/app/src/main/res/layout/item_album.xml
SimpleMobileTools/Simple-Music-Player,app/src/main/res/layout/item_album_header.xml,XML,Android Views,xmlns:android=; android:layout_width; <ImageView,https://github.com/SimpleMobileTools/Simple-Music-Player/blob/HEAD/app/src/main/res/layout/item_album_header.xml
SimpleMobileTools/Simple-Music-Player,app/src/main/res/layout/item_artist.xml,XML,Android Views,xmlns:android=; android:layout_width; <FrameLayout; <ImageView,https://github.com/SimpleMobileTools/Simple-Music-Player/blob/HEAD/app/src/main/res/layout/item_artist.xml
SimpleMobileTools/Simple-Music-Player,app/src/main/res/layout/item_excluded_folder.xml,XML,Android Views,xmlns:android=; android:layout_width; <RelativeLayout; <ImageView,https://github.com/SimpleMobileTools/Simple-Music-Player/blob/HEAD/app/src/main/res/layout/item_excluded_folder.xml
SimpleMobileTools/Simple-Music-Player,app/src/main/res/layout/item_folder.xml,XML,Android Views,xmlns:android=; android:layout_width,https://github.com/SimpleMobileTools/Simple-Music-Player/blob/HEAD/app/src/main/res/layout/item_folder.xml
SimpleMobileTools/Simple-Music-Player,app/src/main/res/layout/item_genre.xml,XML,Android Views,xmlns:android=; android:layout_width; <FrameLayout; <ImageView,https://github.com/SimpleMobileTools/Simple-Music-Player/blob/HEAD/app/src/main/res/layout/item_genre.xml
SimpleMobileTools/Simple-Music-Player,app/src/main/res/layout/item_playlist.xml,XML,Android Views,xmlns:android=; android:layout_width,https://github.com/SimpleMobileTools/Simple-Music-Player/blob/HEAD/app/src/main/res/layout/item_playlist.xml
SimpleMobileTools/Simple-Music-Player,app/src/main/res/layout/item_section.xml,XML,Android Views,xmlns:android=; android:layout_width,https://github.com/SimpleMobileTools/Simple-Music-Player/blob/HEAD/app/src/main/res/layout/item_section.xml
SimpleMobileTools/Simple-Music-Player,app/src/main/res/layout/item_select_playlist.xml,XML,Android Views,xmlns:android=; android:layout_width; <RelativeLayout,https://github.com/SimpleMobileTools/Simple-Music-Player/blob/HEAD/app/src/main/res/layout/item_select_playlist.xml
SimpleMobileTools/Simple-Music-Player,app/src/main/res/layout/item_track.xml,XML,Android Views,xmlns:android=; android:layout_width; <LinearLayout; <ImageView,https://github.com/SimpleMobileTools/Simple-Music-Player/blob/HEAD/app/src/main/res/layout/item_track.xml
SimpleMobileTools/Simple-Music-Player,app/src/main/res/layout/item_track_queue.xml,XML,Android Views,xmlns:android=; android:layout_width; <LinearLayout; <ImageView,https://github.com/SimpleMobileTools/Simple-Music-Player/blob/HEAD/app/src/main/res/layout/item_track_queue.xml
SimpleMobileTools/Simple-Music-Player,app/src/main/res/layout/item_transparent.xml,XML,Android Views,xmlns:android=; android:layout_width; <LinearLayout,https://github.com/SimpleMobileTools/Simple-Music-Player/blob/HEAD/app/src/main/res/layout/item_transparent.xml
SimpleMobileTools/Simple-Music-Player,app/src/main/res/layout/small_radio_button.xml,XML,Android Views,xmlns:android=; android:layout_width,https://github.com/SimpleMobileTools/Simple-Music-Player/blob/HEAD/app/src/main/res/layout/small_radio_button.xml
SimpleMobileTools/Simple-Music-Player,app/src/main/res/layout/small_widget.xml,XML,Android Views,xmlns:android=; android:layout_width; <RelativeLayout; <ImageView; <include,https://github.com/SimpleMobileTools/Simple-Music-Player/blob/HEAD/app/src/main/res/layout/small_widget.xml
SimpleMobileTools/Simple-Music-Player,app/src/main/res/layout/view_current_track_bar.xml,XML,Android Views,xmlns:android=; android:layout_width; <ImageView,https://github.com/SimpleMobileTools/Simple-Music-Player/blob/HEAD/app/src/main/res/layout/view_current_track_bar.xml
SimpleMobileTools/Simple-Music-Player,app/src/main/res/layout/widget.xml,XML,Android Views,xmlns:android=; android:layout_width; <RelativeLayout; <TextView; <ImageView; <include,https://github.com/SimpleMobileTools/Simple-Music-Player/blob/HEAD/app/src/main/res/layout/widget.xml
SimpleMobileTools/Simple-Music-Player,app/src/main/res/layout/widget_config.xml,XML,Android Views,xmlns:android=; android:layout_width; <RelativeLayout; <Button; <ImageView; <include,https://github.com/SimpleMobileTools/Simple-Music-Player/blob/HEAD/app/src/main/res/layout/widget_config.xml
SimpleMobileTools/Simple-Music-Player,app/src/main/res/layout/widget_controls.xml,XML,Android Views,xmlns:android=; android:layout_width; <LinearLayout; <ImageView,https://github.com/SimpleMobileTools/Simple-Music-Player/blob/HEAD/app/src/main/res/layout/widget_controls.xml
SimpleMobileTools/Simple-Music-Player,app/src/main/res/menu/cab_albums.xml,XML,Android Views,xmlns:android=,https://github.com/SimpleMobileTools/Simple-Music-Player/blob/HEAD/app/src/main/res/menu/cab_albums.xml
SimpleMobileTools/Simple-Music-Player,app/src/main/res/menu/cab_albums_tracks.xml,XML,Android Views,xmlns:android=,https://github.com/SimpleMobileTools/Simple-Music-Player/blob/HEAD/app/src/main/res/menu/cab_albums_tracks.xml
SimpleMobileTools/Simple-Music-Player,app/src/main/res/menu/cab_artists.xml,XML,Android Views,xmlns:android=,https://github.com/SimpleMobileTools/Simple-Music-Player/blob/HEAD/app/src/main/res/menu/cab_artists.xml
SimpleMobileTools/Simple-Music-Player,app/src/main/res/menu/cab_folders.xml,XML,Android Views,xmlns:android=,https://github.com/SimpleMobileTools/Simple-Music-Player/blob/HEAD/app/src/main/res/menu/cab_folders.xml
SimpleMobileTools/Simple-Music-Player,app/src/main/res/menu/cab_genres.xml,XML,Android Views,xmlns:android=,https://github.com/SimpleMobileTools/Simple-Music-Player/blob/HEAD/app/src/main/res/menu/cab_genres.xml
SimpleMobileTools/Simple-Music-Player,app/src/main/res/menu/cab_playlists.xml,XML,Android Views,xmlns:android=,https://github.com/SimpleMobileTools/Simple-Music-Player/blob/HEAD/app/src/main/res/menu/cab_playlists.xml
SimpleMobileTools/Simple-Music-Player,app/src/main/res/menu/cab_queue.xml,XML,Android Views,xmlns:android=,https://github.com/SimpleMobileTools/Simple-Music-Player/blob/HEAD/app/src/main/res/menu/cab_queue.xml
SimpleMobileTools/Simple-Music-Player,app/src/main/res/menu/cab_tracks.xml,XML,Android Views,xmlns:android=,https://github.com/SimpleMobileTools/Simple-Music-Player/blob/HEAD/app/src/main/res/menu/cab_tracks.xml
SimpleMobileTools/Simple-Music-Player,app/src/main/res/menu/cab_tracks_header.xml,XML,Android Views,xmlns:android=,https://github.com/SimpleMobileTools/Simple-Music-Player/blob/HEAD/app/src/main/res/menu/cab_tracks_header.xml
SimpleMobileTools/Simple-Music-Player,app/src/main/res/menu/menu_main.xml,XML,Android Views,xmlns:android=,https://github.com/SimpleMobileTools/Simple-Music-Player/blob/HEAD/app/src/main/res/menu/menu_main.xml
SimpleMobileTools/Simple-Music-Player,app/src/main/res/menu/menu_playlist.xml,XML,Android Views,xmlns:android=,https://github.com/SimpleMobileTools/Simple-Music-Player/blob/HEAD/app/src/main/res/menu/menu_playlist.xml
SimpleMobileTools/Simple-Music-Player,app/src/main/res/menu/menu_queue.xml,XML,Android Views,xmlns:android=,https://github.com/SimpleMobileTools/Simple-Music-Player/blob/HEAD/app/src/main/res/menu/menu_queue.xml
SimpleMobileTools/Simple-Music-Player,app/src/main/res/mipmap-anydpi-v26/ic_launcher.xml,XML,Android Views,xmlns:android=,https://github.com/SimpleMobileTools/Simple-Music-Player/blob/HEAD/app/src/main/res/mipmap-anydpi-v26/ic_launcher.xml
SimpleMobileTools/Simple-Music-Player,app/src/main/res/mipmap-anydpi-v26/ic_launcher_amber.xml,XML,Android Views,xmlns:android=,https://github.com/SimpleMobileTools/Simple-Music-Player/blob/HEAD/app/src/main/res/mipmap-anydpi-v26/ic_launcher_amber.xml
SimpleMobileTools/Simple-Music-Player,app/src/main/res/mipmap-anydpi-v26/ic_launcher_blue.xml,XML,Android Views,xmlns:android=,https://github.com/SimpleMobileTools/Simple-Music-Player/blob/HEAD/app/src/main/res/mipmap-anydpi-v26/ic_launcher_blue.xml
SimpleMobileTools/Simple-Music-Player,app/src/main/res/mipmap-anydpi-v26/ic_launcher_blue_grey.xml,XML,Android Views,xmlns:android=,https://github.com/SimpleMobileTools/Simple-Music-Player/blob/HEAD/app/src/main/res/mipmap-anydpi-v26/ic_launcher_blue_grey.xml
SimpleMobileTools/Simple-Music-Player,app/src/main/res/mipmap-anydpi-v26/ic_launcher_brown.xml,XML,Android Views,xmlns:android=,https://github.com/SimpleMobileTools/Simple-Music-Player/blob/HEAD/app/src/main/res/mipmap-anydpi-v26/ic_launcher_brown.xml
SimpleMobileTools/Simple-Music-Player,app/src/main/res/mipmap-anydpi-v26/ic_launcher_cyan.xml,XML,Android Views,xmlns:android=,https://github.com/SimpleMobileTools/Simple-Music-Player/blob/HEAD/app/src/main/res/mipmap-anydpi-v26/ic_launcher_cyan.xml
SimpleMobileTools/Simple-Music-Player,app/src/main/res/mipmap-anydpi-v26/ic_launcher_deep_orange.xml,XML,Android Views,xmlns:android=,https://github.com/SimpleMobileTools/Simple-Music-Player/blob/HEAD/app/src/main/res/mipmap-anydpi-v26/ic_launcher_deep_orange.xml
SimpleMobileTools/Simple-Music-Player,app/src/main/res/mipmap-anydpi-v26/ic_launcher_deep_purple.xml,XML,Android Views,xmlns:android=,https://github.com/SimpleMobileTools/Simple-Music-Player/blob/HEAD/app/src/main/res/mipmap-anydpi-v26/ic_launcher_deep_purple.xml
SimpleMobileTools/Simple-Music-Player,app/src/main/res/mipmap-anydpi-v26/ic_launcher_green.xml,XML,Android Views,xmlns:android=,https://github.com/SimpleMobileTools/Simple-Music-Player/blob/HEAD/app/src/main/res/mipmap-anydpi-v26/ic_launcher_green.xml
SimpleMobileTools/Simple-Music-Player,app/src/main/res/mipmap-anydpi-v26/ic_launcher_grey_black.xml,XML,Android Views,xmlns:android=,https://github.com/SimpleMobileTools/Simple-Music-Player/blob/HEAD/app/src/main/res/mipmap-anydpi-v26/ic_launcher_grey_black.xml
SimpleMobileTools/Simple-Music-Player,app/src/main/res/mipmap-anydpi-v26/ic_launcher_indigo.xml,XML,Android Views,xmlns:android=,https://github.com/SimpleMobileTools/Simple-Music-Player/blob/HEAD/app/src/main/res/mipmap-anydpi-v26/ic_launcher_indigo.xml
SimpleMobileTools/Simple-Music-Player,app/src/main/res/mipmap-anydpi-v26/ic_launcher_light_blue.xml,XML,Android Views,xmlns:android=,https://github.com/SimpleMobileTools/Simple-Music-Player/blob/HEAD/app/src/main/res/mipmap-anydpi-v26/ic_launcher_light_blue.xml
SimpleMobileTools/Simple-Music-Player,app/src/main/res/mipmap-anydpi-v26/ic_launcher_light_green.xml,XML,Android Views,xmlns:android=,https://github.com/SimpleMobileTools/Simple-Music-Player/blob/HEAD/app/src/main/res/mipmap-anydpi-v26/ic_launcher_light_green.xml
SimpleMobileTools/Simple-Music-Player,app/src/main/res/mipmap-anydpi-v26/ic_launcher_lime.xml,XML,Android Views,xmlns:android=,https://github.com/SimpleMobileTools/Simple-Music-Player/blob/HEAD/app/src/main/res/mipmap-anydpi-v26/ic_launcher_lime.xml
SimpleMobileTools/Simple-Music-Player,app/src/main/res/mipmap-anydpi-v26/ic_launcher_pink.xml,XML,Android Views,xmlns:android=,https://github.com/SimpleMobileTools/Simple-Music-Player/blob/HEAD/app/src/main/res/mipmap-anydpi-v26/ic_launcher_pink.xml
SimpleMobileTools/Simple-Music-Player,app/src/main/res/mipmap-anydpi-v26/ic_launcher_purple.xml,XML,Android Views,xmlns:android=,https://github.com/SimpleMobileTools/Simple-Music-Player/blob/HEAD/app/src/main/res/mipmap-anydpi-v26/ic_launcher_purple.xml
SimpleMobileTools/Simple-Music-Player,app/src/main/res/mipmap-anydpi-v26/ic_launcher_red.xml,XML,Android Views,xmlns:android=,https://github.com/SimpleMobileTools/Simple-Music-Player/blob/HEAD/app/src/main/res/mipmap-anydpi-v26/ic_launcher_red.xml
SimpleMobileTools/Simple-Music-Player,app/src/main/res/mipmap-anydpi-v26/ic_launcher_teal.xml,XML,Android Views,xmlns:android=,https://github.com/SimpleMobileTools/Simple-Music-Player/blob/HEAD/app/src/main/res/mipmap-anydpi-v26/ic_launcher_teal.xml
SimpleMobileTools/Simple-Music-Player,app/src/main/res/mipmap-anydpi-v26/ic_launcher_yellow.xml,XML,Android Views,xmlns:android=,https://github.com/SimpleMobileTools/Simple-Music-Player/blob/HEAD/app/src/main/res/mipmap-anydpi-v26/ic_launcher_yellow.xml
SimpleMobileTools/Simple-Music-Player,app/src/main/res/xml/searchable.xml,XML,Android Views,xmlns:android=,https://github.com/SimpleMobileTools/Simple-Music-Player/blob/HEAD/app/src/main/res/xml/searchable.xml
SimpleMobileTools/Simple-Music-Player,app/src/main/res/xml/widget_info.xml,XML,Android Views,xmlns:android=,https://github.com/SimpleMobileTools/Simple-Music-Player/blob/HEAD/app/src/main/res/xml/widget_info.xml
android/compose-samples,JetLagged/app/build.gradle.kts,Kotlin,Jetpack Compose,androidx.compose; androidx.activity.compose,https://github.com/android/compose-samples/blob/HEAD/JetLagged/app/build.gradle.kts
android/compose-samples,JetLagged/app/src/androidTest/java/com/example/jetlagged/AppTest.kt,Kotlin,Jetpack Compose,androidx.compose; setContent {,https://github.com/android/compose-samples/blob/HEAD/JetLagged/app/src/androidTest/java/com/example/jetlagged/AppTest.kt
android/compose-samples,JetLagged/app/src/main/AndroidManifest.xml,XML,Android Views,xmlns:android=,https://github.com/android/compose-samples/blob/HEAD/JetLagged/app/src/main/AndroidManifest.xml
android/compose-samples,JetLagged/app/src/main/java/com/example/jetlagged/HomeScreenCards.kt,Kotlin,Jetpack Compose,androidx.compose; @Composable; Column(; Row(; Modifier.,https://github.com/android/compose-samples/blob/HEAD/JetLagged/app/src/main/java/com/example/jetlagged/HomeScreenCards.kt
android/compose-samples,JetLagged/app/src/main/java/com/example/jetlagged/JetLaggedDrawer.kt,Kotlin,Jetpack Compose,androidx.compose; @Composable; rememberCoroutineScope; remember {; Column(; Box(; Surface(; Modifier.; androidx.activity.compose,https://github.com/android/compose-samples/blob/HEAD/JetLagged/app/src/main/java/com/example/jetlagged/JetLaggedDrawer.kt
android/compose-samples,JetLagged/app/src/main/java/com/example/jetlagged/JetLaggedScreen.kt,Kotlin,Jetpack Compose,androidx.compose; @Composable; Column(; Row(; Modifier.; MaterialTheme,https://github.com/android/compose-samples/blob/HEAD/JetLagged/app/src/main/java/com/example/jetlagged/JetLaggedScreen.kt
android/compose-samples,JetLagged/app/src/main/java/com/example/jetlagged/MainActivity.kt,Kotlin,Jetpack Compose,androidx.compose; setContent {; androidx.activity.compose,https://github.com/android/compose-samples/blob/HEAD/JetLagged/app/src/main/java/com/example/jetlagged/MainActivity.kt
android/compose-samples,JetLagged/app/src/main/java/com/example/jetlagged/backgrounds/BubbleBackground.kt,Kotlin,Jetpack Compose,androidx.compose; @Composable; Box(; Modifier.,https://github.com/android/compose-samples/blob/HEAD/JetLagged/app/src/main/java/com/example/jetlagged/backgrounds/BubbleBackground.kt
android/compose-samples,JetLagged/app/src/main/java/com/example/jetlagged/backgrounds/FadingCircleBackground.kt,Kotlin,Jetpack Compose,androidx.compose; @Composable; remember {; LaunchedEffect; Box(,https://github.com/android/compose-samples/blob/HEAD/JetLagged/app/src/main/java/com/example/jetlagged/backgrounds/FadingCircleBackground.kt
android/compose-samples,JetLagged/app/src/main/java/com/example/jetlagged/backgrounds/SimpleGradientBackground.kt,Kotlin,Jetpack Compose,androidx.compose; Modifier.,https://github.com/android/compose-samples/blob/HEAD/JetLagged/app/src/main/java/com/example/jetlagged/backgrounds/SimpleGradientBackground.kt
android/compose-samples,JetLagged/app/src/main/java/com/example/jetlagged/backgrounds/SolarFlareShaderBackground.kt,Kotlin,Jetpack Compose,androidx.compose; Modifier.,https://github.com/android/compose-samples/blob/HEAD/JetLagged/app/src/main/java/com/example/jetlagged/backgrounds/SolarFlareShaderBackground.kt
android/compose-samples,JetLagged/app/src/main/java/com/example/jetlagged/backgrounds/StripesShaderBackground.kt,Kotlin,Jetpack Compose,androidx.compose; Modifier.,https://github.com/android/compose-samples/blob/HEAD/JetLagged/app/src/main/java/com/example/jetlagged/backgrounds/StripesShaderBackground.kt
android/compose-samples,JetLagged/app/src/main/java/com/example/jetlagged/heartrate/HeartRateCard.kt,Kotlin,Jetpack Compose,androidx.compose; @Composable; Column(; Row(; Modifier.,https://github.com/android/compose-samples/blob/HEAD/JetLagged/app/src/main/java/com/example/jetlagged/heartrate/HeartRateCard.kt
android/compose-samples,JetLagged/app/src/main/java/com/example/jetlagged/heartrate/HeartRateGraph.kt,Kotlin,Jetpack Compose,androidx.compose; @Composable; Box(; Modifier.,https://github.com/android/compose-samples/blob/HEAD/JetLagged/app/src/main/java/com/example/jetlagged/heartrate/HeartRateGraph.kt
android/compose-samples,JetLagged/app/src/main/java/com/example/jetlagged/sleep/JetLaggedHeader.kt,Kotlin,Jetpack Compose,androidx.compose; @Composable; Row(; Box(; Modifier.,https://github.com/android/compose-samples/blob/HEAD/JetLagged/app/src/main/java/com/example/jetlagged/sleep/JetLaggedHeader.kt
android/compose-samples,JetLagged/app/src/main/java/com/example/jetlagged/sleep/JetLaggedHeaderTabs.kt,Kotlin,Jetpack Compose,androidx.compose; @Composable; Row(; Box(; MaterialTheme,https://github.com/android/compose-samples/blob/HEAD/JetLagged/app/src/main/java/com/example/jetlagged/sleep/JetLaggedHeaderTabs.kt
android/compose-samples,JetLagged/app/src/main/java/com/example/jetlagged/sleep/JetLaggedTimeGraph.kt,Kotlin,Jetpack Compose,androidx.compose; @Composable; remember {; Row(; Modifier.; MaterialTheme,https://github.com/android/compose-samples/blob/HEAD/JetLagged/app/src/main/java/com/example/jetlagged/sleep/JetLaggedTimeGraph.kt
android/compose-samples,JetLagged/app/src/main/java/com/example/jetlagged/sleep/SleepBar.kt,Kotlin,Jetpack Compose,androidx.compose; @Composable; remember {; Column(; Row(; Box(; Modifier.,https://github.com/android/compose-samples/blob/HEAD/JetLagged/app/src/main/java/com/example/jetlagged/sleep/SleepBar.kt
android/compose-samples,JetLagged/app/src/main/java/com/example/jetlagged/sleep/TimeGraph.kt,Kotlin,Jetpack Compose,androidx.compose; @Composable; Modifier.,https://github.com/android/compose-samples/blob/HEAD/JetLagged/app/src/main/java/com/example/jetlagged/sleep/TimeGraph.kt
android/compose-samples,JetLagged/app/src/main/java/com/example/jetlagged/ui/theme/Color.kt,Kotlin,Jetpack Compose,androidx.compose,https://github.com/android/compose-samples/blob/HEAD/JetLagged/app/src/main/java/com/example/jetlagged/ui/theme/Color.kt
android/compose-samples,JetLagged/app/src/main/java/com/example/jetlagged/ui/theme/Theme.kt,Kotlin,Jetpack Compose,androidx.compose; @Composable; MaterialTheme,https://github.com/android/compose-samples/blob/HEAD/JetLagged/app/src/main/java/com/example/jetlagged/ui/theme/Theme.kt
android/compose-samples,JetLagged/app/src/main/java/com/example/jetlagged/ui/theme/Type.kt,Kotlin,Jetpack Compose,androidx.compose,https://github.com/android/compose-samples/blob/HEAD/JetLagged/app/src/main/java/com/example/jetlagged/ui/theme/Type.kt
android/compose-samples,JetLagged/app/src/main/java/com/example/jetlagged/ui/util/MultiDevicePreview.kt,Kotlin,Jetpack Compose,androidx.compose,https://github.com/android/compose-samples/blob/HEAD/JetLagged/app/src/main/java/com/example/jetlagged/ui/util/MultiDevicePreview.kt
android/compose-samples,JetLagged/app/src/main/res/drawable/ic_bedtime.xml,XML,Android Views,xmlns:android=,https://github.com/android/compose-samples/blob/HEAD/JetLagged/app/src/main/res/drawable/ic_bedtime.xml
android/compose-samples,JetLagged/app/src/main/res/drawable/ic_home.xml,XML,Android Views,xmlns:android=,https://github.com/android/compose-samples/blob/HEAD/JetLagged/app/src/main/res/drawable/ic_home.xml
android/compose-samples,JetLagged/app/src/main/res/drawable/ic_launcher_foreground.xml,XML,Android Views,xmlns:android=,https://github.com/android/compose-samples/blob/HEAD/JetLagged/app/src/main/res/drawable/ic_launcher_foreground.xml
android/compose-samples,JetLagged/app/src/main/res/drawable/ic_leaderboard.xml,XML,Android Views,xmlns:android=,https://github.com/android/compose-samples/blob/HEAD/JetLagged/app/src/main/res/drawable/ic_leaderboard.xml
android/compose-samples,JetLagged/app/src/main/res/drawable/ic_menu.xml,XML,Android Views,xmlns:android=,https://github.com/android/compose-samples/blob/HEAD/JetLagged/app/src/main/res/drawable/ic_menu.xml
android/compose-samples,JetLagged/app/src/main/res/drawable/ic_settings.xml,XML,Android Views,xmlns:android=,https://github.com/android/compose-samples/blob/HEAD/JetLagged/app/src/main/res/drawable/ic_settings.xml
android/compose-samples,JetLagged/app/src/main/res/drawable/ic_single_bed.xml,XML,Android Views,xmlns:android=,https://github.com/android/compose-samples/blob/HEAD/JetLagged/app/src/main/res/drawable/ic_single_bed.xml
android/compose-samples,JetLagged/app/src/main/res/drawable/ic_watch.xml,XML,Android Views,xmlns:android=,https://github.com/android/compose-samples/blob/HEAD/JetLagged/app/src/main/res/drawable/ic_watch.xml
android/compose-samples,JetLagged/app/src/main/res/mipmap-anydpi-v26/ic_launcher.xml,XML,Android Views,xmlns:android=,https://github.com/android/compose-samples/blob/HEAD/JetLagged/app/src/main/res/mipmap-anydpi-v26/ic_launcher.xml
android/compose-samples,JetLagged/app/src/main/res/mipmap-anydpi-v26/ic_launcher_round.xml,XML,Android Views,xmlns:android=,https://github.com/android/compose-samples/blob/HEAD/JetLagged/app/src/main/res/mipmap-anydpi-v26/ic_launcher_round.xml
android/compose-samples,JetNews/app/build.gradle.kts,Kotlin,Jetpack Compose,androidx.compose; androidx.activity.compose,https://github.com/android/compose-samples/blob/HEAD/JetNews/app/build.gradle.kts
android/compose-samples,JetNews/app/src/androidTest/java/com/example/jetnews/HomeScreenTests.kt,Kotlin,Jetpack Compose,androidx.compose; setContent {,https://github.com/android/compose-samples/blob/HEAD/JetNews/app/src/androidTest/java/com/example/jetnews/HomeScreenTests.kt
android/compose-samples,JetNews/app/src/androidTest/java/com/example/jetnews/JetnewsTests.kt,Kotlin,Jetpack Compose,androidx.compose,https://github.com/android/compose-samples/blob/HEAD/JetNews/app/src/androidTest/java/com/example/jetnews/JetnewsTests.kt
android/compose-samples,JetNews/app/src/androidTest/java/com/example/jetnews/TestHelper.kt,Kotlin,Jetpack Compose,androidx.compose; setContent {,https://github.com/android/compose-samples/blob/HEAD/JetNews/app/src/androidTest/java/com/example/jetnews/TestHelper.kt
android/compose-samples,JetNews/app/src/main/AndroidManifest.xml,XML,Android Views,xmlns:android=,https://github.com/android/compose-samples/blob/HEAD/JetNews/app/src/main/AndroidManifest.xml
android/compose-samples,JetNews/app/src/main/java/com/example/jetnews/glance/ui/Divider.kt,Kotlin,Jetpack Compose,androidx.compose; @Composable,https://github.com/android/compose-samples/blob/HEAD/JetNews/app/src/main/java/com/example/jetnews/glance/ui/Divider.kt
android/compose-samples,JetNews/app/src/main/java/com/example/jetnews/glance/ui/JetnewsGlanceAppWidget.kt,Kotlin,Jetpack Compose,androidx.compose; @Composable; rememberCoroutineScope; Column(; Row(; LazyColumn(; Modifier.,https://github.com/android/compose-samples/blob/HEAD/JetNews/app/src/main/java/com/example/jetnews/glance/ui/JetnewsGlanceAppWidget.kt
android/compose-samples,JetNews/app/src/main/java/com/example/jetnews/glance/ui/Post.kt,Kotlin,Jetpack Compose,androidx.compose; @Composable; Column(; Row(; Modifier.,https://github.com/android/compose-samples/blob/HEAD/JetNews/app/src/main/java/com/example/jetnews/glance/ui/Post.kt
android/compose-samples,JetNews/app/src/main/java/com/example/jetnews/glance/ui/theme/Type.kt,Kotlin,Jetpack Compose,androidx.compose,https://github.com/android/compose-samples/blob/HEAD/JetNews/app/src/main/java/com/example/jetnews/glance/ui/theme/Type.kt
android/compose-samples,JetNews/app/src/main/java/com/example/jetnews/ui/AppDrawer.kt,Kotlin,Jetpack Compose,androidx.compose; @Composable; Row(; Modifier.; MaterialTheme,https://github.com/android/compose-samples/blob/HEAD/JetNews/app/src/main/java/com/example/jetnews/ui/AppDrawer.kt
android/compose-samples,JetNews/app/src/main/java/com/example/jetnews/ui/JetnewsApp.kt,Kotlin,Jetpack Compose,androidx.compose; @Composable; rememberCoroutineScope,https://github.com/android/compose-samples/blob/HEAD/JetNews/app/src/main/java/com/example/jetnews/ui/JetnewsApp.kt
android/compose-samples,JetNews/app/src/main/java/com/example/jetnews/ui/JetnewsNavDisplay.kt,Kotlin,Jetpack Compose,androidx.compose; @Composable,https://github.com/android/compose-samples/blob/HEAD/JetNews/app/src/main/java/com/example/jetnews/ui/JetnewsNavDisplay.kt
android/compose-samples,JetNews/app/src/main/java/com/example/jetnews/ui/MainActivity.kt,Kotlin,Jetpack Compose,androidx.compose; setContent {; remember {; androidx.activity.compose,https://github.com/android/compose-samples/blob/HEAD/JetNews/app/src/main/java/com/example/jetnews/ui/MainActivity.kt
android/compose-samples,JetNews/app/src/main/java/com/example/jetnews/ui/components/AppNavRail.kt,Kotlin,Jetpack Compose,androidx.compose; @Composable; Modifier.; MaterialTheme,https://github.com/android/compose-samples/blob/HEAD/JetNews/app/src/main/java/com/example/jetnews/ui/components/AppNavRail.kt
android/compose-samples,JetNews/app/src/main/java/com/example/jetnews/ui/components/JetnewsSnackbarHost.kt,Kotlin,Jetpack Compose,androidx.compose; @Composable,https://github.com/android/compose-samples/blob/HEAD/JetNews/app/src/main/java/com/example/jetnews/ui/components/JetnewsSnackbarHost.kt
android/compose-samples,JetNews/app/src/main/java/com/example/jetnews/ui/home/HomeScreens.kt,Kotlin,Jetpack Compose,androidx.compose; @Composable; remember {; LaunchedEffect; Scaffold(; Column(; Row(; Box(; LazyColumn(; Surface(,https://github.com/android/compose-samples/blob/HEAD/JetNews/app/src/main/java/com/example/jetnews/ui/home/HomeScreens.kt
android/compose-samples,JetNews/app/src/main/java/com/example/jetnews/ui/home/PostCardTop.kt,Kotlin,Jetpack Compose,androidx.compose; @Composable; Column(; Modifier.; MaterialTheme,https://github.com/android/compose-samples/blob/HEAD/JetNews/app/src/main/java/com/example/jetnews/ui/home/PostCardTop.kt
android/compose-samples,JetNews/app/src/main/java/com/example/jetnews/ui/home/PostCardYourNetwork.kt,Kotlin,Jetpack Compose,androidx.compose; @Composable; Column(; Modifier.; MaterialTheme,https://github.com/android/compose-samples/blob/HEAD/JetNews/app/src/main/java/com/example/jetnews/ui/home/PostCardYourNetwork.kt
android/compose-samples,JetNews/app/src/main/java/com/example/jetnews/ui/home/PostCards.kt,Kotlin,Jetpack Compose,androidx.compose; @Composable; remember {; Column(; Row(; Modifier.; MaterialTheme,https://github.com/android/compose-samples/blob/HEAD/JetNews/app/src/main/java/com/example/jetnews/ui/home/PostCards.kt
android/compose-samples,JetNews/app/src/main/java/com/example/jetnews/ui/interests/InterestsScreen.kt,Kotlin,Jetpack Compose,androidx.compose; @Composable; remember {; Scaffold(; Column(; Row(; Box(; Modifier.; MaterialTheme,https://github.com/android/compose-samples/blob/HEAD/JetNews/app/src/main/java/com/example/jetnews/ui/interests/InterestsScreen.kt
android/compose-samples,JetNews/app/src/main/java/com/example/jetnews/ui/interests/SelectTopicButton.kt,Kotlin,Jetpack Compose,androidx.compose; @Composable; Surface(; Modifier.; MaterialTheme,https://github.com/android/compose-samples/blob/HEAD/JetNews/app/src/main/java/com/example/jetnews/ui/interests/SelectTopicButton.kt
android/compose-samples,JetNews/app/src/main/java/com/example/jetnews/ui/modifiers/KeyEvents.kt,Kotlin,Jetpack Compose,androidx.compose; Modifier.,https://github.com/android/compose-samples/blob/HEAD/JetNews/app/src/main/java/com/example/jetnews/ui/modifiers/KeyEvents.kt
android/compose-samples,JetNews/app/src/main/java/com/example/jetnews/ui/navigation/ListDetailScene.kt,Kotlin,Jetpack Compose,androidx.compose; @Composable; Box(,https://github.com/android/compose-samples/blob/HEAD/JetNews/app/src/main/java/com/example/jetnews/ui/navigation/ListDetailScene.kt
android/compose-samples,JetNews/app/src/main/java/com/example/jetnews/ui/navigation/NavigationState.kt,Kotlin,Jetpack Compose,androidx.compose; @Composable,https://github.com/android/compose-samples/blob/HEAD/JetNews/app/src/main/java/com/example/jetnews/ui/navigation/NavigationState.kt
android/compose-samples,JetNews/app/src/main/java/com/example/jetnews/ui/post/PostContent.kt,Kotlin,Jetpack Compose,androidx.compose; @Composable; Column(; Row(; Box(; LazyColumn(; Surface(; Modifier.; MaterialTheme,https://github.com/android/compose-samples/blob/HEAD/JetNews/app/src/main/java/com/example/jetnews/ui/post/PostContent.kt
android/compose-samples,JetNews/app/src/main/java/com/example/jetnews/ui/post/PostScreen.kt,Kotlin,Jetpack Compose,androidx.compose; @Composable; LaunchedEffect; Scaffold(; Row(; Box(; Surface(; Modifier.; MaterialTheme,https://github.com/android/compose-samples/blob/HEAD/JetNews/app/src/main/java/com/example/jetnews/ui/post/PostScreen.kt
android/compose-samples,JetNews/app/src/main/java/com/example/jetnews/ui/theme/Color.kt,Kotlin,Jetpack Compose,androidx.compose,https://github.com/android/compose-samples/blob/HEAD/JetNews/app/src/main/java/com/example/jetnews/ui/theme/Color.kt
android/compose-samples,JetNews/app/src/main/java/com/example/jetnews/ui/theme/Shape.kt,Kotlin,Jetpack Compose,androidx.compose,https://github.com/android/compose-samples/blob/HEAD/JetNews/app/src/main/java/com/example/jetnews/ui/theme/Shape.kt
android/compose-samples,JetNews/app/src/main/java/com/example/jetnews/ui/theme/Theme.kt,Kotlin,Jetpack Compose,androidx.compose; @Composable; MaterialTheme,https://github.com/android/compose-samples/blob/HEAD/JetNews/app/src/main/java/com/example/jetnews/ui/theme/Theme.kt
android/compose-samples,JetNews/app/src/main/java/com/example/jetnews/ui/theme/Type.kt,Kotlin,Jetpack Compose,androidx.compose,https://github.com/android/compose-samples/blob/HEAD/JetNews/app/src/main/java/com/example/jetnews/ui/theme/Type.kt
android/compose-samples,JetNews/app/src/main/java/com/example/jetnews/ui/utils/JetnewsIcons.kt,Kotlin,Jetpack Compose,androidx.compose; @Composable,https://github.com/android/compose-samples/blob/HEAD/JetNews/app/src/main/java/com/example/jetnews/ui/utils/JetnewsIcons.kt
android/compose-samples,JetNews/app/src/main/java/com/example/jetnews/ui/utils/NewIntentEffect.kt,Kotlin,Jetpack Compose,androidx.compose; @Composable; androidx.activity.compose,https://github.com/android/compose-samples/blob/HEAD/JetNews/app/src/main/java/com/example/jetnews/ui/utils/NewIntentEffect.kt
android/compose-samples,JetNews/app/src/main/java/com/example/jetnews/utils/LazyListUtils.kt,Kotlin,Jetpack Compose,androidx.compose,https://github.com/android/compose-samples/blob/HEAD/JetNews/app/src/main/java/com/example/jetnews/utils/LazyListUtils.kt
android/compose-samples,JetNews/app/src/main/java/com/example/jetnews/utils/MultipreviewAnnotations.kt,Kotlin,Jetpack Compose,androidx.compose,https://github.com/android/compose-samples/blob/HEAD/JetNews/app/src/main/java/com/example/jetnews/utils/MultipreviewAnnotations.kt
android/compose-samples,JetNews/app/src/main/res/drawable-anydpi-v26/ic_launcher_background.xml,XML,Android Views,xmlns:android=,https://github.com/android/compose-samples/blob/HEAD/JetNews/app/src/main/res/drawable-anydpi-v26/ic_launcher_background.xml
android/compose-samples,JetNews/app/src/main/res/drawable-anydpi-v26/ic_launcher_foreground.xml,XML,Android Views,xmlns:android=,https://github.com/android/compose-samples/blob/HEAD/JetNews/app/src/main/res/drawable-anydpi-v26/ic_launcher_foreground.xml
android/compose-samples,JetNews/app/src/main/res/drawable/ic_account_circle.xml,XML,Android Views,xmlns:android=,https://github.com/android/compose-samples/blob/HEAD/JetNews/app/src/main/res/drawable/ic_account_circle.xml
android/compose-samples,JetNews/app/src/main/res/drawable/ic_add.xml,XML,Android Views,xmlns:android=,https://github.com/android/compose-samples/blob/HEAD/JetNews/app/src/main/res/drawable/ic_add.xml
android/compose-samples,JetNews/app/src/main/res/drawable/ic_arrow_back.xml,XML,Android Views,xmlns:android=,https://github.com/android/compose-samples/blob/HEAD/JetNews/app/src/main/res/drawable/ic_arrow_back.xml
android/compose-samples,JetNews/app/src/main/res/drawable/ic_bookmark.xml,XML,Android Views,xmlns:android=,https://github.com/android/compose-samples/blob/HEAD/JetNews/app/src/main/res/drawable/ic_bookmark.xml
android/compose-samples,JetNews/app/src/main/res/drawable/ic_bookmark_outline.xml,XML,Android Views,xmlns:android=,https://github.com/android/compose-samples/blob/HEAD/JetNews/app/src/main/res/drawable/ic_bookmark_outline.xml
android/compose-samples,JetNews/app/src/main/res/drawable/ic_check.xml,XML,Android Views,xmlns:android=,https://github.com/android/compose-samples/blob/HEAD/JetNews/app/src/main/res/drawable/ic_check.xml
android/compose-samples,JetNews/app/src/main/res/drawable/ic_home.xml,XML,Android Views,xmlns:android=,https://github.com/android/compose-samples/blob/HEAD/JetNews/app/src/main/res/drawable/ic_home.xml
android/compose-samples,JetNews/app/src/main/res/drawable/ic_jetnews_bookmark.xml,XML,Android Views,xmlns:android=,https://github.com/android/compose-samples/blob/HEAD/JetNews/app/src/main/res/drawable/ic_jetnews_bookmark.xml
android/compose-samples,JetNews/app/src/main/res/drawable/ic_jetnews_bookmark_filled.xml,XML,Android Views,xmlns:android=,https://github.com/android/compose-samples/blob/HEAD/JetNews/app/src/main/res/drawable/ic_jetnews_bookmark_filled.xml
android/compose-samples,JetNews/app/src/main/res/drawable/ic_jetnews_logo.xml,XML,Android Views,xmlns:android=,https://github.com/android/compose-samples/blob/HEAD/JetNews/app/src/main/res/drawable/ic_jetnews_logo.xml
android/compose-samples,JetNews/app/src/main/res/drawable/ic_jetnews_wordmark.xml,XML,Android Views,xmlns:android=,https://github.com/android/compose-samples/blob/HEAD/JetNews/app/src/main/res/drawable/ic_jetnews_wordmark.xml
android/compose-samples,JetNews/app/src/main/res/drawable/ic_list_alt.xml,XML,Android Views,xmlns:android=,https://github.com/android/compose-samples/blob/HEAD/JetNews/app/src/main/res/drawable/ic_list_alt.xml
android/compose-samples,JetNews/app/src/main/res/drawable/ic_more_vert.xml,XML,Android Views,xmlns:android=,https://github.com/android/compose-samples/blob/HEAD/JetNews/app/src/main/res/drawable/ic_more_vert.xml
android/compose-samples,JetNews/app/src/main/res/drawable/ic_search.xml,XML,Android Views,xmlns:android=,https://github.com/android/compose-samples/blob/HEAD/JetNews/app/src/main/res/drawable/ic_search.xml
android/compose-samples,JetNews/app/src/main/res/drawable/ic_share.xml,XML,Android Views,xmlns:android=,https://github.com/android/compose-samples/blob/HEAD/JetNews/app/src/main/res/drawable/ic_share.xml
android/compose-samples,JetNews/app/src/main/res/drawable/ic_text_settings.xml,XML,Android Views,xmlns:android=,https://github.com/android/compose-samples/blob/HEAD/JetNews/app/src/main/res/drawable/ic_text_settings.xml
android/compose-samples,JetNews/app/src/main/res/drawable/ic_thumb_up.xml,XML,Android Views,xmlns:android=,https://github.com/android/compose-samples/blob/HEAD/JetNews/app/src/main/res/drawable/ic_thumb_up.xml
android/compose-samples,JetNews/app/src/main/res/drawable/icon_post_background.xml,XML,Android Views,xmlns:android=,https://github.com/android/compose-samples/blob/HEAD/JetNews/app/src/main/res/drawable/icon_post_background.xml
android/compose-samples,JetNews/app/src/main/res/mipmap-anydpi-v26/ic_launcher.xml,XML,Android Views,xmlns:android=,https://github.com/android/compose-samples/blob/HEAD/JetNews/app/src/main/res/mipmap-anydpi-v26/ic_launcher.xml
android/compose-samples,JetNews/app/src/main/res/xml-v31/jetnews_glance_appwidget_info.xml,XML,Android Views,xmlns:android=,https://github.com/android/compose-samples/blob/HEAD/JetNews/app/src/main/res/xml-v31/jetnews_glance_appwidget_info.xml
android/compose-samples,JetNews/app/src/main/res/xml/jetnews_glance_appwidget_info.xml,XML,Android Views,xmlns:android=,https://github.com/android/compose-samples/blob/HEAD/JetNews/app/src/main/res/xml/jetnews_glance_appwidget_info.xml
android/compose-samples,Jetcaster/core/data-testing/src/main/AndroidManifest.xml,XML,Android Views,xmlns:android=,https://github.com/android/compose-samples/blob/HEAD/Jetcaster/core/data-testing/src/main/AndroidManifest.xml
android/compose-samples,Jetcaster/core/data/build.gradle.kts,Kotlin,Jetpack Compose,androidx.compose,https://github.com/android/compose-samples/blob/HEAD/Jetcaster/core/data/build.gradle.kts
android/compose-samples,Jetcaster/core/data/src/main/AndroidManifest.xml,XML,Android Views,xmlns:android=,https://github.com/android/compose-samples/blob/HEAD/Jetcaster/core/data/src/main/AndroidManifest.xml
android/compose-samples,Jetcaster/core/data/src/main/java/com/example/jetcaster/core/data/database/model/Category.kt,Kotlin,Jetpack Compose,androidx.compose,https://github.com/android/compose-samples/blob/HEAD/Jetcaster/core/data/src/main/java/com/example/jetcaster/core/data/database/model/Category.kt
android/compose-samples,Jetcaster/core/data/src/main/java/com/example/jetcaster/core/data/database/model/EpisodeToPodcast.kt,Kotlin,Jetpack Compose,androidx.compose,https://github.com/android/compose-samples/blob/HEAD/Jetcaster/core/data/src/main/java/com/example/jetcaster/core/data/database/model/EpisodeToPodcast.kt
android/compose-samples,Jetcaster/core/data/src/main/java/com/example/jetcaster/core/data/database/model/Podcast.kt,Kotlin,Jetpack Compose,androidx.compose,https://github.com/android/compose-samples/blob/HEAD/Jetcaster/core/data/src/main/java/com/example/jetcaster/core/data/database/model/Podcast.kt
android/compose-samples,Jetcaster/core/data/src/main/java/com/example/jetcaster/core/data/database/model/PodcastCategoryEntry.kt,Kotlin,Jetpack Compose,androidx.compose,https://github.com/android/compose-samples/blob/HEAD/Jetcaster/core/data/src/main/java/com/example/jetcaster/core/data/database/model/PodcastCategoryEntry.kt
android/compose-samples,Jetcaster/core/data/src/main/java/com/example/jetcaster/core/data/database/model/PodcastFollowedEntry.kt,Kotlin,Jetpack Compose,androidx.compose,https://github.com/android/compose-samples/blob/HEAD/Jetcaster/core/data/src/main/java/com/example/jetcaster/core/data/database/model/PodcastFollowedEntry.kt
android/compose-samples,Jetcaster/core/designsystem/build.gradle.kts,Kotlin,Jetpack Compose,androidx.compose,https://github.com/android/compose-samples/blob/HEAD/Jetcaster/core/designsystem/build.gradle.kts
android/compose-samples,Jetcaster/core/designsystem/src/main/AndroidManifest.xml,XML,Android Views,xmlns:android=,https://github.com/android/compose-samples/blob/HEAD/Jetcaster/core/designsystem/src/main/AndroidManifest.xml
android/compose-samples,Jetcaster/core/designsystem/src/main/java/com/example/jetcaster/designsystem/component/HtmlTextContainer.kt,Kotlin,Jetpack Compose,androidx.compose; @Composable,https://github.com/android/compose-samples/blob/HEAD/Jetcaster/core/designsystem/src/main/java/com/example/jetcaster/designsystem/component/HtmlTextContainer.kt
android/compose-samples,Jetcaster/core/designsystem/src/main/java/com/example/jetcaster/designsystem/component/ImageBackground.kt,Kotlin,Jetpack Compose,androidx.compose; @Composable,https://github.com/android/compose-samples/blob/HEAD/Jetcaster/core/designsystem/src/main/java/com/example/jetcaster/designsystem/component/ImageBackground.kt
android/compose-samples,Jetcaster/core/designsystem/src/main/java/com/example/jetcaster/designsystem/component/PodcastImage.kt,Kotlin,Jetpack Compose,androidx.compose; @Composable; remember {; Box(; MaterialTheme,https://github.com/android/compose-samples/blob/HEAD/Jetcaster/core/designsystem/src/main/java/com/example/jetcaster/designsystem/component/PodcastImage.kt
android/compose-samples,Jetcaster/core/designsystem/src/main/java/com/example/jetcaster/designsystem/component/thumbnailPlaceholder.kt,Kotlin,Jetpack Compose,androidx.compose; @Composable,https://github.com/android/compose-samples/blob/HEAD/Jetcaster/core/designsystem/src/main/java/com/example/jetcaster/designsystem/component/thumbnailPlaceholder.kt
android/compose-samples,Jetcaster/core/designsystem/src/main/java/com/example/jetcaster/designsystem/theme/Color.kt,Kotlin,Jetpack Compose,androidx.compose,https://github.com/android/compose-samples/blob/HEAD/Jetcaster/core/designsystem/src/main/java/com/example/jetcaster/designsystem/theme/Color.kt
android/compose-samples,Jetcaster/core/designsystem/src/main/java/com/example/jetcaster/designsystem/theme/Keylines.kt,Kotlin,Jetpack Compose,androidx.compose,https://github.com/android/compose-samples/blob/HEAD/Jetcaster/core/designsystem/src/main/java/com/example/jetcaster/designsystem/theme/Keylines.kt
android/compose-samples,Jetcaster/core/designsystem/src/main/java/com/example/jetcaster/designsystem/theme/Shape.kt,Kotlin,Jetpack Compose,androidx.compose,https://github.com/android/compose-samples/blob/HEAD/Jetcaster/core/designsystem/src/main/java/com/example/jetcaster/designsystem/theme/Shape.kt
android/compose-samples,Jetcaster/core/designsystem/src/main/java/com/example/jetcaster/designsystem/theme/Type.kt,Kotlin,Jetpack Compose,androidx.compose,https://github.com/android/compose-samples/blob/HEAD/Jetcaster/core/designsystem/src/main/java/com/example/jetcaster/designsystem/theme/Type.kt
android/compose-samples,Jetcaster/core/designsystem/src/main/java/com/example/jetcaster/designsystem/theme/Typography.kt,Kotlin,Jetpack Compose,androidx.compose,https://github.com/android/compose-samples/blob/HEAD/Jetcaster/core/designsystem/src/main/java/com/example/jetcaster/designsystem/theme/Typography.kt
android/compose-samples,Jetcaster/core/designsystem/src/main/res/drawable/img_empty.xml,XML,Android Views,xmlns:android=,https://github.com/android/compose-samples/blob/HEAD/Jetcaster/core/designsystem/src/main/res/drawable/img_empty.xml
android/compose-samples,Jetcaster/core/domain-testing/src/main/AndroidManifest.xml,XML,Android Views,xmlns:android=,https://github.com/android/compose-samples/blob/HEAD/Jetcaster/core/domain-testing/src/main/AndroidManifest.xml
android/compose-samples,Jetcaster/core/domain/src/main/AndroidManifest.xml,XML,Android Views,xmlns:android=,https://github.com/android/compose-samples/blob/HEAD/Jetcaster/core/domain/src/main/AndroidManifest.xml
android/compose-samples,Jetcaster/core/domain/src/main/java/com/example/jetcaster/core/model/CategoryInfo.kt,Kotlin,Jetpack Compose,androidx.compose,https://github.com/android/compose-samples/blob/HEAD/Jetcaster/core/domain/src/main/java/com/example/jetcaster/core/model/CategoryInfo.kt
android/compose-samples,Jetcaster/core/domain/src/main/java/com/example/jetcaster/core/model/EpisodeInfo.kt,Kotlin,Jetpack Compose,androidx.compose,https://github.com/android/compose-samples/blob/HEAD/Jetcaster/core/domain/src/main/java/com/example/jetcaster/core/model/EpisodeInfo.kt
android/compose-samples,Jetcaster/core/domain/src/main/java/com/example/jetcaster/core/model/FilterableCategoriesModel.kt,Kotlin,Jetpack Compose,androidx.compose,https://github.com/android/compose-samples/blob/HEAD/Jetcaster/core/domain/src/main/java/com/example/jetcaster/core/model/FilterableCategoriesModel.kt
android/compose-samples,Jetcaster/core/domain/src/main/java/com/example/jetcaster/core/model/PodcastCategoryFilterResult.kt,Kotlin,Jetpack Compose,androidx.compose,https://github.com/android/compose-samples/blob/HEAD/Jetcaster/core/domain/src/main/java/com/example/jetcaster/core/model/PodcastCategoryFilterResult.kt
android/compose-samples,Jetcaster/core/domain/src/main/java/com/example/jetcaster/core/model/PodcastInfo.kt,Kotlin,Jetpack Compose,androidx.compose,https://github.com/android/compose-samples/blob/HEAD/Jetcaster/core/domain/src/main/java/com/example/jetcaster/core/model/PodcastInfo.kt
android/compose-samples,Jetcaster/core/domain/src/main/java/com/example/jetcaster/core/model/PodcastToEpisodeInfo.kt,Kotlin,Jetpack Compose,androidx.compose,https://github.com/android/compose-samples/blob/HEAD/Jetcaster/core/domain/src/main/java/com/example/jetcaster/core/model/PodcastToEpisodeInfo.kt
android/compose-samples,Jetcaster/core/domain/src/main/java/com/example/jetcaster/core/player/EpisodePlayer.kt,Kotlin,Jetpack Compose,androidx.compose,https://github.com/android/compose-samples/blob/HEAD/Jetcaster/core/domain/src/main/java/com/example/jetcaster/core/player/EpisodePlayer.kt
android/compose-samples,Jetcaster/core/domain/src/main/java/com/example/jetcaster/core/player/model/PlayerEpisode.kt,Kotlin,Jetpack Compose,androidx.compose,https://github.com/android/compose-samples/blob/HEAD/Jetcaster/core/domain/src/main/java/com/example/jetcaster/core/player/model/PlayerEpisode.kt
android/compose-samples,Jetcaster/glancewidget/build.gradle.kts,Kotlin,Jetpack Compose,androidx.compose; androidx.activity.compose,https://github.com/android/compose-samples/blob/HEAD/Jetcaster/glancewidget/build.gradle.kts
android/compose-samples,Jetcaster/glancewidget/src/main/AndroidManifest.xml,XML,Android Views,xmlns:android=,https://github.com/android/compose-samples/blob/HEAD/Jetcaster/glancewidget/src/main/AndroidManifest.xml
android/compose-samples,Jetcaster/glancewidget/src/main/java/com/example/jetcaster/glancewidget/Colors.kt,Kotlin,Jetpack Compose,androidx.compose,https://github.com/android/compose-samples/blob/HEAD/Jetcaster/glancewidget/src/main/java/com/example/jetcaster/glancewidget/Colors.kt
android/compose-samples,Jetcaster/glancewidget/src/main/java/com/example/jetcaster/glancewidget/JetcasterAppWidget.kt,Kotlin,Jetpack Compose,androidx.compose; @Composable; rememberCoroutineScope; remember {; LaunchedEffect; Scaffold(; Column(; Row(; Box(; Modifier.,https://github.com/android/compose-samples/blob/HEAD/Jetcaster/glancewidget/src/main/java/com/example/jetcaster/glancewidget/JetcasterAppWidget.kt
android/compose-samples,Jetcaster/glancewidget/src/main/java/com/example/jetcaster/glancewidget/JetcasterAppWidgetPreview.kt,Kotlin,Jetpack Compose,androidx.compose; @Composable; Row(; Modifier.,https://github.com/android/compose-samples/blob/HEAD/Jetcaster/glancewidget/src/main/java/com/example/jetcaster/glancewidget/JetcasterAppWidgetPreview.kt
android/compose-samples,Jetcaster/glancewidget/src/main/res/drawable/outline_pause_24.xml,XML,Android Views,xmlns:android=,https://github.com/android/compose-samples/blob/HEAD/Jetcaster/glancewidget/src/main/res/drawable/outline_pause_24.xml
android/compose-samples,Jetcaster/glancewidget/src/main/res/drawable/outline_play_arrow_24.xml,XML,Android Views,xmlns:android=,https://github.com/android/compose-samples/blob/HEAD/Jetcaster/glancewidget/src/main/res/drawable/outline_play_arrow_24.xml
android/compose-samples,Jetcaster/glancewidget/src/main/res/drawable/outline_skip_next_24.xml,XML,Android Views,xmlns:android=,https://github.com/android/compose-samples/blob/HEAD/Jetcaster/glancewidget/src/main/res/drawable/outline_skip_next_24.xml
android/compose-samples,Jetcaster/glancewidget/src/main/res/drawable/widget_preview_image_shape.xml,XML,Android Views,xmlns:android=,https://github.com/android/compose-samples/blob/HEAD/Jetcaster/glancewidget/src/main/res/drawable/widget_preview_image_shape.xml
android/compose-samples,Jetcaster/glancewidget/src/main/res/layout/widget_preview.xml,XML,Android Views,xmlns:android=; android:layout_width; <LinearLayout; <RelativeLayout; <FrameLayout; <ImageView,https://github.com/android/compose-samples/blob/HEAD/Jetcaster/glancewidget/src/main/res/layout/widget_preview.xml
android/compose-samples,Jetcaster/glancewidget/src/main/res/xml/jetcaster_info.xml,XML,Android Views,xmlns:android=,https://github.com/android/compose-samples/blob/HEAD/Jetcaster/glancewidget/src/main/res/xml/jetcaster_info.xml
android/compose-samples,Jetcaster/mobile/build.gradle.kts,Kotlin,Jetpack Compose,androidx.compose; androidx.activity.compose,https://github.com/android/compose-samples/blob/HEAD/Jetcaster/mobile/build.gradle.kts
android/compose-samples,Jetcaster/mobile/src/main/AndroidManifest.xml,XML,Android Views,xmlns:android=,https://github.com/android/compose-samples/blob/HEAD/Jetcaster/mobile/src/main/AndroidManifest.xml
android/compose-samples,Jetcaster/mobile/src/main/java/com/example/jetcaster/ui/JetcasterApp.kt,Kotlin,Jetpack Compose,androidx.compose; @Composable,https://github.com/android/compose-samples/blob/HEAD/Jetcaster/mobile/src/main/java/com/example/jetcaster/ui/JetcasterApp.kt
android/compose-samples,Jetcaster/mobile/src/main/java/com/example/jetcaster/ui/JetcasterAppState.kt,Kotlin,Jetpack Compose,androidx.compose; @Composable,https://github.com/android/compose-samples/blob/HEAD/Jetcaster/mobile/src/main/java/com/example/jetcaster/ui/JetcasterAppState.kt
android/compose-samples,Jetcaster/mobile/src/main/java/com/example/jetcaster/ui/MainActivity.kt,Kotlin,Jetpack Compose,setContent {; androidx.activity.compose,https://github.com/android/compose-samples/blob/HEAD/Jetcaster/mobile/src/main/java/com/example/jetcaster/ui/MainActivity.kt
android/compose-samples,Jetcaster/mobile/src/main/java/com/example/jetcaster/ui/home/Home.kt,Kotlin,Jetpack Compose,androidx.compose; @Composable; rememberCoroutineScope; remember {; LaunchedEffect; Scaffold(; Column(; Row(; Box(; Surface(,https://github.com/android/compose-samples/blob/HEAD/Jetcaster/mobile/src/main/java/com/example/jetcaster/ui/home/Home.kt
android/compose-samples,Jetcaster/mobile/src/main/java/com/example/jetcaster/ui/home/HomeViewModel.kt,Kotlin,Jetpack Compose,androidx.compose,https://github.com/android/compose-samples/blob/HEAD/Jetcaster/mobile/src/main/java/com/example/jetcaster/ui/home/HomeViewModel.kt
android/compose-samples,Jetcaster/mobile/src/main/java/com/example/jetcaster/ui/home/category/PodcastCategory.kt,Kotlin,Jetpack Compose,androidx.compose; @Composable; Row(; Box(; Modifier.; MaterialTheme,https://github.com/android/compose-samples/blob/HEAD/Jetcaster/mobile/src/main/java/com/example/jetcaster/ui/home/category/PodcastCategory.kt
android/compose-samples,Jetcaster/mobile/src/main/java/com/example/jetcaster/ui/home/discover/Discover.kt,Kotlin,Jetpack Compose,androidx.compose; @Composable; Row(; LazyRow(; Modifier.; MaterialTheme,https://github.com/android/compose-samples/blob/HEAD/Jetcaster/mobile/src/main/java/com/example/jetcaster/ui/home/discover/Discover.kt
android/compose-samples,Jetcaster/mobile/src/main/java/com/example/jetcaster/ui/home/library/Library.kt,Kotlin,Jetpack Compose,androidx.compose; Modifier.; MaterialTheme,https://github.com/android/compose-samples/blob/HEAD/Jetcaster/mobile/src/main/java/com/example/jetcaster/ui/home/library/Library.kt
android/compose-samples,Jetcaster/mobile/src/main/java/com/example/jetcaster/ui/player/PlayerScreen.kt,Kotlin,Jetpack Compose,androidx.compose; @Composable; rememberCoroutineScope; remember {; Scaffold(; Column(; Row(; Box(; Modifier.; MaterialTheme,https://github.com/android/compose-samples/blob/HEAD/Jetcaster/mobile/src/main/java/com/example/jetcaster/ui/player/PlayerScreen.kt
android/compose-samples,Jetcaster/mobile/src/main/java/com/example/jetcaster/ui/player/PlayerViewModel.kt,Kotlin,Jetpack Compose,androidx.compose,https://github.com/android/compose-samples/blob/HEAD/Jetcaster/mobile/src/main/java/com/example/jetcaster/ui/player/PlayerViewModel.kt
android/compose-samples,Jetcaster/mobile/src/main/java/com/example/jetcaster/ui/podcast/PodcastDetailsScreen.kt,Kotlin,Jetpack Compose,androidx.compose; @Composable; rememberCoroutineScope; remember {; Scaffold(; Box(; Modifier.; MaterialTheme,https://github.com/android/compose-samples/blob/HEAD/Jetcaster/mobile/src/main/java/com/example/jetcaster/ui/podcast/PodcastDetailsScreen.kt
android/compose-samples,Jetcaster/mobile/src/main/java/com/example/jetcaster/ui/podcast/PodcastDetailsViewModel.kt,Kotlin,Jetpack Compose,androidx.compose,https://github.com/android/compose-samples/blob/HEAD/Jetcaster/mobile/src/main/java/com/example/jetcaster/ui/podcast/PodcastDetailsViewModel.kt
android/compose-samples,Jetcaster/mobile/src/main/java/com/example/jetcaster/ui/shared/EpisodeListItem.kt,Kotlin,Jetpack Compose,androidx.compose; @Composable; remember {; Column(; Row(; Box(; Surface(; Modifier.; MaterialTheme,https://github.com/android/compose-samples/blob/HEAD/Jetcaster/mobile/src/main/java/com/example/jetcaster/ui/shared/EpisodeListItem.kt
android/compose-samples,Jetcaster/mobile/src/main/java/com/example/jetcaster/ui/shared/Loading.kt,Kotlin,Jetpack Compose,androidx.compose; @Composable; Box(; Surface(; Modifier.,https://github.com/android/compose-samples/blob/HEAD/Jetcaster/mobile/src/main/java/com/example/jetcaster/ui/shared/Loading.kt
android/compose-samples,Jetcaster/mobile/src/main/java/com/example/jetcaster/ui/theme/Theme.kt,Kotlin,Jetpack Compose,androidx.compose; @Composable,https://github.com/android/compose-samples/blob/HEAD/Jetcaster/mobile/src/main/java/com/example/jetcaster/ui/theme/Theme.kt
android/compose-samples,Jetcaster/mobile/src/main/java/com/example/jetcaster/ui/tooling/DevicePreviews.kt,Kotlin,Jetpack Compose,androidx.compose,https://github.com/android/compose-samples/blob/HEAD/Jetcaster/mobile/src/main/java/com/example/jetcaster/ui/tooling/DevicePreviews.kt
android/compose-samples,Jetcaster/mobile/src/main/java/com/example/jetcaster/util/Buttons.kt,Kotlin,Jetpack Compose,androidx.compose; @Composable; Modifier.; MaterialTheme,https://github.com/android/compose-samples/blob/HEAD/Jetcaster/mobile/src/main/java/com/example/jetcaster/util/Buttons.kt
android/compose-samples,Jetcaster/mobile/src/main/java/com/example/jetcaster/util/Colors.kt,Kotlin,Jetpack Compose,androidx.compose,https://github.com/android/compose-samples/blob/HEAD/Jetcaster/mobile/src/main/java/com/example/jetcaster/util/Colors.kt
android/compose-samples,Jetcaster/mobile/src/main/java/com/example/jetcaster/util/GradientScrim.kt,Kotlin,Jetpack Compose,androidx.compose; Modifier.,https://github.com/android/compose-samples/blob/HEAD/Jetcaster/mobile/src/main/java/com/example/jetcaster/util/GradientScrim.kt
android/compose-samples,Jetcaster/mobile/src/main/java/com/example/jetcaster/util/LazyVerticalGrid.kt,Kotlin,Jetpack Compose,androidx.compose; @Composable,https://github.com/android/compose-samples/blob/HEAD/Jetcaster/mobile/src/main/java/com/example/jetcaster/util/LazyVerticalGrid.kt
android/compose-samples,Jetcaster/mobile/src/main/java/com/example/jetcaster/util/PluralResources.kt,Kotlin,Jetpack Compose,androidx.compose; @Composable,https://github.com/android/compose-samples/blob/HEAD/Jetcaster/mobile/src/main/java/com/example/jetcaster/util/PluralResources.kt
android/compose-samples,Jetcaster/mobile/src/main/res/drawable-nodpi/ic_text_logo.xml,XML,Android Views,xmlns:android=,https://github.com/android/compose-samples/blob/HEAD/Jetcaster/mobile/src/main/res/drawable-nodpi/ic_text_logo.xml
android/compose-samples,Jetcaster/mobile/src/main/res/drawable-v26/ic_launcher_foreground.xml,XML,Android Views,xmlns:android=,https://github.com/android/compose-samples/blob/HEAD/Jetcaster/mobile/src/main/res/drawable-v26/ic_launcher_foreground.xml
android/compose-samples,Jetcaster/mobile/src/main/res/drawable/genres.xml,XML,Android Views,xmlns:android=,https://github.com/android/compose-samples/blob/HEAD/Jetcaster/mobile/src/main/res/drawable/genres.xml
android/compose-samples,Jetcaster/mobile/src/main/res/drawable/ic_account_circle.xml,XML,Android Views,xmlns:android=,https://github.com/android/compose-samples/blob/HEAD/Jetcaster/mobile/src/main/res/drawable/ic_account_circle.xml
android/compose-samples,Jetcaster/mobile/src/main/res/drawable/ic_add.xml,XML,Android Views,xmlns:android=,https://github.com/android/compose-samples/blob/HEAD/Jetcaster/mobile/src/main/res/drawable/ic_add.xml
android/compose-samples,Jetcaster/mobile/src/main/res/drawable/ic_arrow_back.xml,XML,Android Views,xmlns:android=,https://github.com/android/compose-samples/blob/HEAD/Jetcaster/mobile/src/main/res/drawable/ic_arrow_back.xml
android/compose-samples,Jetcaster/mobile/src/main/res/drawable/ic_check.xml,XML,Android Views,xmlns:android=,https://github.com/android/compose-samples/blob/HEAD/Jetcaster/mobile/src/main/res/drawable/ic_check.xml
android/compose-samples,Jetcaster/mobile/src/main/res/drawable/ic_delete.xml,XML,Android Views,xmlns:android=,https://github.com/android/compose-samples/blob/HEAD/Jetcaster/mobile/src/main/res/drawable/ic_delete.xml
android/compose-samples,Jetcaster/mobile/src/main/res/drawable/ic_forward_10.xml,XML,Android Views,xmlns:android=,https://github.com/android/compose-samples/blob/HEAD/Jetcaster/mobile/src/main/res/drawable/ic_forward_10.xml
android/compose-samples,Jetcaster/mobile/src/main/res/drawable/ic_launcher_background.xml,XML,Android Views,xmlns:android=,https://github.com/android/compose-samples/blob/HEAD/Jetcaster/mobile/src/main/res/drawable/ic_launcher_background.xml
android/compose-samples,Jetcaster/mobile/src/main/res/drawable/ic_launcher_foreground.xml,XML,Android Views,xmlns:android=,https://github.com/android/compose-samples/blob/HEAD/Jetcaster/mobile/src/main/res/drawable/ic_launcher_foreground.xml
android/compose-samples,Jetcaster/mobile/src/main/res/drawable/ic_launcher_monochrome.xml,XML,Android Views,xmlns:android=,https://github.com/android/compose-samples/blob/HEAD/Jetcaster/mobile/src/main/res/drawable/ic_launcher_monochrome.xml
android/compose-samples,Jetcaster/mobile/src/main/res/drawable/ic_library_music.xml,XML,Android Views,xmlns:android=,https://github.com/android/compose-samples/blob/HEAD/Jetcaster/mobile/src/main/res/drawable/ic_library_music.xml
android/compose-samples,Jetcaster/mobile/src/main/res/drawable/ic_logo.xml,XML,Android Views,xmlns:android=,https://github.com/android/compose-samples/blob/HEAD/Jetcaster/mobile/src/main/res/drawable/ic_logo.xml
android/compose-samples,Jetcaster/mobile/src/main/res/drawable/ic_more_vert.xml,XML,Android Views,xmlns:android=,https://github.com/android/compose-samples/blob/HEAD/Jetcaster/mobile/src/main/res/drawable/ic_more_vert.xml
android/compose-samples,Jetcaster/mobile/src/main/res/drawable/ic_notifications.xml,XML,Android Views,xmlns:android=,https://github.com/android/compose-samples/blob/HEAD/Jetcaster/mobile/src/main/res/drawable/ic_notifications.xml
android/compose-samples,Jetcaster/mobile/src/main/res/drawable/ic_notifications_active.xml,XML,Android Views,xmlns:android=,https://github.com/android/compose-samples/blob/HEAD/Jetcaster/mobile/src/main/res/drawable/ic_notifications_active.xml
android/compose-samples,Jetcaster/mobile/src/main/res/drawable/ic_pause.xml,XML,Android Views,xmlns:android=,https://github.com/android/compose-samples/blob/HEAD/Jetcaster/mobile/src/main/res/drawable/ic_pause.xml
android/compose-samples,Jetcaster/mobile/src/main/res/drawable/ic_play_arrow.xml,XML,Android Views,xmlns:android=,https://github.com/android/compose-samples/blob/HEAD/Jetcaster/mobile/src/main/res/drawable/ic_play_arrow.xml
android/compose-samples,Jetcaster/mobile/src/main/res/drawable/ic_play_circle.xml,XML,Android Views,xmlns:android=,https://github.com/android/compose-samples/blob/HEAD/Jetcaster/mobile/src/main/res/drawable/ic_play_circle.xml
android/compose-samples,Jetcaster/mobile/src/main/res/drawable/ic_playlist_add.xml,XML,Android Views,xmlns:android=,https://github.com/android/compose-samples/blob/HEAD/Jetcaster/mobile/src/main/res/drawable/ic_playlist_add.xml
android/compose-samples,Jetcaster/mobile/src/main/res/drawable/ic_replay_10.xml,XML,Android Views,xmlns:android=,https://github.com/android/compose-samples/blob/HEAD/Jetcaster/mobile/src/main/res/drawable/ic_replay_10.xml
android/compose-samples,Jetcaster/mobile/src/main/res/drawable/ic_search.xml,XML,Android Views,xmlns:android=,https://github.com/android/compose-samples/blob/HEAD/Jetcaster/mobile/src/main/res/drawable/ic_search.xml
android/compose-samples,Jetcaster/mobile/src/main/res/drawable/ic_skip_next.xml,XML,Android Views,xmlns:android=,https://github.com/android/compose-samples/blob/HEAD/Jetcaster/mobile/src/main/res/drawable/ic_skip_next.xml
android/compose-samples,Jetcaster/mobile/src/main/res/drawable/ic_skip_previous.xml,XML,Android Views,xmlns:android=,https://github.com/android/compose-samples/blob/HEAD/Jetcaster/mobile/src/main/res/drawable/ic_skip_previous.xml
android/compose-samples,Jetcaster/mobile/src/main/res/drawable/ic_video_library.xml,XML,Android Views,xmlns:android=,https://github.com/android/compose-samples/blob/HEAD/Jetcaster/mobile/src/main/res/drawable/ic_video_library.xml
android/compose-samples,Jetcaster/mobile/src/main/res/mipmap-anydpi-v26/ic_launcher.xml,XML,Android Views,xmlns:android=,https://github.com/android/compose-samples/blob/HEAD/Jetcaster/mobile/src/main/res/mipmap-anydpi-v26/ic_launcher.xml
android/compose-samples,Jetcaster/mobile/src/main/res/mipmap-anydpi-v26/ic_launcher_round.xml,XML,Android Views,xmlns:android=,https://github.com/android/compose-samples/blob/HEAD/Jetcaster/mobile/src/main/res/mipmap-anydpi-v26/ic_launcher_round.xml
android/compose-samples,Jetcaster/tv/build.gradle.kts,Kotlin,Jetpack Compose,androidx.compose; androidx.activity.compose,https://github.com/android/compose-samples/blob/HEAD/Jetcaster/tv/build.gradle.kts
android/compose-samples,Jetcaster/tv/src/main/AndroidManifest.xml,XML,Android Views,xmlns:android=,https://github.com/android/compose-samples/blob/HEAD/Jetcaster/tv/src/main/AndroidManifest.xml
android/compose-samples,Jetcaster/tv/src/main/java/com/example/jetcaster/tv/MainActivity.kt,Kotlin,Jetpack Compose,androidx.compose; setContent {; Surface(; Modifier.; androidx.activity.compose,https://github.com/android/compose-samples/blob/HEAD/Jetcaster/tv/src/main/java/com/example/jetcaster/tv/MainActivity.kt
android/compose-samples,Jetcaster/tv/src/main/java/com/example/jetcaster/tv/model/CategoryInfoList.kt,Kotlin,Jetpack Compose,androidx.compose,https://github.com/android/compose-samples/blob/HEAD/Jetcaster/tv/src/main/java/com/example/jetcaster/tv/model/CategoryInfoList.kt
android/compose-samples,Jetcaster/tv/src/main/java/com/example/jetcaster/tv/model/CategorySelection.kt,Kotlin,Jetpack Compose,androidx.compose,https://github.com/android/compose-samples/blob/HEAD/Jetcaster/tv/src/main/java/com/example/jetcaster/tv/model/CategorySelection.kt
android/compose-samples,Jetcaster/tv/src/main/java/com/example/jetcaster/tv/model/EpisodeList.kt,Kotlin,Jetpack Compose,androidx.compose,https://github.com/android/compose-samples/blob/HEAD/Jetcaster/tv/src/main/java/com/example/jetcaster/tv/model/EpisodeList.kt
android/compose-samples,Jetcaster/tv/src/main/java/com/example/jetcaster/tv/ui/JetcasterApp.kt,Kotlin,Jetpack Compose,androidx.compose; @Composable; remember {; Column(; Modifier.; MaterialTheme,https://github.com/android/compose-samples/blob/HEAD/Jetcaster/tv/src/main/java/com/example/jetcaster/tv/ui/JetcasterApp.kt
android/compose-samples,Jetcaster/tv/src/main/java/com/example/jetcaster/tv/ui/JetcasterAppState.kt,Kotlin,Jetpack Compose,androidx.compose; @Composable,https://github.com/android/compose-samples/blob/HEAD/Jetcaster/tv/src/main/java/com/example/jetcaster/tv/ui/JetcasterAppState.kt
android/compose-samples,Jetcaster/tv/src/main/java/com/example/jetcaster/tv/ui/component/Background.kt,Kotlin,Jetpack Compose,androidx.compose; @Composable; Box(; Modifier.,https://github.com/android/compose-samples/blob/HEAD/Jetcaster/tv/src/main/java/com/example/jetcaster/tv/ui/component/Background.kt
android/compose-samples,Jetcaster/tv/src/main/java/com/example/jetcaster/tv/ui/component/Button.kt,Kotlin,Jetpack Compose,androidx.compose; @Composable; Modifier.,https://github.com/android/compose-samples/blob/HEAD/Jetcaster/tv/src/main/java/com/example/jetcaster/tv/ui/component/Button.kt
android/compose-samples,Jetcaster/tv/src/main/java/com/example/jetcaster/tv/ui/component/ButtonWithIcon.kt,Kotlin,Jetpack Compose,androidx.compose; @Composable; Modifier.,https://github.com/android/compose-samples/blob/HEAD/Jetcaster/tv/src/main/java/com/example/jetcaster/tv/ui/component/ButtonWithIcon.kt
android/compose-samples,Jetcaster/tv/src/main/java/com/example/jetcaster/tv/ui/component/Catalog.kt,Kotlin,Jetpack Compose,androidx.compose; @Composable; Column(; Row(; LazyColumn(; LazyRow(; Modifier.; MaterialTheme,https://github.com/android/compose-samples/blob/HEAD/Jetcaster/tv/src/main/java/com/example/jetcaster/tv/ui/component/Catalog.kt
android/compose-samples,Jetcaster/tv/src/main/java/com/example/jetcaster/tv/ui/component/EpisodeCard.kt,Kotlin,Jetpack Compose,androidx.compose; @Composable; remember {; Column(; Modifier.; MaterialTheme,https://github.com/android/compose-samples/blob/HEAD/Jetcaster/tv/src/main/java/com/example/jetcaster/tv/ui/component/EpisodeCard.kt
android/compose-samples,Jetcaster/tv/src/main/java/com/example/jetcaster/tv/ui/component/EpisodeDateAndDuration.kt,Kotlin,Jetpack Compose,androidx.compose; @Composable; MaterialTheme,https://github.com/android/compose-samples/blob/HEAD/Jetcaster/tv/src/main/java/com/example/jetcaster/tv/ui/component/EpisodeDateAndDuration.kt
android/compose-samples,Jetcaster/tv/src/main/java/com/example/jetcaster/tv/ui/component/EpisodeDetails.kt,Kotlin,Jetpack Compose,androidx.compose; @Composable; Column(; MaterialTheme,https://github.com/android/compose-samples/blob/HEAD/Jetcaster/tv/src/main/java/com/example/jetcaster/tv/ui/component/EpisodeDetails.kt
android/compose-samples,Jetcaster/tv/src/main/java/com/example/jetcaster/tv/ui/component/EpisodeRow.kt,Kotlin,Jetpack Compose,androidx.compose; @Composable; remember {; Row(; LazyRow(; Modifier.,https://github.com/android/compose-samples/blob/HEAD/Jetcaster/tv/src/main/java/com/example/jetcaster/tv/ui/component/EpisodeRow.kt
android/compose-samples,Jetcaster/tv/src/main/java/com/example/jetcaster/tv/ui/component/ErrorState.kt,Kotlin,Jetpack Compose,androidx.compose; @Composable; remember {; LaunchedEffect; Box(; MaterialTheme,https://github.com/android/compose-samples/blob/HEAD/Jetcaster/tv/src/main/java/com/example/jetcaster/tv/ui/component/ErrorState.kt
android/compose-samples,Jetcaster/tv/src/main/java/com/example/jetcaster/tv/ui/component/Loading.kt,Kotlin,Jetpack Compose,androidx.compose; @Composable; Column(; Box(; MaterialTheme,https://github.com/android/compose-samples/blob/HEAD/Jetcaster/tv/src/main/java/com/example/jetcaster/tv/ui/component/Loading.kt
android/compose-samples,Jetcaster/tv/src/main/java/com/example/jetcaster/tv/ui/component/NotAvailableFeature.kt,Kotlin,Jetpack Compose,androidx.compose; @Composable,https://github.com/android/compose-samples/blob/HEAD/Jetcaster/tv/src/main/java/com/example/jetcaster/tv/ui/component/NotAvailableFeature.kt
android/compose-samples,Jetcaster/tv/src/main/java/com/example/jetcaster/tv/ui/component/PodcastCard.kt,Kotlin,Jetpack Compose,androidx.compose; @Composable; Modifier.,https://github.com/android/compose-samples/blob/HEAD/Jetcaster/tv/src/main/java/com/example/jetcaster/tv/ui/component/PodcastCard.kt
android/compose-samples,Jetcaster/tv/src/main/java/com/example/jetcaster/tv/ui/component/Seekbar.kt,Kotlin,Jetpack Compose,androidx.compose; @Composable; remember {; Box(; MaterialTheme,https://github.com/android/compose-samples/blob/HEAD/Jetcaster/tv/src/main/java/com/example/jetcaster/tv/ui/component/Seekbar.kt
android/compose-samples,Jetcaster/tv/src/main/java/com/example/jetcaster/tv/ui/component/Thumbnail.kt,Kotlin,Jetpack Compose,androidx.compose; @Composable,https://github.com/android/compose-samples/blob/HEAD/Jetcaster/tv/src/main/java/com/example/jetcaster/tv/ui/component/Thumbnail.kt
android/compose-samples,Jetcaster/tv/src/main/java/com/example/jetcaster/tv/ui/component/TwoColumn.kt,Kotlin,Jetpack Compose,androidx.compose; @Composable; Column(; Row(,https://github.com/android/compose-samples/blob/HEAD/Jetcaster/tv/src/main/java/com/example/jetcaster/tv/ui/component/TwoColumn.kt
android/compose-samples,Jetcaster/tv/src/main/java/com/example/jetcaster/tv/ui/discover/DiscoverScreen.kt,Kotlin,Jetpack Compose,androidx.compose; @Composable; remember {; LaunchedEffect; Row(; Modifier.,https://github.com/android/compose-samples/blob/HEAD/Jetcaster/tv/src/main/java/com/example/jetcaster/tv/ui/discover/DiscoverScreen.kt
android/compose-samples,Jetcaster/tv/src/main/java/com/example/jetcaster/tv/ui/episode/EpisodeScreen.kt,Kotlin,Jetpack Compose,androidx.compose; @Composable; Column(; Row(; Modifier.; MaterialTheme,https://github.com/android/compose-samples/blob/HEAD/Jetcaster/tv/src/main/java/com/example/jetcaster/tv/ui/episode/EpisodeScreen.kt
android/compose-samples,Jetcaster/tv/src/main/java/com/example/jetcaster/tv/ui/library/LibraryScreen.kt,Kotlin,Jetpack Compose,androidx.compose; @Composable; remember {; LaunchedEffect; Box(; MaterialTheme,https://github.com/android/compose-samples/blob/HEAD/Jetcaster/tv/src/main/java/com/example/jetcaster/tv/ui/library/LibraryScreen.kt
android/compose-samples,Jetcaster/tv/src/main/java/com/example/jetcaster/tv/ui/player/PlayerScreen.kt,Kotlin,Jetpack Compose,androidx.compose; @Composable; rememberCoroutineScope; remember {; LaunchedEffect; Column(; Row(; Box(; Surface(; Modifier.,https://github.com/android/compose-samples/blob/HEAD/Jetcaster/tv/src/main/java/com/example/jetcaster/tv/ui/player/PlayerScreen.kt
android/compose-samples,Jetcaster/tv/src/main/java/com/example/jetcaster/tv/ui/podcast/PodcastDetailsScreen.kt,Kotlin,Jetpack Compose,androidx.compose; @Composable; remember {; LaunchedEffect; Column(; Row(; Box(; LazyColumn(; Modifier.; MaterialTheme,https://github.com/android/compose-samples/blob/HEAD/Jetcaster/tv/src/main/java/com/example/jetcaster/tv/ui/podcast/PodcastDetailsScreen.kt
android/compose-samples,Jetcaster/tv/src/main/java/com/example/jetcaster/tv/ui/profile/ProfileScreen.kt,Kotlin,Jetpack Compose,androidx.compose; @Composable,https://github.com/android/compose-samples/blob/HEAD/Jetcaster/tv/src/main/java/com/example/jetcaster/tv/ui/profile/ProfileScreen.kt
android/compose-samples,Jetcaster/tv/src/main/java/com/example/jetcaster/tv/ui/search/SearchScreen.kt,Kotlin,Jetpack Compose,androidx.compose; @Composable; remember {; LaunchedEffect; Column(; Row(; Box(; Modifier.; MaterialTheme,https://github.com/android/compose-samples/blob/HEAD/Jetcaster/tv/src/main/java/com/example/jetcaster/tv/ui/search/SearchScreen.kt
android/compose-samples,Jetcaster/tv/src/main/java/com/example/jetcaster/tv/ui/settings/SettingsScreen.kt,Kotlin,Jetpack Compose,androidx.compose; @Composable,https://github.com/android/compose-samples/blob/HEAD/Jetcaster/tv/src/main/java/com/example/jetcaster/tv/ui/settings/SettingsScreen.kt
android/compose-samples,Jetcaster/tv/src/main/java/com/example/jetcaster/tv/ui/theme/Space.kt,Kotlin,Jetpack Compose,androidx.compose,https://github.com/android/compose-samples/blob/HEAD/Jetcaster/tv/src/main/java/com/example/jetcaster/tv/ui/theme/Space.kt
android/compose-samples,Jetcaster/tv/src/main/java/com/example/jetcaster/tv/ui/theme/Theme.kt,Kotlin,Jetpack Compose,androidx.compose; @Composable; MaterialTheme,https://github.com/android/compose-samples/blob/HEAD/Jetcaster/tv/src/main/java/com/example/jetcaster/tv/ui/theme/Theme.kt
android/compose-samples,Jetcaster/tv/src/main/java/com/example/jetcaster/tv/ui/theme/Type.kt,Kotlin,Jetpack Compose,androidx.compose,https://github.com/android/compose-samples/blob/HEAD/Jetcaster/tv/src/main/java/com/example/jetcaster/tv/ui/theme/Type.kt
android/compose-samples,Jetcaster/tv/src/main/res/drawable-nodpi/ic_text_logo.xml,XML,Android Views,xmlns:android=,https://github.com/android/compose-samples/blob/HEAD/Jetcaster/tv/src/main/res/drawable-nodpi/ic_text_logo.xml
android/compose-samples,Jetcaster/tv/src/main/res/drawable-v26/ic_launcher_foreground.xml,XML,Android Views,xmlns:android=,https://github.com/android/compose-samples/blob/HEAD/Jetcaster/tv/src/main/res/drawable-v26/ic_launcher_foreground.xml
android/compose-samples,Jetcaster/tv/src/main/res/drawable/ic_add.xml,XML,Android Views,xmlns:android=,https://github.com/android/compose-samples/blob/HEAD/Jetcaster/tv/src/main/res/drawable/ic_add.xml
android/compose-samples,Jetcaster/tv/src/main/res/drawable/ic_forward_10.xml,XML,Android Views,xmlns:android=,https://github.com/android/compose-samples/blob/HEAD/Jetcaster/tv/src/main/res/drawable/ic_forward_10.xml
android/compose-samples,Jetcaster/tv/src/main/res/drawable/ic_home.xml,XML,Android Views,xmlns:android=,https://github.com/android/compose-samples/blob/HEAD/Jetcaster/tv/src/main/res/drawable/ic_home.xml
android/compose-samples,Jetcaster/tv/src/main/res/drawable/ic_info.xml,XML,Android Views,xmlns:android=,https://github.com/android/compose-samples/blob/HEAD/Jetcaster/tv/src/main/res/drawable/ic_info.xml
android/compose-samples,Jetcaster/tv/src/main/res/drawable/ic_launcher_background.xml,XML,Android Views,xmlns:android=,https://github.com/android/compose-samples/blob/HEAD/Jetcaster/tv/src/main/res/drawable/ic_launcher_background.xml
android/compose-samples,Jetcaster/tv/src/main/res/drawable/ic_launcher_foreground.xml,XML,Android Views,xmlns:android=,https://github.com/android/compose-samples/blob/HEAD/Jetcaster/tv/src/main/res/drawable/ic_launcher_foreground.xml
android/compose-samples,Jetcaster/tv/src/main/res/drawable/ic_launcher_monochrome.xml,XML,Android Views,xmlns:android=,https://github.com/android/compose-samples/blob/HEAD/Jetcaster/tv/src/main/res/drawable/ic_launcher_monochrome.xml
android/compose-samples,Jetcaster/tv/src/main/res/drawable/ic_library_music.xml,XML,Android Views,xmlns:android=,https://github.com/android/compose-samples/blob/HEAD/Jetcaster/tv/src/main/res/drawable/ic_library_music.xml
android/compose-samples,Jetcaster/tv/src/main/res/drawable/ic_logo.xml,XML,Android Views,xmlns:android=,https://github.com/android/compose-samples/blob/HEAD/Jetcaster/tv/src/main/res/drawable/ic_logo.xml
android/compose-samples,Jetcaster/tv/src/main/res/drawable/ic_pause.xml,XML,Android Views,xmlns:android=,https://github.com/android/compose-samples/blob/HEAD/Jetcaster/tv/src/main/res/drawable/ic_pause.xml
android/compose-samples,Jetcaster/tv/src/main/res/drawable/ic_person.xml,XML,Android Views,xmlns:android=,https://github.com/android/compose-samples/blob/HEAD/Jetcaster/tv/src/main/res/drawable/ic_person.xml
android/compose-samples,Jetcaster/tv/src/main/res/drawable/ic_play_arrow.xml,XML,Android Views,xmlns:android=,https://github.com/android/compose-samples/blob/HEAD/Jetcaster/tv/src/main/res/drawable/ic_play_arrow.xml
android/compose-samples,Jetcaster/tv/src/main/res/drawable/ic_playlist_add.xml,XML,Android Views,xmlns:android=,https://github.com/android/compose-samples/blob/HEAD/Jetcaster/tv/src/main/res/drawable/ic_playlist_add.xml
android/compose-samples,Jetcaster/tv/src/main/res/drawable/ic_remove.xml,XML,Android Views,xmlns:android=,https://github.com/android/compose-samples/blob/HEAD/Jetcaster/tv/src/main/res/drawable/ic_remove.xml
android/compose-samples,Jetcaster/tv/src/main/res/drawable/ic_replay_10.xml,XML,Android Views,xmlns:android=,https://github.com/android/compose-samples/blob/HEAD/Jetcaster/tv/src/main/res/drawable/ic_replay_10.xml
android/compose-samples,Jetcaster/tv/src/main/res/drawable/ic_search.xml,XML,Android Views,xmlns:android=,https://github.com/android/compose-samples/blob/HEAD/Jetcaster/tv/src/main/res/drawable/ic_search.xml
android/compose-samples,Jetcaster/tv/src/main/res/drawable/ic_settings.xml,XML,Android Views,xmlns:android=,https://github.com/android/compose-samples/blob/HEAD/Jetcaster/tv/src/main/res/drawable/ic_settings.xml
android/compose-samples,Jetcaster/tv/src/main/res/drawable/ic_skip_next.xml,XML,Android Views,xmlns:android=,https://github.com/android/compose-samples/blob/HEAD/Jetcaster/tv/src/main/res/drawable/ic_skip_next.xml
android/compose-samples,Jetcaster/tv/src/main/res/drawable/ic_skip_previous.xml,XML,Android Views,xmlns:android=,https://github.com/android/compose-samples/blob/HEAD/Jetcaster/tv/src/main/res/drawable/ic_skip_previous.xml
android/compose-samples,Jetcaster/tv/src/main/res/drawable/ic_video_library.xml,XML,Android Views,xmlns:android=,https://github.com/android/compose-samples/blob/HEAD/Jetcaster/tv/src/main/res/drawable/ic_video_library.xml
android/compose-samples,Jetcaster/tv/src/main/res/mipmap-anydpi-v26/ic_launcher.xml,XML,Android Views,xmlns:android=,https://github.com/android/compose-samples/blob/HEAD/Jetcaster/tv/src/main/res/mipmap-anydpi-v26/ic_launcher.xml
android/compose-samples,Jetcaster/tv/src/main/res/mipmap-anydpi-v26/ic_launcher_round.xml,XML,Android Views,xmlns:android=,https://github.com/android/compose-samples/blob/HEAD/Jetcaster/tv/src/main/res/mipmap-anydpi-v26/ic_launcher_round.xml
android/compose-samples,Jetcaster/wear/src/main/AndroidManifest.xml,XML,Android Views,xmlns:android=,https://github.com/android/compose-samples/blob/HEAD/Jetcaster/wear/src/main/AndroidManifest.xml
android/compose-samples,Jetcaster/wear/src/main/java/com/example/jetcaster/MainActivity.kt,Kotlin,Jetpack Compose,setContent {; androidx.activity.compose,https://github.com/android/compose-samples/blob/HEAD/Jetcaster/wear/src/main/java/com/example/jetcaster/MainActivity.kt
android/compose-samples,Jetcaster/wear/src/main/java/com/example/jetcaster/WearApp.kt,Kotlin,Jetpack Compose,androidx.compose; @Composable; Scaffold(; Modifier.,https://github.com/android/compose-samples/blob/HEAD/Jetcaster/wear/src/main/java/com/example/jetcaster/WearApp.kt
android/compose-samples,Jetcaster/wear/src/main/java/com/example/jetcaster/theme/ColorScheme.kt,Kotlin,Jetpack Compose,androidx.compose,https://github.com/android/compose-samples/blob/HEAD/Jetcaster/wear/src/main/java/com/example/jetcaster/theme/ColorScheme.kt
android/compose-samples,Jetcaster/wear/src/main/java/com/example/jetcaster/theme/Shape.kt,Kotlin,Jetpack Compose,androidx.compose,https://github.com/android/compose-samples/blob/HEAD/Jetcaster/wear/src/main/java/com/example/jetcaster/theme/Shape.kt
android/compose-samples,Jetcaster/wear/src/main/java/com/example/jetcaster/theme/WearAppTheme.kt,Kotlin,Jetpack Compose,androidx.compose; @Composable; MaterialTheme,https://github.com/android/compose-samples/blob/HEAD/Jetcaster/wear/src/main/java/com/example/jetcaster/theme/WearAppTheme.kt
android/compose-samples,Jetcaster/wear/src/main/java/com/example/jetcaster/ui/components/MediaContent.kt,Kotlin,Jetpack Compose,androidx.compose; @Composable; Scaffold(; Box(,https://github.com/android/compose-samples/blob/HEAD/Jetcaster/wear/src/main/java/com/example/jetcaster/ui/components/MediaContent.kt
android/compose-samples,Jetcaster/wear/src/main/java/com/example/jetcaster/ui/components/SettingsButtons.kt,Kotlin,Jetpack Compose,androidx.compose; @Composable; Row(; Box(; Modifier.,https://github.com/android/compose-samples/blob/HEAD/Jetcaster/wear/src/main/java/com/example/jetcaster/ui/components/SettingsButtons.kt
android/compose-samples,Jetcaster/wear/src/main/java/com/example/jetcaster/ui/episode/EpisodeScreen.kt,Kotlin,Jetpack Compose,androidx.compose; @Composable; remember {; Scaffold(; Column(; LazyColumn(; Modifier.; MaterialTheme,https://github.com/android/compose-samples/blob/HEAD/Jetcaster/wear/src/main/java/com/example/jetcaster/ui/episode/EpisodeScreen.kt
android/compose-samples,Jetcaster/wear/src/main/java/com/example/jetcaster/ui/latest_episodes/LatestEpisodesScreen.kt,Kotlin,Jetpack Compose,androidx.compose; @Composable; Scaffold(; Column(; LazyColumn(,https://github.com/android/compose-samples/blob/HEAD/Jetcaster/wear/src/main/java/com/example/jetcaster/ui/latest_episodes/LatestEpisodesScreen.kt
android/compose-samples,Jetcaster/wear/src/main/java/com/example/jetcaster/ui/library/LibraryScreen.kt,Kotlin,Jetpack Compose,androidx.compose; @Composable; Scaffold(; Column(; Box(; LazyColumn(; Modifier.; MaterialTheme,https://github.com/android/compose-samples/blob/HEAD/Jetcaster/wear/src/main/java/com/example/jetcaster/ui/library/LibraryScreen.kt
android/compose-samples,Jetcaster/wear/src/main/java/com/example/jetcaster/ui/player/PlayerScreen.kt,Kotlin,Jetpack Compose,androidx.compose; @Composable; remember {; Box(; Surface(; Modifier.; MaterialTheme,https://github.com/android/compose-samples/blob/HEAD/Jetcaster/wear/src/main/java/com/example/jetcaster/ui/player/PlayerScreen.kt
android/compose-samples,Jetcaster/wear/src/main/java/com/example/jetcaster/ui/podcast/PodcastDetailsScreen.kt,Kotlin,Jetpack Compose,androidx.compose; @Composable; Scaffold(; Column(; LazyColumn(; Modifier.,https://github.com/android/compose-samples/blob/HEAD/Jetcaster/wear/src/main/java/com/example/jetcaster/ui/podcast/PodcastDetailsScreen.kt
android/compose-samples,Jetcaster/wear/src/main/java/com/example/jetcaster/ui/podcasts/PodcastsScreen.kt,Kotlin,Jetpack Compose,androidx.compose; @Composable; Scaffold(; Column(; LazyColumn(; Modifier.,https://github.com/android/compose-samples/blob/HEAD/Jetcaster/wear/src/main/java/com/example/jetcaster/ui/podcasts/PodcastsScreen.kt
android/compose-samples,Jetcaster/wear/src/main/java/com/example/jetcaster/ui/preview/WearPreviewEpisodes.kt,Kotlin,Jetpack Compose,androidx.compose,https://github.com/android/compose-samples/blob/HEAD/Jetcaster/wear/src/main/java/com/example/jetcaster/ui/preview/WearPreviewEpisodes.kt
android/compose-samples,Jetcaster/wear/src/main/java/com/example/jetcaster/ui/preview/WearPreviewPodcasts.kt,Kotlin,Jetpack Compose,androidx.compose,https://github.com/android/compose-samples/blob/HEAD/Jetcaster/wear/src/main/java/com/example/jetcaster/ui/preview/WearPreviewPodcasts.kt
android/compose-samples,Jetcaster/wear/src/main/java/com/example/jetcaster/ui/queue/QueueScreen.kt,Kotlin,Jetpack Compose,androidx.compose; @Composable; remember {; Scaffold(; Column(; Box(; LazyColumn(; Modifier.; MaterialTheme,https://github.com/android/compose-samples/blob/HEAD/Jetcaster/wear/src/main/java/com/example/jetcaster/ui/queue/QueueScreen.kt
android/compose-samples,Jetcaster/wear/src/main/res/drawable/delete.xml,XML,Android Views,xmlns:android=,https://github.com/android/compose-samples/blob/HEAD/Jetcaster/wear/src/main/res/drawable/delete.xml
android/compose-samples,Jetcaster/wear/src/main/res/drawable/ic_launcher_foreground.xml,XML,Android Views,xmlns:android=,https://github.com/android/compose-samples/blob/HEAD/Jetcaster/wear/src/main/res/drawable/ic_launcher_foreground.xml
android/compose-samples,Jetcaster/wear/src/main/res/drawable/ic_logo.xml,XML,Android Views,xmlns:android=,https://github.com/android/compose-samples/blob/HEAD/Jetcaster/wear/src/main/res/drawable/ic_logo.xml
android/compose-samples,Jetcaster/wear/src/main/res/drawable/ic_playlist_add.xml,XML,Android Views,xmlns:android=,https://github.com/android/compose-samples/blob/HEAD/Jetcaster/wear/src/main/res/drawable/ic_playlist_add.xml
android/compose-samples,Jetcaster/wear/src/main/res/drawable/music.xml,XML,Android Views,xmlns:android=,https://github.com/android/compose-samples/blob/HEAD/Jetcaster/wear/src/main/res/drawable/music.xml
android/compose-samples,Jetcaster/wear/src/main/res/drawable/new_releases.xml,XML,Android Views,xmlns:android=,https://github.com/android/compose-samples/blob/HEAD/Jetcaster/wear/src/main/res/drawable/new_releases.xml
android/compose-samples,Jetcaster/wear/src/main/res/drawable/play.xml,XML,Android Views,xmlns:android=,https://github.com/android/compose-samples/blob/HEAD/Jetcaster/wear/src/main/res/drawable/play.xml
android/compose-samples,Jetcaster/wear/src/main/res/drawable/podcast.xml,XML,Android Views,xmlns:android=,https://github.com/android/compose-samples/blob/HEAD/Jetcaster/wear/src/main/res/drawable/podcast.xml
android/compose-samples,Jetcaster/wear/src/main/res/drawable/refresh.xml,XML,Android Views,xmlns:android=,https://github.com/android/compose-samples/blob/HEAD/Jetcaster/wear/src/main/res/drawable/refresh.xml
android/compose-samples,Jetcaster/wear/src/main/res/drawable/speed_15x.xml,XML,Android Views,xmlns:android=,https://github.com/android/compose-samples/blob/HEAD/Jetcaster/wear/src/main/res/drawable/speed_15x.xml
android/compose-samples,Jetcaster/wear/src/main/res/drawable/speed_1x.xml,XML,Android Views,xmlns:android=,https://github.com/android/compose-samples/blob/HEAD/Jetcaster/wear/src/main/res/drawable/speed_1x.xml
android/compose-samples,Jetcaster/wear/src/main/res/drawable/speed_2x.xml,XML,Android Views,xmlns:android=,https://github.com/android/compose-samples/blob/HEAD/Jetcaster/wear/src/main/res/drawable/speed_2x.xml
android/compose-samples,Jetcaster/wear/src/main/res/drawable/splashscreen.xml,XML,Android Views,xmlns:android=,https://github.com/android/compose-samples/blob/HEAD/Jetcaster/wear/src/main/res/drawable/splashscreen.xml
android/compose-samples,Jetcaster/wear/src/main/res/drawable/up_next.xml,XML,Android Views,xmlns:android=,https://github.com/android/compose-samples/blob/HEAD/Jetcaster/wear/src/main/res/drawable/up_next.xml
android/compose-samples,Jetcaster/wear/src/main/res/mipmap-anydpi-v26/ic_launcher.xml,XML,Android Views,xmlns:android=,https://github.com/android/compose-samples/blob/HEAD/Jetcaster/wear/src/main/res/mipmap-anydpi-v26/ic_launcher.xml
android/compose-samples,Jetcaster/wear/src/test/java/com/example/jetcaster/NavigationTest.kt,Kotlin,Jetpack Compose,androidx.compose,https://github.com/android/compose-samples/blob/HEAD/Jetcaster/wear/src/test/java/com/example/jetcaster/NavigationTest.kt
android/compose-samples,Jetchat/app/build.gradle.kts,Kotlin,Mixed (Compose + Android Views),androidx.compose; androidx.activity.compose; viewBinding,https://github.com/android/compose-samples/blob/HEAD/Jetchat/app/build.gradle.kts
android/compose-samples,Jetchat/app/src/androidTest/AndroidManifest.xml,XML,Android Views,xmlns:android=,https://github.com/android/compose-samples/blob/HEAD/Jetchat/app/src/androidTest/AndroidManifest.xml
android/compose-samples,Jetchat/app/src/androidTest/java/com/example/compose/jetchat/ConversationTest.kt,Kotlin,Jetpack Compose,androidx.compose; setContent {,https://github.com/android/compose-samples/blob/HEAD/Jetchat/app/src/androidTest/java/com/example/compose/jetchat/ConversationTest.kt
android/compose-samples,Jetchat/app/src/androidTest/java/com/example/compose/jetchat/NavigationTest.kt,Kotlin,Jetpack Compose,androidx.compose,https://github.com/android/compose-samples/blob/HEAD/Jetchat/app/src/androidTest/java/com/example/compose/jetchat/NavigationTest.kt
android/compose-samples,Jetchat/app/src/androidTest/java/com/example/compose/jetchat/UserInputTest.kt,Kotlin,Jetpack Compose,androidx.compose; setContent {,https://github.com/android/compose-samples/blob/HEAD/Jetchat/app/src/androidTest/java/com/example/compose/jetchat/UserInputTest.kt
android/compose-samples,Jetchat/app/src/androidTest/java/com/example/compose/jetchat/Utils.kt,Kotlin,Jetpack Compose,androidx.compose,https://github.com/android/compose-samples/blob/HEAD/Jetchat/app/src/androidTest/java/com/example/compose/jetchat/Utils.kt
android/compose-samples,Jetchat/app/src/main/AndroidManifest.xml,XML,Android Views,xmlns:android=,https://github.com/android/compose-samples/blob/HEAD/Jetchat/app/src/main/AndroidManifest.xml
android/compose-samples,Jetchat/app/src/main/java/com/example/compose/jetchat/NavActivity.kt,Kotlin,Mixed (Compose + Android Views),androidx.compose; setContent {; ComposeView; rememberCoroutineScope; remember {; LaunchedEffect; setContentView; ViewBinding; databinding,https://github.com/android/compose-samples/blob/HEAD/Jetchat/app/src/main/java/com/example/compose/jetchat/NavActivity.kt
android/compose-samples,Jetchat/app/src/main/java/com/example/compose/jetchat/UiExtras.kt,Kotlin,Jetpack Compose,androidx.compose; @Composable; MaterialTheme,https://github.com/android/compose-samples/blob/HEAD/Jetchat/app/src/main/java/com/example/compose/jetchat/UiExtras.kt
android/compose-samples,Jetchat/app/src/main/java/com/example/compose/jetchat/components/AnimatingFabContent.kt,Kotlin,Jetpack Compose,androidx.compose; @Composable; Row(; Box(; Modifier.,https://github.com/android/compose-samples/blob/HEAD/Jetchat/app/src/main/java/com/example/compose/jetchat/components/AnimatingFabContent.kt
android/compose-samples,Jetchat/app/src/main/java/com/example/compose/jetchat/components/BaseLineHeightModifier.kt,Kotlin,Jetpack Compose,androidx.compose; Modifier.,https://github.com/android/compose-samples/blob/HEAD/Jetchat/app/src/main/java/com/example/compose/jetchat/components/BaseLineHeightModifier.kt
android/compose-samples,Jetchat/app/src/main/java/com/example/compose/jetchat/components/JetchatAppBar.kt,Kotlin,Jetpack Compose,androidx.compose; @Composable,https://github.com/android/compose-samples/blob/HEAD/Jetchat/app/src/main/java/com/example/compose/jetchat/components/JetchatAppBar.kt
android/compose-samples,Jetchat/app/src/main/java/com/example/compose/jetchat/components/JetchatDrawer.kt,Kotlin,Jetpack Compose,androidx.compose; @Composable; Row(; Box(; Modifier.; MaterialTheme,https://github.com/android/compose-samples/blob/HEAD/Jetchat/app/src/main/java/com/example/compose/jetchat/components/JetchatDrawer.kt
android/compose-samples,Jetchat/app/src/main/java/com/example/compose/jetchat/components/JetchatIcon.kt,Kotlin,Jetpack Compose,androidx.compose; @Composable; Box(; Modifier.; MaterialTheme,https://github.com/android/compose-samples/blob/HEAD/Jetchat/app/src/main/java/com/example/compose/jetchat/components/JetchatIcon.kt
android/compose-samples,Jetchat/app/src/main/java/com/example/compose/jetchat/components/JetchatScaffold.kt,Kotlin,Jetpack Compose,androidx.compose; @Composable; MaterialTheme,https://github.com/android/compose-samples/blob/HEAD/Jetchat/app/src/main/java/com/example/compose/jetchat/components/JetchatScaffold.kt
android/compose-samples,Jetchat/app/src/main/java/com/example/compose/jetchat/conversation/Conversation.kt,Kotlin,Jetpack Compose,androidx.compose; @Composable; rememberCoroutineScope; remember {; Scaffold(; Column(; Row(; Box(; LazyColumn(; Surface(,https://github.com/android/compose-samples/blob/HEAD/Jetchat/app/src/main/java/com/example/compose/jetchat/conversation/Conversation.kt
android/compose-samples,Jetchat/app/src/main/java/com/example/compose/jetchat/conversation/ConversationFragment.kt,Kotlin,Mixed (Compose + Android Views),androidx.compose; setContent {; ComposeView; LayoutInflater; android.view.View; android.view.ViewGroup,https://github.com/android/compose-samples/blob/HEAD/Jetchat/app/src/main/java/com/example/compose/jetchat/conversation/ConversationFragment.kt
android/compose-samples,Jetchat/app/src/main/java/com/example/compose/jetchat/conversation/ConversationUiState.kt,Kotlin,Jetpack Compose,androidx.compose,https://github.com/android/compose-samples/blob/HEAD/Jetchat/app/src/main/java/com/example/compose/jetchat/conversation/ConversationUiState.kt
android/compose-samples,Jetchat/app/src/main/java/com/example/compose/jetchat/conversation/JumpToBottom.kt,Kotlin,Jetpack Compose,androidx.compose; @Composable; Modifier.; MaterialTheme,https://github.com/android/compose-samples/blob/HEAD/Jetchat/app/src/main/java/com/example/compose/jetchat/conversation/JumpToBottom.kt
android/compose-samples,Jetchat/app/src/main/java/com/example/compose/jetchat/conversation/MessageFormatter.kt,Kotlin,Jetpack Compose,androidx.compose; @Composable; MaterialTheme,https://github.com/android/compose-samples/blob/HEAD/Jetchat/app/src/main/java/com/example/compose/jetchat/conversation/MessageFormatter.kt
android/compose-samples,Jetchat/app/src/main/java/com/example/compose/jetchat/conversation/RecordButton.kt,Kotlin,Jetpack Compose,androidx.compose; @Composable; rememberCoroutineScope; remember {; Box(; Modifier.,https://github.com/android/compose-samples/blob/HEAD/Jetchat/app/src/main/java/com/example/compose/jetchat/conversation/RecordButton.kt
android/compose-samples,Jetchat/app/src/main/java/com/example/compose/jetchat/conversation/UserInput.kt,Kotlin,Jetpack Compose,androidx.compose; @Composable; remember {; LaunchedEffect; Column(; Row(; Box(; Surface(; Modifier.; MaterialTheme,https://github.com/android/compose-samples/blob/HEAD/Jetchat/app/src/main/java/com/example/compose/jetchat/conversation/UserInput.kt
android/compose-samples,Jetchat/app/src/main/java/com/example/compose/jetchat/profile/Previews.kt,Kotlin,Jetpack Compose,androidx.compose; @Composable,https://github.com/android/compose-samples/blob/HEAD/Jetchat/app/src/main/java/com/example/compose/jetchat/profile/Previews.kt
android/compose-samples,Jetchat/app/src/main/java/com/example/compose/jetchat/profile/Profile.kt,Kotlin,Jetpack Compose,androidx.compose; @Composable; remember {; Column(; Modifier.; MaterialTheme,https://github.com/android/compose-samples/blob/HEAD/Jetchat/app/src/main/java/com/example/compose/jetchat/profile/Profile.kt
android/compose-samples,Jetchat/app/src/main/java/com/example/compose/jetchat/profile/ProfileFragment.kt,Kotlin,Mixed (Compose + Android Views),androidx.compose; setContent {; ComposeView; remember {; Modifier.; MaterialTheme; findViewById; LayoutInflater; android.view.View; android.view.ViewGroup,https://github.com/android/compose-samples/blob/HEAD/Jetchat/app/src/main/java/com/example/compose/jetchat/profile/ProfileFragment.kt
android/compose-samples,Jetchat/app/src/main/java/com/example/compose/jetchat/profile/ProfileViewModel.kt,Kotlin,Jetpack Compose,androidx.compose,https://github.com/android/compose-samples/blob/HEAD/Jetchat/app/src/main/java/com/example/compose/jetchat/profile/ProfileViewModel.kt
android/compose-samples,Jetchat/app/src/main/java/com/example/compose/jetchat/theme/Color.kt,Kotlin,Jetpack Compose,androidx.compose,https://github.com/android/compose-samples/blob/HEAD/Jetchat/app/src/main/java/com/example/compose/jetchat/theme/Color.kt
android/compose-samples,Jetchat/app/src/main/java/com/example/compose/jetchat/theme/Themes.kt,Kotlin,Jetpack Compose,androidx.compose; @Composable; MaterialTheme,https://github.com/android/compose-samples/blob/HEAD/Jetchat/app/src/main/java/com/example/compose/jetchat/theme/Themes.kt
android/compose-samples,Jetchat/app/src/main/java/com/example/compose/jetchat/theme/Typography.kt,Kotlin,Jetpack Compose,androidx.compose,https://github.com/android/compose-samples/blob/HEAD/Jetchat/app/src/main/java/com/example/compose/jetchat/theme/Typography.kt
android/compose-samples,Jetchat/app/src/main/java/com/example/compose/jetchat/widget/composables/MessagesWidget.kt,Kotlin,Jetpack Compose,androidx.compose; @Composable; Scaffold(; Column(; LazyColumn(; Modifier.,https://github.com/android/compose-samples/blob/HEAD/Jetchat/app/src/main/java/com/example/compose/jetchat/widget/composables/MessagesWidget.kt
android/compose-samples,Jetchat/app/src/main/java/com/example/compose/jetchat/widget/theme/Type.kt,Kotlin,Jetpack Compose,androidx.compose,https://github.com/android/compose-samples/blob/HEAD/Jetchat/app/src/main/java/com/example/compose/jetchat/widget/theme/Type.kt
android/compose-samples,Jetchat/app/src/main/res/drawable-v24/ic_launcher_foreground.xml,XML,Android Views,xmlns:android=,https://github.com/android/compose-samples/blob/HEAD/Jetchat/app/src/main/res/drawable-v24/ic_launcher_foreground.xml
android/compose-samples,Jetchat/app/src/main/res/drawable/ic_alternate_email.xml,XML,Android Views,xmlns:android=,https://github.com/android/compose-samples/blob/HEAD/Jetchat/app/src/main/res/drawable/ic_alternate_email.xml
android/compose-samples,Jetchat/app/src/main/res/drawable/ic_arrow_downward.xml,XML,Android Views,xmlns:android=,https://github.com/android/compose-samples/blob/HEAD/Jetchat/app/src/main/res/drawable/ic_arrow_downward.xml
android/compose-samples,Jetchat/app/src/main/res/drawable/ic_baseline_person_24.xml,XML,Android Views,xmlns:android=,https://github.com/android/compose-samples/blob/HEAD/Jetchat/app/src/main/res/drawable/ic_baseline_person_24.xml
android/compose-samples,Jetchat/app/src/main/res/drawable/ic_chat.xml,XML,Android Views,xmlns:android=,https://github.com/android/compose-samples/blob/HEAD/Jetchat/app/src/main/res/drawable/ic_chat.xml
android/compose-samples,Jetchat/app/src/main/res/drawable/ic_create.xml,XML,Android Views,xmlns:android=,https://github.com/android/compose-samples/blob/HEAD/Jetchat/app/src/main/res/drawable/ic_create.xml
android/compose-samples,Jetchat/app/src/main/res/drawable/ic_duo.xml,XML,Android Views,xmlns:android=,https://github.com/android/compose-samples/blob/HEAD/Jetchat/app/src/main/res/drawable/ic_duo.xml
android/compose-samples,Jetchat/app/src/main/res/drawable/ic_info.xml,XML,Android Views,xmlns:android=,https://github.com/android/compose-samples/blob/HEAD/Jetchat/app/src/main/res/drawable/ic_info.xml
android/compose-samples,Jetchat/app/src/main/res/drawable/ic_insert_photo.xml,XML,Android Views,xmlns:android=,https://github.com/android/compose-samples/blob/HEAD/Jetchat/app/src/main/res/drawable/ic_insert_photo.xml
android/compose-samples,Jetchat/app/src/main/res/drawable/ic_jetchat.xml,XML,Android Views,xmlns:android=,https://github.com/android/compose-samples/blob/HEAD/Jetchat/app/src/main/res/drawable/ic_jetchat.xml
android/compose-samples,Jetchat/app/src/main/res/drawable/ic_jetchat_back.xml,XML,Android Views,xmlns:android=,https://github.com/android/compose-samples/blob/HEAD/Jetchat/app/src/main/res/drawable/ic_jetchat_back.xml
android/compose-samples,Jetchat/app/src/main/res/drawable/ic_jetchat_front.xml,XML,Android Views,xmlns:android=,https://github.com/android/compose-samples/blob/HEAD/Jetchat/app/src/main/res/drawable/ic_jetchat_front.xml
android/compose-samples,Jetchat/app/src/main/res/drawable/ic_launcher_foreground.xml,XML,Android Views,xmlns:android=,https://github.com/android/compose-samples/blob/HEAD/Jetchat/app/src/main/res/drawable/ic_launcher_foreground.xml
android/compose-samples,Jetchat/app/src/main/res/drawable/ic_launcher_monochrome.xml,XML,Android Views,xmlns:android=,https://github.com/android/compose-samples/blob/HEAD/Jetchat/app/src/main/res/drawable/ic_launcher_monochrome.xml
android/compose-samples,Jetchat/app/src/main/res/drawable/ic_mic.xml,XML,Android Views,xmlns:android=,https://github.com/android/compose-samples/blob/HEAD/Jetchat/app/src/main/res/drawable/ic_mic.xml
android/compose-samples,Jetchat/app/src/main/res/drawable/ic_mood.xml,XML,Android Views,xmlns:android=,https://github.com/android/compose-samples/blob/HEAD/Jetchat/app/src/main/res/drawable/ic_mood.xml
android/compose-samples,Jetchat/app/src/main/res/drawable/ic_more_vert.xml,XML,Android Views,xmlns:android=,https://github.com/android/compose-samples/blob/HEAD/Jetchat/app/src/main/res/drawable/ic_more_vert.xml
android/compose-samples,Jetchat/app/src/main/res/drawable/ic_place.xml,XML,Android Views,xmlns:android=,https://github.com/android/compose-samples/blob/HEAD/Jetchat/app/src/main/res/drawable/ic_place.xml
android/compose-samples,Jetchat/app/src/main/res/drawable/ic_search.xml,XML,Android Views,xmlns:android=,https://github.com/android/compose-samples/blob/HEAD/Jetchat/app/src/main/res/drawable/ic_search.xml
android/compose-samples,Jetchat/app/src/main/res/drawable/jetchat_logo.xml,XML,Android Views,xmlns:android=,https://github.com/android/compose-samples/blob/HEAD/Jetchat/app/src/main/res/drawable/jetchat_logo.xml
android/compose-samples,Jetchat/app/src/main/res/layout/content_main.xml,XML,Android Views,xmlns:android=; android:layout_width; <FrameLayout,https://github.com/android/compose-samples/blob/HEAD/Jetchat/app/src/main/res/layout/content_main.xml
android/compose-samples,Jetchat/app/src/main/res/layout/fragment_profile.xml,XML,Android Views,xmlns:android=; android:layout_width,https://github.com/android/compose-samples/blob/HEAD/Jetchat/app/src/main/res/layout/fragment_profile.xml
android/compose-samples,Jetchat/app/src/main/res/menu/activity_main_drawer.xml,XML,Android Views,xmlns:android=,https://github.com/android/compose-samples/blob/HEAD/Jetchat/app/src/main/res/menu/activity_main_drawer.xml
android/compose-samples,Jetchat/app/src/main/res/mipmap-anydpi-v26/ic_launcher.xml,XML,Android Views,xmlns:android=,https://github.com/android/compose-samples/blob/HEAD/Jetchat/app/src/main/res/mipmap-anydpi-v26/ic_launcher.xml
android/compose-samples,Jetchat/app/src/main/res/navigation/mobile_navigation.xml,XML,Android Views,xmlns:android=,https://github.com/android/compose-samples/blob/HEAD/Jetchat/app/src/main/res/navigation/mobile_navigation.xml
android/compose-samples,Jetchat/app/src/main/res/xml/widget_unread_messages_info.xml,XML,Android Views,xmlns:android=,https://github.com/android/compose-samples/blob/HEAD/Jetchat/app/src/main/res/xml/widget_unread_messages_info.xml
android/compose-samples,Jetsnack/app/build.gradle.kts,Kotlin,Jetpack Compose,androidx.compose; androidx.activity.compose,https://github.com/android/compose-samples/blob/HEAD/Jetsnack/app/build.gradle.kts
android/compose-samples,Jetsnack/app/src/androidTest/java/com/example/jetsnack/AppTest.kt,Kotlin,Jetpack Compose,androidx.compose,https://github.com/android/compose-samples/blob/HEAD/Jetsnack/app/src/androidTest/java/com/example/jetsnack/AppTest.kt
android/compose-samples,Jetsnack/app/src/main/AndroidManifest.xml,XML,Android Views,xmlns:android=,https://github.com/android/compose-samples/blob/HEAD/Jetsnack/app/src/main/AndroidManifest.xml
android/compose-samples,Jetsnack/app/src/main/java/com/example/jetsnack/model/Filter.kt,Kotlin,Jetpack Compose,androidx.compose,https://github.com/android/compose-samples/blob/HEAD/Jetsnack/app/src/main/java/com/example/jetsnack/model/Filter.kt
android/compose-samples,Jetsnack/app/src/main/java/com/example/jetsnack/model/Search.kt,Kotlin,Jetpack Compose,androidx.compose,https://github.com/android/compose-samples/blob/HEAD/Jetsnack/app/src/main/java/com/example/jetsnack/model/Search.kt
android/compose-samples,Jetsnack/app/src/main/java/com/example/jetsnack/model/Snack.kt,Kotlin,Jetpack Compose,androidx.compose,https://github.com/android/compose-samples/blob/HEAD/Jetsnack/app/src/main/java/com/example/jetsnack/model/Snack.kt
android/compose-samples,Jetsnack/app/src/main/java/com/example/jetsnack/model/SnackCollection.kt,Kotlin,Jetpack Compose,androidx.compose,https://github.com/android/compose-samples/blob/HEAD/Jetsnack/app/src/main/java/com/example/jetsnack/model/SnackCollection.kt
android/compose-samples,Jetsnack/app/src/main/java/com/example/jetsnack/ui/JetsnackApp.kt,Kotlin,Jetpack Compose,androidx.compose; @Composable; Scaffold(; Modifier.,https://github.com/android/compose-samples/blob/HEAD/Jetsnack/app/src/main/java/com/example/jetsnack/ui/JetsnackApp.kt
android/compose-samples,Jetsnack/app/src/main/java/com/example/jetsnack/ui/MainActivity.kt,Kotlin,Jetpack Compose,setContent {; androidx.activity.compose,https://github.com/android/compose-samples/blob/HEAD/Jetsnack/app/src/main/java/com/example/jetsnack/ui/MainActivity.kt
android/compose-samples,Jetsnack/app/src/main/java/com/example/jetsnack/ui/components/Button.kt,Kotlin,Jetpack Compose,androidx.compose; @Composable; remember {; Row(; Surface(; MaterialTheme,https://github.com/android/compose-samples/blob/HEAD/Jetsnack/app/src/main/java/com/example/jetsnack/ui/components/Button.kt
android/compose-samples,Jetsnack/app/src/main/java/com/example/jetsnack/ui/components/Card.kt,Kotlin,Jetpack Compose,androidx.compose; @Composable; Surface(; Modifier.; MaterialTheme,https://github.com/android/compose-samples/blob/HEAD/Jetsnack/app/src/main/java/com/example/jetsnack/ui/components/Card.kt
android/compose-samples,Jetsnack/app/src/main/java/com/example/jetsnack/ui/components/Divider.kt,Kotlin,Jetpack Compose,androidx.compose; @Composable; Box(; Modifier.,https://github.com/android/compose-samples/blob/HEAD/Jetsnack/app/src/main/java/com/example/jetsnack/ui/components/Divider.kt
android/sunflower@views,app/src/androidTest/java/com/google/samples/apps/sunflower/utilities/TestUtils.kt,Kotlin,Android Views,findViewById,https://github.com/android/sunflower/blob/views/app/src/androidTest/java/com/google/samples/apps/sunflower/utilities/TestUtils.kt
android/sunflower@views,app/src/main/AndroidManifest.xml,XML,Android Views,xmlns:android=,https://github.com/android/sunflower/blob/views/app/src/main/AndroidManifest.xml
android/sunflower@views,app/src/main/java/com/google/samples/apps/sunflower/GalleryFragment.kt,Kotlin,Android Views,LayoutInflater; android.view.View; android.view.ViewGroup; databinding,https://github.com/android/sunflower/blob/views/app/src/main/java/com/google/samples/apps/sunflower/GalleryFragment.kt
android/sunflower@views,app/src/main/java/com/google/samples/apps/sunflower/GardenActivity.kt,Kotlin,Android Views,setContentView; DataBinding; databinding,https://github.com/android/sunflower/blob/views/app/src/main/java/com/google/samples/apps/sunflower/GardenActivity.kt
android/sunflower@views,app/src/main/java/com/google/samples/apps/sunflower/GardenFragment.kt,Kotlin,Android Views,findViewById; LayoutInflater; android.view.View; android.view.ViewGroup; setOnClickListener; databinding,https://github.com/android/sunflower/blob/views/app/src/main/java/com/google/samples/apps/sunflower/GardenFragment.kt
android/sunflower@views,app/src/main/java/com/google/samples/apps/sunflower/HomeViewPagerFragment.kt,Kotlin,Android Views,LayoutInflater; android.view.View; android.view.ViewGroup; databinding,https://github.com/android/sunflower/blob/views/app/src/main/java/com/google/samples/apps/sunflower/HomeViewPagerFragment.kt
android/sunflower@views,app/src/main/java/com/google/samples/apps/sunflower/PlantDetailFragment.kt,Kotlin,Android Views,LayoutInflater; android.view.View; android.view.ViewGroup; setOnClickListener; DataBinding; databinding,https://github.com/android/sunflower/blob/views/app/src/main/java/com/google/samples/apps/sunflower/PlantDetailFragment.kt
android/sunflower@views,app/src/main/java/com/google/samples/apps/sunflower/PlantListFragment.kt,Kotlin,Android Views,LayoutInflater; android.view.View; android.view.ViewGroup; inflater.inflate; databinding,https://github.com/android/sunflower/blob/views/app/src/main/java/com/google/samples/apps/sunflower/PlantListFragment.kt
android/sunflower@views,app/src/main/java/com/google/samples/apps/sunflower/adapters/BindingAdapters.kt,Kotlin,Android Views,android.view.View; databinding,https://github.com/android/sunflower/blob/views/app/src/main/java/com/google/samples/apps/sunflower/adapters/BindingAdapters.kt
android/sunflower@views,app/src/main/java/com/google/samples/apps/sunflower/adapters/GalleryAdapter.kt,Kotlin,Android Views,LayoutInflater; RecyclerView.ViewHolder; android.view.View; android.view.ViewGroup; databinding,https://github.com/android/sunflower/blob/views/app/src/main/java/com/google/samples/apps/sunflower/adapters/GalleryAdapter.kt
android/sunflower@views,app/src/main/java/com/google/samples/apps/sunflower/adapters/GardenPlantingAdapter.kt,Kotlin,Android Views,LayoutInflater; RecyclerView.ViewHolder; android.view.View; android.view.ViewGroup; DataBinding; databinding,https://github.com/android/sunflower/blob/views/app/src/main/java/com/google/samples/apps/sunflower/adapters/GardenPlantingAdapter.kt
android/sunflower@views,app/src/main/java/com/google/samples/apps/sunflower/adapters/PlantAdapter.kt,Kotlin,Android Views,LayoutInflater; RecyclerView.ViewHolder; android.view.View; android.view.ViewGroup; databinding,https://github.com/android/sunflower/blob/views/app/src/main/java/com/google/samples/apps/sunflower/adapters/PlantAdapter.kt
android/sunflower@views,app/src/main/java/com/google/samples/apps/sunflower/adapters/PlantDetailBindingAdapters.kt,Kotlin,Android Views,android.widget.TextView; android.widget.ImageView; databinding,https://github.com/android/sunflower/blob/views/app/src/main/java/com/google/samples/apps/sunflower/adapters/PlantDetailBindingAdapters.kt
android/sunflower@views,app/src/main/res/anim/slide_in_left.xml,XML,Android Views,xmlns:android=,https://github.com/android/sunflower/blob/views/app/src/main/res/anim/slide_in_left.xml
android/sunflower@views,app/src/main/res/anim/slide_in_right.xml,XML,Android Views,xmlns:android=,https://github.com/android/sunflower/blob/views/app/src/main/res/anim/slide_in_right.xml
android/sunflower@views,app/src/main/res/anim/slide_out_left.xml,XML,Android Views,xmlns:android=,https://github.com/android/sunflower/blob/views/app/src/main/res/anim/slide_out_left.xml
android/sunflower@views,app/src/main/res/anim/slide_out_right.xml,XML,Android Views,xmlns:android=,https://github.com/android/sunflower/blob/views/app/src/main/res/anim/slide_out_right.xml
android/sunflower@views,app/src/main/res/animator/show_toolbar.xml,XML,Android Views,xmlns:android=,https://github.com/android/sunflower/blob/views/app/src/main/res/animator/show_toolbar.xml
android/sunflower@views,app/src/main/res/drawable/garden_tab_selector.xml,XML,Android Views,xmlns:android=,https://github.com/android/sunflower/blob/views/app/src/main/res/drawable/garden_tab_selector.xml
android/sunflower@views,app/src/main/res/drawable/ic_detail_back.xml,XML,Android Views,xmlns:android=,https://github.com/android/sunflower/blob/views/app/src/main/res/drawable/ic_detail_back.xml
android/sunflower@views,app/src/main/res/drawable/ic_detail_back_no_circle.xml,XML,Android Views,xmlns:android=,https://github.com/android/sunflower/blob/views/app/src/main/res/drawable/ic_detail_back_no_circle.xml
android/sunflower@views,app/src/main/res/drawable/ic_detail_share.xml,XML,Android Views,xmlns:android=,https://github.com/android/sunflower/blob/views/app/src/main/res/drawable/ic_detail_share.xml
android/sunflower@views,app/src/main/res/drawable/ic_filter_list_24dp.xml,XML,Android Views,xmlns:android=,https://github.com/android/sunflower/blob/views/app/src/main/res/drawable/ic_filter_list_24dp.xml
android/sunflower@views,app/src/main/res/drawable/ic_launcher_background.xml,XML,Android Views,xmlns:android=,https://github.com/android/sunflower/blob/views/app/src/main/res/drawable/ic_launcher_background.xml
android/sunflower@views,app/src/main/res/drawable/ic_my_garden_active.xml,XML,Android Views,xmlns:android=,https://github.com/android/sunflower/blob/views/app/src/main/res/drawable/ic_my_garden_active.xml
android/sunflower@views,app/src/main/res/drawable/ic_my_garden_inactive.xml,XML,Android Views,xmlns:android=,https://github.com/android/sunflower/blob/views/app/src/main/res/drawable/ic_my_garden_inactive.xml
android/sunflower@views,app/src/main/res/drawable/ic_photo_library.xml,XML,Android Views,xmlns:android=,https://github.com/android/sunflower/blob/views/app/src/main/res/drawable/ic_photo_library.xml
android/sunflower@views,app/src/main/res/drawable/ic_plant_list_active.xml,XML,Android Views,xmlns:android=,https://github.com/android/sunflower/blob/views/app/src/main/res/drawable/ic_plant_list_active.xml
android/sunflower@views,app/src/main/res/drawable/ic_plant_list_inactive.xml,XML,Android Views,xmlns:android=,https://github.com/android/sunflower/blob/views/app/src/main/res/drawable/ic_plant_list_inactive.xml
android/sunflower@views,app/src/main/res/drawable/ic_plus.xml,XML,Android Views,xmlns:android=,https://github.com/android/sunflower/blob/views/app/src/main/res/drawable/ic_plus.xml
android/sunflower@views,app/src/main/res/drawable/plant_list_tab_selector.xml,XML,Android Views,xmlns:android=,https://github.com/android/sunflower/blob/views/app/src/main/res/drawable/plant_list_tab_selector.xml
android/sunflower@views,app/src/main/res/drawable/tab_icon_color_selector.xml,XML,Android Views,xmlns:android=,https://github.com/android/sunflower/blob/views/app/src/main/res/drawable/tab_icon_color_selector.xml
android/sunflower@views,app/src/main/res/layout/activity_garden.xml,XML,Android Views,xmlns:android=; android:layout_width,https://github.com/android/sunflower/blob/views/app/src/main/res/layout/activity_garden.xml
android/sunflower@views,app/src/main/res/layout/fragment_gallery.xml,XML,Android Views,xmlns:android=; android:layout_width,https://github.com/android/sunflower/blob/views/app/src/main/res/layout/fragment_gallery.xml
android/sunflower@views,app/src/main/res/layout/fragment_garden.xml,XML,Android Views,xmlns:android=; android:layout_width; <LinearLayout; <FrameLayout; <TextView,https://github.com/android/sunflower/blob/views/app/src/main/res/layout/fragment_garden.xml
android/sunflower@views,app/src/main/res/layout/fragment_plant_detail.xml,XML,Android Views,xmlns:android=; android:layout_width; <TextView; <ImageView,https://github.com/android/sunflower/blob/views/app/src/main/res/layout/fragment_plant_detail.xml
android/sunflower@views,app/src/main/res/layout/fragment_plant_list.xml,XML,Android Views,xmlns:android=; android:layout_width; <FrameLayout,https://github.com/android/sunflower/blob/views/app/src/main/res/layout/fragment_plant_list.xml
android/sunflower@views,app/src/main/res/layout/fragment_view_pager.xml,XML,Android Views,xmlns:android=; android:layout_width; <TextView,https://github.com/android/sunflower/blob/views/app/src/main/res/layout/fragment_view_pager.xml
android/sunflower@views,app/src/main/res/layout/list_item_garden_planting.xml,XML,Android Views,xmlns:android=; android:layout_width; <TextView; <ImageView; android.view,https://github.com/android/sunflower/blob/views/app/src/main/res/layout/list_item_garden_planting.xml
android/sunflower@views,app/src/main/res/layout/list_item_photo.xml,XML,Android Views,xmlns:android=; android:layout_width; <TextView; <ImageView; android.view,https://github.com/android/sunflower/blob/views/app/src/main/res/layout/list_item_photo.xml
android/sunflower@views,app/src/main/res/layout/list_item_plant.xml,XML,Android Views,xmlns:android=; android:layout_width; <TextView; <ImageView; android.view,https://github.com/android/sunflower/blob/views/app/src/main/res/layout/list_item_plant.xml
android/sunflower@views,app/src/main/res/menu/menu_plant_detail.xml,XML,Android Views,xmlns:android=,https://github.com/android/sunflower/blob/views/app/src/main/res/menu/menu_plant_detail.xml
android/sunflower@views,app/src/main/res/menu/menu_plant_list.xml,XML,Android Views,xmlns:android=,https://github.com/android/sunflower/blob/views/app/src/main/res/menu/menu_plant_list.xml
android/sunflower@views,app/src/main/res/mipmap-anydpi-v26/ic_launcher.xml,XML,Android Views,xmlns:android=,https://github.com/android/sunflower/blob/views/app/src/main/res/mipmap-anydpi-v26/ic_launcher.xml
android/sunflower@views,app/src/main/res/mipmap-anydpi-v26/ic_launcher_round.xml,XML,Android Views,xmlns:android=,https://github.com/android/sunflower/blob/views/app/src/main/res/mipmap-anydpi-v26/ic_launcher_round.xml
android/sunflower@views,app/src/main/res/navigation/nav_garden.xml,XML,Android Views,xmlns:android=,https://github.com/android/sunflower/blob/views/app/src/main/res/navigation/nav_garden.xml
android/sunflower,app/build.gradle.kts,Kotlin,Jetpack Compose,androidx.compose; androidx.activity.compose,https://github.com/android/sunflower/blob/HEAD/app/build.gradle.kts
android/sunflower,app/src/androidTest/java/com/google/samples/apps/sunflower/GardenActivityTest.kt,Kotlin,Jetpack Compose,androidx.compose,https://github.com/android/sunflower/blob/HEAD/app/src/androidTest/java/com/google/samples/apps/sunflower/GardenActivityTest.kt
android/sunflower,app/src/androidTest/java/com/google/samples/apps/sunflower/compose/garden/GardenTest.kt,Kotlin,Jetpack Compose,androidx.compose; setContent {,https://github.com/android/sunflower/blob/HEAD/app/src/androidTest/java/com/google/samples/apps/sunflower/compose/garden/GardenTest.kt
android/sunflower,app/src/androidTest/java/com/google/samples/apps/sunflower/compose/plantdetail/PlantDetailComposeTest.kt,Kotlin,Jetpack Compose,androidx.compose; @Composable; setContent {,https://github.com/android/sunflower/blob/HEAD/app/src/androidTest/java/com/google/samples/apps/sunflower/compose/plantdetail/PlantDetailComposeTest.kt
android/sunflower,app/src/androidTest/java/com/google/samples/apps/sunflower/compose/plantlist/PlantListTest.kt,Kotlin,Jetpack Compose,androidx.compose; setContent {,https://github.com/android/sunflower/blob/HEAD/app/src/androidTest/java/com/google/samples/apps/sunflower/compose/plantlist/PlantListTest.kt
android/sunflower,app/src/main/AndroidManifest.xml,XML,Android Views,xmlns:android=,https://github.com/android/sunflower/blob/HEAD/app/src/main/AndroidManifest.xml
android/sunflower,app/src/main/java/com/google/samples/apps/sunflower/GardenActivity.kt,Kotlin,Jetpack Compose,setContent {; androidx.activity.compose,https://github.com/android/sunflower/blob/HEAD/app/src/main/java/com/google/samples/apps/sunflower/GardenActivity.kt
android/sunflower,app/src/main/java/com/google/samples/apps/sunflower/compose/Dimens.kt,Kotlin,Jetpack Compose,androidx.compose; @Composable,https://github.com/android/sunflower/blob/HEAD/app/src/main/java/com/google/samples/apps/sunflower/compose/Dimens.kt
android/sunflower,app/src/main/java/com/google/samples/apps/sunflower/compose/Modifiers.kt,Kotlin,Jetpack Compose,androidx.compose; Modifier.,https://github.com/android/sunflower/blob/HEAD/app/src/main/java/com/google/samples/apps/sunflower/compose/Modifiers.kt
android/sunflower,app/src/main/java/com/google/samples/apps/sunflower/compose/SunflowerApp.kt,Kotlin,Jetpack Compose,androidx.compose; @Composable,https://github.com/android/sunflower/blob/HEAD/app/src/main/java/com/google/samples/apps/sunflower/compose/SunflowerApp.kt
android/sunflower,app/src/main/java/com/google/samples/apps/sunflower/compose/gallery/GalleryScreen.kt,Kotlin,Jetpack Compose,androidx.compose; @Composable; LaunchedEffect; Scaffold(; Box(; Modifier.,https://github.com/android/sunflower/blob/HEAD/app/src/main/java/com/google/samples/apps/sunflower/compose/gallery/GalleryScreen.kt
android/sunflower,app/src/main/java/com/google/samples/apps/sunflower/compose/garden/GardenScreen.kt,Kotlin,Jetpack Compose,androidx.compose; @Composable; Column(; Modifier.; MaterialTheme; androidx.activity.compose,https://github.com/android/sunflower/blob/HEAD/app/src/main/java/com/google/samples/apps/sunflower/compose/garden/GardenScreen.kt
android/sunflower,app/src/main/java/com/google/samples/apps/sunflower/compose/home/HomeScreen.kt,Kotlin,Jetpack Compose,androidx.compose; @Composable; rememberCoroutineScope; Scaffold(; Column(; Row(; Modifier.; MaterialTheme,https://github.com/android/sunflower/blob/HEAD/app/src/main/java/com/google/samples/apps/sunflower/compose/home/HomeScreen.kt
android/sunflower,app/src/main/java/com/google/samples/apps/sunflower/compose/plantdetail/PlantDetailScroller.kt,Kotlin,Jetpack Compose,androidx.compose,https://github.com/android/sunflower/blob/HEAD/app/src/main/java/com/google/samples/apps/sunflower/compose/plantdetail/PlantDetailScroller.kt
android/sunflower,app/src/main/java/com/google/samples/apps/sunflower/compose/plantdetail/PlantDetailView.kt,Kotlin,Mixed (Compose + Android Views),androidx.compose; @Composable; remember {; Column(; Row(; Box(; Modifier.; MaterialTheme; ViewBinding; databinding,https://github.com/android/sunflower/blob/HEAD/app/src/main/java/com/google/samples/apps/sunflower/compose/plantdetail/PlantDetailView.kt
android/sunflower,app/src/main/java/com/google/samples/apps/sunflower/compose/plantlist/PlantListItemView.kt,Kotlin,Jetpack Compose,androidx.compose; @Composable; Column(; Modifier.; MaterialTheme,https://github.com/android/sunflower/blob/HEAD/app/src/main/java/com/google/samples/apps/sunflower/compose/plantlist/PlantListItemView.kt
android/sunflower,app/src/main/java/com/google/samples/apps/sunflower/compose/plantlist/PlantListScreen.kt,Kotlin,Jetpack Compose,androidx.compose; @Composable,https://github.com/android/sunflower/blob/HEAD/app/src/main/java/com/google/samples/apps/sunflower/compose/plantlist/PlantListScreen.kt
android/sunflower,app/src/main/java/com/google/samples/apps/sunflower/compose/utils/TextSnackbarContainer.kt,Kotlin,Jetpack Compose,androidx.compose; @Composable; remember {; LaunchedEffect; Box(; MaterialTheme,https://github.com/android/sunflower/blob/HEAD/app/src/main/java/com/google/samples/apps/sunflower/compose/utils/TextSnackbarContainer.kt
android/sunflower,app/src/main/java/com/google/samples/apps/sunflower/ui/Color.kt,Kotlin,Jetpack Compose,androidx.compose,https://github.com/android/sunflower/blob/HEAD/app/src/main/java/com/google/samples/apps/sunflower/ui/Color.kt
android/sunflower,app/src/main/java/com/google/samples/apps/sunflower/ui/Shapes.kt,Kotlin,Jetpack Compose,androidx.compose,https://github.com/android/sunflower/blob/HEAD/app/src/main/java/com/google/samples/apps/sunflower/ui/Shapes.kt
android/sunflower,app/src/main/java/com/google/samples/apps/sunflower/ui/Theme.kt,Kotlin,Jetpack Compose,androidx.compose; @Composable; MaterialTheme,https://github.com/android/sunflower/blob/HEAD/app/src/main/java/com/google/samples/apps/sunflower/ui/Theme.kt
android/sunflower,app/src/main/java/com/google/samples/apps/sunflower/ui/Type.kt,Kotlin,Jetpack Compose,androidx.compose,https://github.com/android/sunflower/blob/HEAD/app/src/main/java/com/google/samples/apps/sunflower/ui/Type.kt
android/sunflower,app/src/main/res/drawable/ic_filter_list_24dp.xml,XML,Android Views,xmlns:android=,https://github.com/android/sunflower/blob/HEAD/app/src/main/res/drawable/ic_filter_list_24dp.xml
android/sunflower,app/src/main/res/drawable/ic_launcher_background.xml,XML,Android Views,xmlns:android=,https://github.com/android/sunflower/blob/HEAD/app/src/main/res/drawable/ic_launcher_background.xml
android/sunflower,app/src/main/res/drawable/ic_my_garden_active.xml,XML,Android Views,xmlns:android=,https://github.com/android/sunflower/blob/HEAD/app/src/main/res/drawable/ic_my_garden_active.xml
android/sunflower,app/src/main/res/drawable/ic_photo_library.xml,XML,Android Views,xmlns:android=,https://github.com/android/sunflower/blob/HEAD/app/src/main/res/drawable/ic_photo_library.xml
android/sunflower,app/src/main/res/drawable/ic_plant_list_active.xml,XML,Android Views,xmlns:android=,https://github.com/android/sunflower/blob/HEAD/app/src/main/res/drawable/ic_plant_list_active.xml
android/sunflower,app/src/main/res/layout/item_plant_description.xml,XML,Android Views,xmlns:android=; android:layout_width; <TextView,https://github.com/android/sunflower/blob/HEAD/app/src/main/res/layout/item_plant_description.xml
android/sunflower,app/src/main/res/mipmap-anydpi-v26/ic_launcher.xml,XML,Android Views,xmlns:android=,https://github.com/android/sunflower/blob/HEAD/app/src/main/res/mipmap-anydpi-v26/ic_launcher.xml
android/sunflower,app/src/main/res/mipmap-anydpi-v26/ic_launcher_round.xml,XML,Android Views,xmlns:android=,https://github.com/android/sunflower/blob/HEAD/app/src/main/res/mipmap-anydpi-v26/ic_launcher_round.xml
android/architecture-samples@views,app/src/androidTestMock/java/com/example/android/architecture/blueprints/todoapp/tasks/AppNavigationTest.kt,Kotlin,Android Views,DataBinding,https://github.com/android/architecture-samples/blob/views/app/src/androidTestMock/java/com/example/android/architecture/blueprints/todoapp/tasks/AppNavigationTest.kt
android/architecture-samples@views,app/src/androidTestMock/java/com/example/android/architecture/blueprints/todoapp/tasks/TasksActivityTest.kt,Kotlin,Android Views,DataBinding,https://github.com/android/architecture-samples/blob/views/app/src/androidTestMock/java/com/example/android/architecture/blueprints/todoapp/tasks/TasksActivityTest.kt
android/architecture-samples@views,app/src/androidTestMock/java/com/example/android/architecture/blueprints/todoapp/tasks/TestUtils.kt,Kotlin,Android Views,findViewById,https://github.com/android/architecture-samples/blob/views/app/src/androidTestMock/java/com/example/android/architecture/blueprints/todoapp/tasks/TestUtils.kt
android/architecture-samples@views,app/src/main/AndroidManifest.xml,XML,Android Views,xmlns:android=,https://github.com/android/architecture-samples/blob/views/app/src/main/AndroidManifest.xml
android/architecture-samples@views,app/src/main/java/com/example/android/architecture/blueprints/todoapp/ScrollChildSwipeRefreshLayout.kt,Kotlin,Android Views,android.view.View,https://github.com/android/architecture-samples/blob/views/app/src/main/java/com/example/android/architecture/blueprints/todoapp/ScrollChildSwipeRefreshLayout.kt
android/architecture-samples@views,app/src/main/java/com/example/android/architecture/blueprints/todoapp/addedittask/AddEditTaskFragment.kt,Kotlin,Android Views,LayoutInflater; android.view.View; android.view.ViewGroup; inflater.inflate; DataBinding; databinding,https://github.com/android/architecture-samples/blob/views/app/src/main/java/com/example/android/architecture/blueprints/todoapp/addedittask/AddEditTaskFragment.kt
android/architecture-samples@views,app/src/main/java/com/example/android/architecture/blueprints/todoapp/addedittask/AddEditTaskViewModel.kt,Kotlin,Android Views,databinding,https://github.com/android/architecture-samples/blob/views/app/src/main/java/com/example/android/architecture/blueprints/todoapp/addedittask/AddEditTaskViewModel.kt
android/architecture-samples@views,app/src/main/java/com/example/android/architecture/blueprints/todoapp/statistics/StatisticsFragment.kt,Kotlin,Android Views,LayoutInflater; android.view.View; android.view.ViewGroup; DataBinding; databinding,https://github.com/android/architecture-samples/blob/views/app/src/main/java/com/example/android/architecture/blueprints/todoapp/statistics/StatisticsFragment.kt
android/architecture-samples@views,app/src/main/java/com/example/android/architecture/blueprints/todoapp/taskdetail/TaskDetailFragment.kt,Kotlin,Android Views,findViewById; LayoutInflater; android.view.View; android.view.ViewGroup; setOnClickListener; inflater.inflate; DataBinding; databinding,https://github.com/android/architecture-samples/blob/views/app/src/main/java/com/example/android/architecture/blueprints/todoapp/taskdetail/TaskDetailFragment.kt
android/architecture-samples@views,app/src/main/java/com/example/android/architecture/blueprints/todoapp/tasks/TasksActivity.kt,Kotlin,Android Views,findViewById; setContentView,https://github.com/android/architecture-samples/blob/views/app/src/main/java/com/example/android/architecture/blueprints/todoapp/tasks/TasksActivity.kt
android/architecture-samples@views,app/src/main/java/com/example/android/architecture/blueprints/todoapp/tasks/TasksAdapter.kt,Kotlin,Android Views,LayoutInflater; RecyclerView.ViewHolder; android.view.View; android.view.ViewGroup; databinding,https://github.com/android/architecture-samples/blob/views/app/src/main/java/com/example/android/architecture/blueprints/todoapp/tasks/TasksAdapter.kt
android/architecture-samples@views,app/src/main/java/com/example/android/architecture/blueprints/todoapp/tasks/TasksFragment.kt,Kotlin,Android Views,findViewById; LayoutInflater; android.view.View; android.view.ViewGroup; setOnClickListener; DataBinding; databinding,https://github.com/android/architecture-samples/blob/views/app/src/main/java/com/example/android/architecture/blueprints/todoapp/tasks/TasksFragment.kt
android/architecture-samples@views,app/src/main/java/com/example/android/architecture/blueprints/todoapp/tasks/TasksListBindings.kt,Kotlin,Android Views,android.widget.TextView; databinding,https://github.com/android/architecture-samples/blob/views/app/src/main/java/com/example/android/architecture/blueprints/todoapp/tasks/TasksListBindings.kt
android/architecture-samples@views,app/src/main/java/com/example/android/architecture/blueprints/todoapp/util/ViewExt.kt,Kotlin,Android Views,android.view.View,https://github.com/android/architecture-samples/blob/views/app/src/main/java/com/example/android/architecture/blueprints/todoapp/util/ViewExt.kt
android/architecture-samples@views,app/src/main/res/drawable/drawer_item_color.xml,XML,Android Views,xmlns:android=,https://github.com/android/architecture-samples/blob/views/app/src/main/res/drawable/drawer_item_color.xml
android/architecture-samples@views,app/src/main/res/drawable/ic_add.xml,XML,Android Views,xmlns:android=,https://github.com/android/architecture-samples/blob/views/app/src/main/res/drawable/ic_add.xml
android/architecture-samples@views,app/src/main/res/drawable/ic_assignment_turned_in_24dp.xml,XML,Android Views,xmlns:android=,https://github.com/android/architecture-samples/blob/views/app/src/main/res/drawable/ic_assignment_turned_in_24dp.xml
android/architecture-samples@views,app/src/main/res/drawable/ic_check_circle_96dp.xml,XML,Android Views,xmlns:android=,https://github.com/android/architecture-samples/blob/views/app/src/main/res/drawable/ic_check_circle_96dp.xml
android/architecture-samples@views,app/src/main/res/drawable/ic_done.xml,XML,Android Views,xmlns:android=,https://github.com/android/architecture-samples/blob/views/app/src/main/res/drawable/ic_done.xml
android/architecture-samples@views,app/src/main/res/drawable/ic_edit.xml,XML,Android Views,xmlns:android=,https://github.com/android/architecture-samples/blob/views/app/src/main/res/drawable/ic_edit.xml
android/architecture-samples@views,app/src/main/res/drawable/ic_filter_list.xml,XML,Android Views,xmlns:android=,https://github.com/android/architecture-samples/blob/views/app/src/main/res/drawable/ic_filter_list.xml
android/architecture-samples@views,app/src/main/res/drawable/ic_list.xml,XML,Android Views,xmlns:android=,https://github.com/android/architecture-samples/blob/views/app/src/main/res/drawable/ic_list.xml
android/architecture-samples@views,app/src/main/res/drawable/ic_menu.xml,XML,Android Views,xmlns:android=,https://github.com/android/architecture-samples/blob/views/app/src/main/res/drawable/ic_menu.xml
android/architecture-samples@views,app/src/main/res/drawable/ic_statistics.xml,XML,Android Views,xmlns:android=,https://github.com/android/architecture-samples/blob/views/app/src/main/res/drawable/ic_statistics.xml
android/architecture-samples@views,app/src/main/res/drawable/ic_statistics_100dp.xml,XML,Android Views,xmlns:android=,https://github.com/android/architecture-samples/blob/views/app/src/main/res/drawable/ic_statistics_100dp.xml
android/architecture-samples@views,app/src/main/res/drawable/ic_statistics_24dp.xml,XML,Android Views,xmlns:android=,https://github.com/android/architecture-samples/blob/views/app/src/main/res/drawable/ic_statistics_24dp.xml
android/architecture-samples@views,app/src/main/res/drawable/ic_verified_user_96dp.xml,XML,Android Views,xmlns:android=,https://github.com/android/architecture-samples/blob/views/app/src/main/res/drawable/ic_verified_user_96dp.xml
android/architecture-samples@views,app/src/main/res/drawable/list_completed_touch_feedback.xml,XML,Android Views,xmlns:android=,https://github.com/android/architecture-samples/blob/views/app/src/main/res/drawable/list_completed_touch_feedback.xml
android/architecture-samples@views,app/src/main/res/drawable/touch_feedback.xml,XML,Android Views,xmlns:android=,https://github.com/android/architecture-samples/blob/views/app/src/main/res/drawable/touch_feedback.xml
android/architecture-samples@views,app/src/main/res/layout/addtask_frag.xml,XML,Android Views,xmlns:android=; android:layout_width; <LinearLayout; <ScrollView; <EditText; android.view,https://github.com/android/architecture-samples/blob/views/app/src/main/res/layout/addtask_frag.xml
android/architecture-samples@views,app/src/main/res/layout/nav_header.xml,XML,Android Views,xmlns:android=; android:layout_width; <FrameLayout; <TextView; <ImageView,https://github.com/android/architecture-samples/blob/views/app/src/main/res/layout/nav_header.xml
android/architecture-samples@views,app/src/main/res/layout/statistics_frag.xml,XML,Android Views,xmlns:android=; android:layout_width; <LinearLayout; <TextView; android.view,https://github.com/android/architecture-samples/blob/views/app/src/main/res/layout/statistics_frag.xml
android/architecture-samples@views,app/src/main/res/layout/task_item.xml,XML,Android Views,xmlns:android=; android:layout_width; <LinearLayout; <TextView; android.widget,https://github.com/android/architecture-samples/blob/views/app/src/main/res/layout/task_item.xml
android/architecture-samples@views,app/src/main/res/layout/taskdetail_frag.xml,XML,Android Views,xmlns:android=; android:layout_width; <LinearLayout; <RelativeLayout; <TextView; android.widget; android.view,https://github.com/android/architecture-samples/blob/views/app/src/main/res/layout/taskdetail_frag.xml
android/architecture-samples@views,app/src/main/res/layout/tasks_act.xml,XML,Android Views,xmlns:android=; android:layout_width; <LinearLayout,https://github.com/android/architecture-samples/blob/views/app/src/main/res/layout/tasks_act.xml
android/architecture-samples@views,app/src/main/res/layout/tasks_frag.xml,XML,Android Views,xmlns:android=; android:layout_width; <LinearLayout; <RelativeLayout; <TextView; <ImageView; android.view,https://github.com/android/architecture-samples/blob/views/app/src/main/res/layout/tasks_frag.xml
android/architecture-samples@views,app/src/main/res/menu/drawer_actions.xml,XML,Android Views,xmlns:android=,https://github.com/android/architecture-samples/blob/views/app/src/main/res/menu/drawer_actions.xml
android/architecture-samples@views,app/src/main/res/menu/filter_tasks.xml,XML,Android Views,xmlns:android=,https://github.com/android/architecture-samples/blob/views/app/src/main/res/menu/filter_tasks.xml
android/architecture-samples@views,app/src/main/res/menu/taskdetail_fragment_menu.xml,XML,Android Views,xmlns:android=,https://github.com/android/architecture-samples/blob/views/app/src/main/res/menu/taskdetail_fragment_menu.xml
android/architecture-samples@views,app/src/main/res/menu/tasks_fragment_menu.xml,XML,Android Views,xmlns:android=,https://github.com/android/architecture-samples/blob/views/app/src/main/res/menu/tasks_fragment_menu.xml
android/architecture-samples@views,app/src/main/res/navigation/nav_graph.xml,XML,Android Views,xmlns:android=,https://github.com/android/architecture-samples/blob/views/app/src/main/res/navigation/nav_graph.xml
android/architecture-samples@views,app/src/sharedTest/java/com/example/android/architecture/blueprints/todoapp/statistics/StatisticsFragmentTest.kt,Kotlin,Android Views,DataBinding,https://github.com/android/architecture-samples/blob/views/app/src/sharedTest/java/com/example/android/architecture/blueprints/todoapp/statistics/StatisticsFragmentTest.kt
android/architecture-samples@views,app/src/sharedTest/java/com/example/android/architecture/blueprints/todoapp/tasks/TasksFragmentTest.kt,Kotlin,Android Views,findViewById; android.view.View,https://github.com/android/architecture-samples/blob/views/app/src/sharedTest/java/com/example/android/architecture/blueprints/todoapp/tasks/TasksFragmentTest.kt
android/architecture-samples@views,app/src/sharedTest/java/com/example/android/architecture/blueprints/todoapp/util/DataBindingIdlingResource.kt,Kotlin,Android Views,findViewById; android.view.View; DataBinding; databinding,https://github.com/android/architecture-samples/blob/views/app/src/sharedTest/java/com/example/android/architecture/blueprints/todoapp/util/DataBindingIdlingResource.kt
android/architecture-samples,app/build.gradle.kts,Kotlin,Jetpack Compose,androidx.compose; androidx.activity.compose,https://github.com/android/architecture-samples/blob/HEAD/app/build.gradle.kts
android/architecture-samples,app/src/androidTest/java/com/example/android/architecture/blueprints/todoapp/addedittask/AddEditTaskScreenTest.kt,Kotlin,Jetpack Compose,androidx.compose; setContent {,https://github.com/android/architecture-samples/blob/HEAD/app/src/androidTest/java/com/example/android/architecture/blueprints/todoapp/addedittask/AddEditTaskScreenTest.kt
android/architecture-samples,app/src/androidTest/java/com/example/android/architecture/blueprints/todoapp/statistics/StatisticsScreenTest.kt,Kotlin,Jetpack Compose,androidx.compose; setContent {,https://github.com/android/architecture-samples/blob/HEAD/app/src/androidTest/java/com/example/android/architecture/blueprints/todoapp/statistics/StatisticsScreenTest.kt
android/architecture-samples,app/src/androidTest/java/com/example/android/architecture/blueprints/todoapp/taskdetail/TaskDetailScreenTest.kt,Kotlin,Jetpack Compose,androidx.compose; setContent {,https://github.com/android/architecture-samples/blob/HEAD/app/src/androidTest/java/com/example/android/architecture/blueprints/todoapp/taskdetail/TaskDetailScreenTest.kt
android/architecture-samples,app/src/androidTest/java/com/example/android/architecture/blueprints/todoapp/tasks/AppNavigationTest.kt,Kotlin,Jetpack Compose,androidx.compose; setContent {,https://github.com/android/architecture-samples/blob/HEAD/app/src/androidTest/java/com/example/android/architecture/blueprints/todoapp/tasks/AppNavigationTest.kt
android/architecture-samples,app/src/androidTest/java/com/example/android/architecture/blueprints/todoapp/tasks/TasksScreenTest.kt,Kotlin,Jetpack Compose,androidx.compose; setContent {,https://github.com/android/architecture-samples/blob/HEAD/app/src/androidTest/java/com/example/android/architecture/blueprints/todoapp/tasks/TasksScreenTest.kt
android/architecture-samples,app/src/androidTest/java/com/example/android/architecture/blueprints/todoapp/tasks/TasksTest.kt,Kotlin,Jetpack Compose,androidx.compose; setContent {,https://github.com/android/architecture-samples/blob/HEAD/app/src/androidTest/java/com/example/android/architecture/blueprints/todoapp/tasks/TasksTest.kt
android/architecture-samples,app/src/debug/AndroidManifest.xml,XML,Android Views,xmlns:android=,https://github.com/android/architecture-samples/blob/HEAD/app/src/debug/AndroidManifest.xml
android/architecture-samples,app/src/main/AndroidManifest.xml,XML,Android Views,xmlns:android=,https://github.com/android/architecture-samples/blob/HEAD/app/src/main/AndroidManifest.xml
android/architecture-samples,app/src/main/java/com/example/android/architecture/blueprints/todoapp/TodoActivity.kt,Kotlin,Jetpack Compose,setContent {; androidx.activity.compose,https://github.com/android/architecture-samples/blob/HEAD/app/src/main/java/com/example/android/architecture/blueprints/todoapp/TodoActivity.kt
android/architecture-samples,app/src/main/java/com/example/android/architecture/blueprints/todoapp/TodoNavGraph.kt,Kotlin,Jetpack Compose,androidx.compose; @Composable; rememberCoroutineScope,https://github.com/android/architecture-samples/blob/HEAD/app/src/main/java/com/example/android/architecture/blueprints/todoapp/TodoNavGraph.kt
android/architecture-samples,app/src/main/java/com/example/android/architecture/blueprints/todoapp/TodoTheme.kt,Kotlin,Jetpack Compose,androidx.compose; @Composable; MaterialTheme,https://github.com/android/architecture-samples/blob/HEAD/app/src/main/java/com/example/android/architecture/blueprints/todoapp/TodoTheme.kt
android/architecture-samples,app/src/main/java/com/example/android/architecture/blueprints/todoapp/addedittask/AddEditTaskScreen.kt,Kotlin,Jetpack Compose,androidx.compose; @Composable; remember {; LaunchedEffect; Scaffold(; Column(; Box(; Modifier.; MaterialTheme,https://github.com/android/architecture-samples/blob/HEAD/app/src/main/java/com/example/android/architecture/blueprints/todoapp/addedittask/AddEditTaskScreen.kt
android/architecture-samples,app/src/main/java/com/example/android/architecture/blueprints/todoapp/statistics/StatisticsScreen.kt,Kotlin,Jetpack Compose,androidx.compose; @Composable; remember {; Scaffold(; Column(,https://github.com/android/architecture-samples/blob/HEAD/app/src/main/java/com/example/android/architecture/blueprints/todoapp/statistics/StatisticsScreen.kt
android/architecture-samples,app/src/main/java/com/example/android/architecture/blueprints/todoapp/taskdetail/TaskDetailScreen.kt,Kotlin,Jetpack Compose,androidx.compose; @Composable; remember {; LaunchedEffect; Scaffold(; Column(; Row(; Modifier.; MaterialTheme,https://github.com/android/architecture-samples/blob/HEAD/app/src/main/java/com/example/android/architecture/blueprints/todoapp/taskdetail/TaskDetailScreen.kt
android/architecture-samples,app/src/main/java/com/example/android/architecture/blueprints/todoapp/tasks/TasksScreen.kt,Kotlin,Jetpack Compose,androidx.compose; @Composable; remember {; LaunchedEffect; Scaffold(; Column(; Row(; Modifier.; MaterialTheme,https://github.com/android/architecture-samples/blob/HEAD/app/src/main/java/com/example/android/architecture/blueprints/todoapp/tasks/TasksScreen.kt
android/architecture-samples,app/src/main/java/com/example/android/architecture/blueprints/todoapp/util/ComposeUtils.kt,Kotlin,Jetpack Compose,androidx.compose; @Composable,https://github.com/android/architecture-samples/blob/HEAD/app/src/main/java/com/example/android/architecture/blueprints/todoapp/util/ComposeUtils.kt
android/architecture-samples,app/src/main/java/com/example/android/architecture/blueprints/todoapp/util/TodoDrawer.kt,Kotlin,Jetpack Compose,androidx.compose; @Composable; rememberCoroutineScope; Column(; Row(; Surface(; Modifier.; MaterialTheme,https://github.com/android/architecture-samples/blob/HEAD/app/src/main/java/com/example/android/architecture/blueprints/todoapp/util/TodoDrawer.kt
android/architecture-samples,app/src/main/java/com/example/android/architecture/blueprints/todoapp/util/TopAppBars.kt,Kotlin,Jetpack Compose,androidx.compose; @Composable; remember {; Box(; Modifier.,https://github.com/android/architecture-samples/blob/HEAD/app/src/main/java/com/example/android/architecture/blueprints/todoapp/util/TopAppBars.kt
android/architecture-samples,app/src/main/res/drawable/drawer_item_color.xml,XML,Android Views,xmlns:android=,https://github.com/android/architecture-samples/blob/HEAD/app/src/main/res/drawable/drawer_item_color.xml
android/architecture-samples,app/src/main/res/drawable/ic_add.xml,XML,Android Views,xmlns:android=,https://github.com/android/architecture-samples/blob/HEAD/app/src/main/res/drawable/ic_add.xml
android/architecture-samples,app/src/main/res/drawable/ic_assignment_turned_in_24dp.xml,XML,Android Views,xmlns:android=,https://github.com/android/architecture-samples/blob/HEAD/app/src/main/res/drawable/ic_assignment_turned_in_24dp.xml
android/architecture-samples,app/src/main/res/drawable/ic_check_circle_96dp.xml,XML,Android Views,xmlns:android=,https://github.com/android/architecture-samples/blob/HEAD/app/src/main/res/drawable/ic_check_circle_96dp.xml
android/architecture-samples,app/src/main/res/drawable/ic_done.xml,XML,Android Views,xmlns:android=,https://github.com/android/architecture-samples/blob/HEAD/app/src/main/res/drawable/ic_done.xml
android/architecture-samples,app/src/main/res/drawable/ic_edit.xml,XML,Android Views,xmlns:android=,https://github.com/android/architecture-samples/blob/HEAD/app/src/main/res/drawable/ic_edit.xml
android/architecture-samples,app/src/main/res/drawable/ic_filter_list.xml,XML,Android Views,xmlns:android=,https://github.com/android/architecture-samples/blob/HEAD/app/src/main/res/drawable/ic_filter_list.xml
android/architecture-samples,app/src/main/res/drawable/ic_list.xml,XML,Android Views,xmlns:android=,https://github.com/android/architecture-samples/blob/HEAD/app/src/main/res/drawable/ic_list.xml
android/architecture-samples,app/src/main/res/drawable/ic_menu.xml,XML,Android Views,xmlns:android=,https://github.com/android/architecture-samples/blob/HEAD/app/src/main/res/drawable/ic_menu.xml
android/architecture-samples,app/src/main/res/drawable/ic_statistics.xml,XML,Android Views,xmlns:android=,https://github.com/android/architecture-samples/blob/HEAD/app/src/main/res/drawable/ic_statistics.xml
android/architecture-samples,app/src/main/res/drawable/ic_statistics_100dp.xml,XML,Android Views,xmlns:android=,https://github.com/android/architecture-samples/blob/HEAD/app/src/main/res/drawable/ic_statistics_100dp.xml
android/architecture-samples,app/src/main/res/drawable/ic_statistics_24dp.xml,XML,Android Views,xmlns:android=,https://github.com/android/architecture-samples/blob/HEAD/app/src/main/res/drawable/ic_statistics_24dp.xml
android/architecture-samples,app/src/main/res/drawable/ic_verified_user_96dp.xml,XML,Android Views,xmlns:android=,https://github.com/android/architecture-samples/blob/HEAD/app/src/main/res/drawable/ic_verified_user_96dp.xml
android/architecture-samples,app/src/main/res/drawable/list_completed_touch_feedback.xml,XML,Android Views,xmlns:android=,https://github.com/android/architecture-samples/blob/HEAD/app/src/main/res/drawable/list_completed_touch_feedback.xml
android/architecture-samples,app/src/main/res/drawable/touch_feedback.xml,XML,Android Views,xmlns:android=,https://github.com/android/architecture-samples/blob/HEAD/app/src/main/res/drawable/touch_feedback.xml
google/iosched@compose,androidTest-shared/src/main/AndroidManifest.xml,XML,Android Views,xmlns:android=,https://github.com/google/iosched/blob/compose/androidTest-shared/src/main/AndroidManifest.xml
google/iosched@compose,ar/src/main/AndroidManifest.xml,XML,Android Views,xmlns:android=,https://github.com/google/iosched/blob/compose/ar/src/main/AndroidManifest.xml
google/iosched@compose,ar/src/main/java/com/google/samples/apps/iosched/ar/ArActivity.kt,Kotlin,Android Views,setContentView,https://github.com/google/iosched/blob/compose/ar/src/main/java/com/google/samples/apps/iosched/ar/ArActivity.kt
google/iosched@compose,benchmark/src/androidTest/AndroidManifest.xml,XML,Android Views,xmlns:android=,https://github.com/google/iosched/blob/compose/benchmark/src/androidTest/AndroidManifest.xml
google/iosched@compose,benchmark/src/main/AndroidManifest.xml,XML,Android Views,xmlns:android=,https://github.com/google/iosched/blob/compose/benchmark/src/main/AndroidManifest.xml
google/iosched@compose,buildSrc/src/main/java/Libs.kt,Kotlin,Jetpack Compose,androidx.compose,https://github.com/google/iosched/blob/compose/buildSrc/src/main/java/Libs.kt
google/iosched@compose,mobile/build.gradle.kts,Kotlin,Android Views,DataBinding; viewBinding,https://github.com/google/iosched/blob/compose/mobile/build.gradle.kts
google/iosched@compose,mobile/src/androidTest/java/com/google/samples/apps/iosched/tests/ui/AgendaTest.kt,Kotlin,Android Views,android.widget.TextView,https://github.com/google/iosched/blob/compose/mobile/src/androidTest/java/com/google/samples/apps/iosched/tests/ui/AgendaTest.kt
google/iosched@compose,mobile/src/androidTest/java/com/google/samples/apps/iosched/tests/ui/CodelabTest.kt,Kotlin,Android Views,android.widget.TextView,https://github.com/google/iosched/blob/compose/mobile/src/androidTest/java/com/google/samples/apps/iosched/tests/ui/CodelabTest.kt
google/iosched@compose,mobile/src/androidTest/java/com/google/samples/apps/iosched/tests/ui/HomeTest.kt,Kotlin,Android Views,android.widget.TextView; RecyclerView.ViewHolder,https://github.com/google/iosched/blob/compose/mobile/src/androidTest/java/com/google/samples/apps/iosched/tests/ui/HomeTest.kt
google/iosched@compose,mobile/src/androidTest/java/com/google/samples/apps/iosched/tests/ui/InfoTest.kt,Kotlin,Android Views,android.widget.TextView,https://github.com/google/iosched/blob/compose/mobile/src/androidTest/java/com/google/samples/apps/iosched/tests/ui/InfoTest.kt
google/iosched@compose,mobile/src/androidTest/java/com/google/samples/apps/iosched/tests/ui/MapTest.kt,Kotlin,Android Views,android.widget.TextView,https://github.com/google/iosched/blob/compose/mobile/src/androidTest/java/com/google/samples/apps/iosched/tests/ui/MapTest.kt
google/iosched@compose,mobile/src/androidTest/java/com/google/samples/apps/iosched/tests/ui/SettingsTest.kt,Kotlin,Mixed (Compose + Android Views),androidx.compose; android.widget.TextView,https://github.com/google/iosched/blob/compose/mobile/src/androidTest/java/com/google/samples/apps/iosched/tests/ui/SettingsTest.kt
google/iosched@compose,mobile/src/main/AndroidManifest.xml,XML,Android Views,xmlns:android=,https://github.com/google/iosched/blob/compose/mobile/src/main/AndroidManifest.xml
google/iosched@compose,mobile/src/main/java/com/google/samples/apps/iosched/ui/DispatchInsetsNavHostFragment.kt,Kotlin,Android Views,android.view.View; android.view.ViewGroup,https://github.com/google/iosched/blob/compose/mobile/src/main/java/com/google/samples/apps/iosched/ui/DispatchInsetsNavHostFragment.kt
google/iosched@compose,mobile/src/main/java/com/google/samples/apps/iosched/ui/MainActivity.kt,Kotlin,Android Views,setContentView; databinding; ActivityMainBinding,https://github.com/google/iosched/blob/compose/mobile/src/main/java/com/google/samples/apps/iosched/ui/MainActivity.kt
google/iosched@compose,mobile/src/main/java/com/google/samples/apps/iosched/ui/MainNavigation.kt,Kotlin,Android Views,findViewById; android.view.View,https://github.com/google/iosched/blob/compose/mobile/src/main/java/com/google/samples/apps/iosched/ui/MainNavigation.kt
google/iosched@compose,mobile/src/main/java/com/google/samples/apps/iosched/ui/agenda/AgendaAdapter.kt,Kotlin,Android Views,LayoutInflater; RecyclerView.ViewHolder; android.view.View; android.view.ViewGroup; DataBinding; databinding,https://github.com/google/iosched/blob/compose/mobile/src/main/java/com/google/samples/apps/iosched/ui/agenda/AgendaAdapter.kt
google/iosched@compose,mobile/src/main/java/com/google/samples/apps/iosched/ui/agenda/AgendaFragment.kt,Kotlin,Android Views,LayoutInflater; android.view.View; android.view.ViewGroup; databinding,https://github.com/google/iosched/blob/compose/mobile/src/main/java/com/google/samples/apps/iosched/ui/agenda/AgendaFragment.kt
google/iosched@compose,mobile/src/main/java/com/google/samples/apps/iosched/ui/agenda/AgendaHeadersDecoration.kt,Kotlin,Android Views,android.view.View,https://github.com/google/iosched/blob/compose/mobile/src/main/java/com/google/samples/apps/iosched/ui/agenda/AgendaHeadersDecoration.kt
google/iosched@compose,mobile/src/main/java/com/google/samples/apps/iosched/ui/agenda/AgendaItemBindingAdapter.kt,Kotlin,Android Views,android.widget.TextView; android.widget.ImageView; android.view.View; databinding,https://github.com/google/iosched/blob/compose/mobile/src/main/java/com/google/samples/apps/iosched/ui/agenda/AgendaItemBindingAdapter.kt
google/iosched@compose,mobile/src/main/java/com/google/samples/apps/iosched/ui/ar/ArCoreNotSupportedFragment.kt,Kotlin,Android Views,LayoutInflater; android.view.View; android.view.ViewGroup; inflater.inflate,https://github.com/google/iosched/blob/compose/mobile/src/main/java/com/google/samples/apps/iosched/ui/ar/ArCoreNotSupportedFragment.kt
google/iosched@compose,mobile/src/main/java/com/google/samples/apps/iosched/ui/ar/NoNetworkConnectionFragment.kt,Kotlin,Android Views,LayoutInflater; android.view.View; android.view.ViewGroup; inflater.inflate,https://github.com/google/iosched/blob/compose/mobile/src/main/java/com/google/samples/apps/iosched/ui/ar/NoNetworkConnectionFragment.kt
google/iosched@compose,mobile/src/main/java/com/google/samples/apps/iosched/ui/codelabs/CodelabsAdapter.kt,Kotlin,Android Views,LayoutInflater; android.widget.TextView; RecyclerView.ViewHolder; android.view.View; android.view.ViewGroup; setOnClickListener; databinding,https://github.com/google/iosched/blob/compose/mobile/src/main/java/com/google/samples/apps/iosched/ui/codelabs/CodelabsAdapter.kt
google/iosched@compose,mobile/src/main/java/com/google/samples/apps/iosched/ui/codelabs/CodelabsFragment.kt,Kotlin,Android Views,LayoutInflater; android.view.View; android.view.ViewGroup; databinding,https://github.com/google/iosched/blob/compose/mobile/src/main/java/com/google/samples/apps/iosched/ui/codelabs/CodelabsFragment.kt
google/iosched@compose,mobile/src/main/java/com/google/samples/apps/iosched/ui/feed/AnnouncementsFragment.kt,Kotlin,Android Views,LayoutInflater; android.view.View; android.view.ViewGroup; databinding,https://github.com/google/iosched/blob/compose/mobile/src/main/java/com/google/samples/apps/iosched/ui/feed/AnnouncementsFragment.kt
google/iosched@compose,mobile/src/main/java/com/google/samples/apps/iosched/ui/feed/FeedAdapter.kt,Kotlin,Android Views,RecyclerView.ViewHolder; android.view.View; android.view.ViewGroup,https://github.com/google/iosched/blob/compose/mobile/src/main/java/com/google/samples/apps/iosched/ui/feed/FeedAdapter.kt
google/iosched@compose,mobile/src/main/java/com/google/samples/apps/iosched/ui/feed/FeedAnnouncementViewBinders.kt,Kotlin,Android Views,LayoutInflater; android.widget.TextView; RecyclerView.ViewHolder; android.view.View; android.view.ViewGroup; databinding,https://github.com/google/iosched/blob/compose/mobile/src/main/java/com/google/samples/apps/iosched/ui/feed/FeedAnnouncementViewBinders.kt
google/iosched@compose,mobile/src/main/java/com/google/samples/apps/iosched/ui/feed/FeedFragment.kt,Kotlin,Android Views,LayoutInflater; android.view.View; android.view.ViewGroup; databinding,https://github.com/google/iosched/blob/compose/mobile/src/main/java/com/google/samples/apps/iosched/ui/feed/FeedFragment.kt
google/iosched@compose,mobile/src/main/java/com/google/samples/apps/iosched/ui/feed/FeedHeaderViewBinders.kt,Kotlin,Android Views,LayoutInflater; android.widget.Button; RecyclerView.ViewHolder; android.view.View; android.view.ViewGroup; setOnClickListener; databinding,https://github.com/google/iosched/blob/compose/mobile/src/main/java/com/google/samples/apps/iosched/ui/feed/FeedHeaderViewBinders.kt
google/iosched@compose,mobile/src/main/java/com/google/samples/apps/iosched/ui/feed/FeedSectionHeaderViewBinder.kt,Kotlin,Android Views,LayoutInflater; RecyclerView.ViewHolder; android.view.View; android.view.ViewGroup; databinding,https://github.com/google/iosched/blob/compose/mobile/src/main/java/com/google/samples/apps/iosched/ui/feed/FeedSectionHeaderViewBinder.kt
google/iosched@compose,mobile/src/main/java/com/google/samples/apps/iosched/ui/feed/FeedSessionsViewBinder.kt,Kotlin,Android Views,LayoutInflater; android.widget.TextView; RecyclerView.ViewHolder; android.view.View; android.view.ViewGroup; setOnClickListener; databinding,https://github.com/google/iosched/blob/compose/mobile/src/main/java/com/google/samples/apps/iosched/ui/feed/FeedSessionsViewBinder.kt
google/iosched@compose,mobile/src/main/java/com/google/samples/apps/iosched/ui/feed/FeedSocialChannelsSectionViewBinder.kt,Kotlin,Android Views,LayoutInflater; RecyclerView.ViewHolder; android.view.View; android.view.ViewGroup; databinding,https://github.com/google/iosched/blob/compose/mobile/src/main/java/com/google/samples/apps/iosched/ui/feed/FeedSocialChannelsSectionViewBinder.kt
google/iosched@compose,mobile/src/main/java/com/google/samples/apps/iosched/ui/feed/FeedSustainabilitySectionViewBinder.kt,Kotlin,Android Views,LayoutInflater; RecyclerView.ViewHolder; android.view.View; android.view.ViewGroup; databinding,https://github.com/google/iosched/blob/compose/mobile/src/main/java/com/google/samples/apps/iosched/ui/feed/FeedSustainabilitySectionViewBinder.kt
google/iosched@compose,mobile/src/main/java/com/google/samples/apps/iosched/ui/filters/CloseableFilterChipAdapter.kt,Kotlin,Android Views,LayoutInflater; RecyclerView.ViewHolder; android.view.View; android.view.ViewGroup; databinding,https://github.com/google/iosched/blob/compose/mobile/src/main/java/com/google/samples/apps/iosched/ui/filters/CloseableFilterChipAdapter.kt
google/iosched@compose,mobile/src/main/java/com/google/samples/apps/iosched/ui/filters/FiltersFragment.kt,Kotlin,Android Views,LayoutInflater; android.view.View; android.view.ViewGroup; setOnClickListener; databinding,https://github.com/google/iosched/blob/compose/mobile/src/main/java/com/google/samples/apps/iosched/ui/filters/FiltersFragment.kt
google/iosched@compose,mobile/src/main/java/com/google/samples/apps/iosched/ui/filters/FiltersViewBindingAdapters.kt,Kotlin,Android Views,android.widget.TextView; setOnClickListener; databinding,https://github.com/google/iosched/blob/compose/mobile/src/main/java/com/google/samples/apps/iosched/ui/filters/FiltersViewBindingAdapters.kt
google/iosched@compose,mobile/src/main/java/com/google/samples/apps/iosched/ui/filters/SelectableFilterChipAdapter.kt,Kotlin,Android Views,LayoutInflater; RecyclerView.ViewHolder; android.view.View; android.view.ViewGroup; databinding,https://github.com/google/iosched/blob/compose/mobile/src/main/java/com/google/samples/apps/iosched/ui/filters/SelectableFilterChipAdapter.kt
google/iosched@compose,mobile/src/main/java/com/google/samples/apps/iosched/ui/info/EventFragment.kt,Kotlin,Android Views,findViewById; LayoutInflater; android.widget.TextView; android.view.View; android.view.ViewGroup; databinding,https://github.com/google/iosched/blob/compose/mobile/src/main/java/com/google/samples/apps/iosched/ui/info/EventFragment.kt
google/iosched@compose,mobile/src/main/java/com/google/samples/apps/iosched/ui/info/FaqFragment.kt,Kotlin,Android Views,LayoutInflater; android.view.View; android.view.ViewGroup; inflater.inflate,https://github.com/google/iosched/blob/compose/mobile/src/main/java/com/google/samples/apps/iosched/ui/info/FaqFragment.kt
google/iosched@compose,mobile/src/main/java/com/google/samples/apps/iosched/ui/info/InfoFragment.kt,Kotlin,Android Views,LayoutInflater; android.view.View; android.view.ViewGroup; databinding,https://github.com/google/iosched/blob/compose/mobile/src/main/java/com/google/samples/apps/iosched/ui/info/InfoFragment.kt
google/iosched@compose,mobile/src/main/java/com/google/samples/apps/iosched/ui/info/TravelFragment.kt,Kotlin,Android Views,LayoutInflater; android.view.View; android.view.ViewGroup; inflater.inflate,https://github.com/google/iosched/blob/compose/mobile/src/main/java/com/google/samples/apps/iosched/ui/info/TravelFragment.kt
google/iosched@compose,mobile/src/main/java/com/google/samples/apps/iosched/ui/map/MapFragment.kt,Kotlin,Android Views,LayoutInflater; android.view.View; android.view.ViewGroup; setOnClickListener; databinding,https://github.com/google/iosched/blob/compose/mobile/src/main/java/com/google/samples/apps/iosched/ui/map/MapFragment.kt
google/iosched@compose,mobile/src/main/java/com/google/samples/apps/iosched/ui/map/MapVariantAdapter.kt,Kotlin,Android Views,LayoutInflater; android.widget.TextView; RecyclerView.Adapter; RecyclerView.ViewHolder; android.view.View; android.view.ViewGroup; setOnClickListener; databinding,https://github.com/google/iosched/blob/compose/mobile/src/main/java/com/google/samples/apps/iosched/ui/map/MapVariantAdapter.kt
google/iosched@compose,mobile/src/main/java/com/google/samples/apps/iosched/ui/map/MapVariantSelectionDialogFragment.kt,Kotlin,Android Views,findViewById; LayoutInflater; android.view.View; android.view.ViewGroup; inflater.inflate,https://github.com/google/iosched/blob/compose/mobile/src/main/java/com/google/samples/apps/iosched/ui/map/MapVariantSelectionDialogFragment.kt
google/iosched@compose,mobile/src/main/java/com/google/samples/apps/iosched/ui/map/MapViewBindingAdapters.kt,Kotlin,Android Views,databinding,https://github.com/google/iosched/blob/compose/mobile/src/main/java/com/google/samples/apps/iosched/ui/map/MapViewBindingAdapters.kt
google/iosched@compose,mobile/src/main/java/com/google/samples/apps/iosched/ui/onboarding/OnboardingActivity.kt,Kotlin,Android Views,findViewById; setContentView,https://github.com/google/iosched/blob/compose/mobile/src/main/java/com/google/samples/apps/iosched/ui/onboarding/OnboardingActivity.kt
google/iosched@compose,mobile/src/main/java/com/google/samples/apps/iosched/ui/onboarding/OnboardingFragment.kt,Kotlin,Android Views,LayoutInflater; android.view.View; android.view.ViewGroup; databinding,https://github.com/google/iosched/blob/compose/mobile/src/main/java/com/google/samples/apps/iosched/ui/onboarding/OnboardingFragment.kt
google/iosched@compose,mobile/src/main/java/com/google/samples/apps/iosched/ui/onboarding/OnboardingSignInFragment.kt,Kotlin,Android Views,LayoutInflater; android.view.View; android.view.ViewGroup; databinding,https://github.com/google/iosched/blob/compose/mobile/src/main/java/com/google/samples/apps/iosched/ui/onboarding/OnboardingSignInFragment.kt
google/iosched@compose,mobile/src/main/java/com/google/samples/apps/iosched/ui/onboarding/WelcomeDuringConferenceFragment.kt,Kotlin,Android Views,LayoutInflater; android.view.View; android.view.ViewGroup; databinding,https://github.com/google/iosched/blob/compose/mobile/src/main/java/com/google/samples/apps/iosched/ui/onboarding/WelcomeDuringConferenceFragment.kt
google/iosched@compose,mobile/src/main/java/com/google/samples/apps/iosched/ui/onboarding/WelcomePostConferenceFragment.kt,Kotlin,Android Views,LayoutInflater; android.view.View; android.view.ViewGroup; inflater.inflate,https://github.com/google/iosched/blob/compose/mobile/src/main/java/com/google/samples/apps/iosched/ui/onboarding/WelcomePostConferenceFragment.kt
google/iosched@compose,mobile/src/main/java/com/google/samples/apps/iosched/ui/onboarding/WelcomePreConferenceFragment.kt,Kotlin,Android Views,LayoutInflater; android.view.View; android.view.ViewGroup; databinding,https://github.com/google/iosched/blob/compose/mobile/src/main/java/com/google/samples/apps/iosched/ui/onboarding/WelcomePreConferenceFragment.kt
google/iosched@compose,mobile/src/main/java/com/google/samples/apps/iosched/ui/reservation/RemoveReservationDialogFragment.kt,Kotlin,Android Views,LayoutInflater; android.view.View; android.view.ViewGroup,https://github.com/google/iosched/blob/compose/mobile/src/main/java/com/google/samples/apps/iosched/ui/reservation/RemoveReservationDialogFragment.kt
google/iosched@compose,mobile/src/main/java/com/google/samples/apps/iosched/ui/schedule/DayIndicatorAdapter.kt,Kotlin,Android Views,LayoutInflater; android.widget.TextView; RecyclerView.ViewHolder; android.view.View; android.view.ViewGroup; databinding,https://github.com/google/iosched/blob/compose/mobile/src/main/java/com/google/samples/apps/iosched/ui/schedule/DayIndicatorAdapter.kt
google/iosched@compose,mobile/src/main/java/com/google/samples/apps/iosched/ui/schedule/DaySeparatorItemDecoration.kt,Kotlin,Android Views,android.view.View,https://github.com/google/iosched/blob/compose/mobile/src/main/java/com/google/samples/apps/iosched/ui/schedule/DaySeparatorItemDecoration.kt
google/iosched@compose,mobile/src/main/java/com/google/samples/apps/iosched/ui/schedule/ScheduleFragment.kt,Kotlin,Android Views,LayoutInflater; android.view.View; android.view.ViewGroup; databinding,https://github.com/google/iosched/blob/compose/mobile/src/main/java/com/google/samples/apps/iosched/ui/schedule/ScheduleFragment.kt
google/iosched@compose,mobile/src/main/java/com/google/samples/apps/iosched/ui/schedule/ScheduleItemBindingAdapter.kt,Kotlin,Android Views,android.widget.TextView; android.view.View; databinding,https://github.com/google/iosched/blob/compose/mobile/src/main/java/com/google/samples/apps/iosched/ui/schedule/ScheduleItemBindingAdapter.kt
google/iosched@compose,mobile/src/main/java/com/google/samples/apps/iosched/ui/schedule/ScheduleTimeHeadersDecoration.kt,Kotlin,Android Views,android.view.View,https://github.com/google/iosched/blob/compose/mobile/src/main/java/com/google/samples/apps/iosched/ui/schedule/ScheduleTimeHeadersDecoration.kt
google/iosched@compose,mobile/src/main/java/com/google/samples/apps/iosched/ui/schedule/ScheduleTwoPaneFragment.kt,Kotlin,Android Views,LayoutInflater; android.view.View; android.view.ViewGroup; databinding,https://github.com/google/iosched/blob/compose/mobile/src/main/java/com/google/samples/apps/iosched/ui/schedule/ScheduleTwoPaneFragment.kt
google/iosched@compose,mobile/src/main/java/com/google/samples/apps/iosched/ui/search/SearchFragment.kt,Kotlin,Android Views,LayoutInflater; android.view.View; android.view.ViewGroup; databinding,https://github.com/google/iosched/blob/compose/mobile/src/main/java/com/google/samples/apps/iosched/ui/search/SearchFragment.kt
google/iosched@compose,mobile/src/main/java/com/google/samples/apps/iosched/ui/sessioncommon/SessionsAdapter.kt,Kotlin,Android Views,LayoutInflater; RecyclerView.ViewHolder; android.view.View; android.view.ViewGroup; databinding,https://github.com/google/iosched/blob/compose/mobile/src/main/java/com/google/samples/apps/iosched/ui/sessioncommon/SessionsAdapter.kt
google/iosched@compose,mobile/src/main/java/com/google/samples/apps/iosched/ui/sessioncommon/TagAdapter.kt,Kotlin,Android Views,LayoutInflater; RecyclerView.Adapter; RecyclerView.ViewHolder; android.view.View; android.view.ViewGroup; databinding,https://github.com/google/iosched/blob/compose/mobile/src/main/java/com/google/samples/apps/iosched/ui/sessioncommon/TagAdapter.kt
google/iosched@compose,mobile/src/main/java/com/google/samples/apps/iosched/ui/sessioncommon/TagBindingAdapters.kt,Kotlin,Android Views,android.widget.TextView; databinding,https://github.com/google/iosched/blob/compose/mobile/src/main/java/com/google/samples/apps/iosched/ui/sessioncommon/TagBindingAdapters.kt
google/iosched@compose,mobile/src/main/java/com/google/samples/apps/iosched/ui/sessiondetail/SessionDetailAdapter.kt,Kotlin,Android Views,LayoutInflater; RecyclerView.Adapter; RecyclerView.ViewHolder; android.view.View; android.view.ViewGroup; databinding,https://github.com/google/iosched/blob/compose/mobile/src/main/java/com/google/samples/apps/iosched/ui/sessiondetail/SessionDetailAdapter.kt
google/iosched@compose,mobile/src/main/java/com/google/samples/apps/iosched/ui/sessiondetail/SessionDetailDataBindingAdapters.kt,Kotlin,Android Views,android.widget.TextView; android.widget.ImageView; android.view.View; setOnClickListener; databinding,https://github.com/google/iosched/blob/compose/mobile/src/main/java/com/google/samples/apps/iosched/ui/sessiondetail/SessionDetailDataBindingAdapters.kt
google/iosched@compose,mobile/src/main/java/com/google/samples/apps/iosched/ui/sessiondetail/SessionDetailFragment.kt,Kotlin,Android Views,findViewById; LayoutInflater; android.view.View; android.view.ViewGroup; ViewBinding; databinding,https://github.com/google/iosched/blob/compose/mobile/src/main/java/com/google/samples/apps/iosched/ui/sessiondetail/SessionDetailFragment.kt
google/iosched@compose,mobile/src/main/java/com/google/samples/apps/iosched/ui/sessiondetail/SessionFeedbackFragment.kt,Kotlin,Android Views,LayoutInflater; RecyclerView.ViewHolder; android.view.View; android.view.ViewGroup; databinding,https://github.com/google/iosched/blob/compose/mobile/src/main/java/com/google/samples/apps/iosched/ui/sessiondetail/SessionFeedbackFragment.kt
google/iosched@compose,mobile/src/main/java/com/google/samples/apps/iosched/ui/settings/SettingsFragment.kt,Kotlin,Mixed (Compose + Android Views),androidx.compose; setContent {; Column(; Surface(; Modifier.; LayoutInflater; android.view.View; android.view.ViewGroup; databinding,https://github.com/google/iosched/blob/compose/mobile/src/main/java/com/google/samples/apps/iosched/ui/settings/SettingsFragment.kt
google/iosched@compose,mobile/src/main/java/com/google/samples/apps/iosched/ui/settings/SettingsScreen.kt,Kotlin,Jetpack Compose,androidx.compose; @Composable; LaunchedEffect; Column(; Row(; Box(; Modifier.; MaterialTheme,https://github.com/google/iosched/blob/compose/mobile/src/main/java/com/google/samples/apps/iosched/ui/settings/SettingsScreen.kt
google/iosched@compose,mobile/src/main/java/com/google/samples/apps/iosched/ui/settings/ThemeSettingDialog.kt,Kotlin,Jetpack Compose,androidx.compose; @Composable; Column(; Row(; Modifier.,https://github.com/google/iosched/blob/compose/mobile/src/main/java/com/google/samples/apps/iosched/ui/settings/ThemeSettingDialog.kt
google/iosched@compose,mobile/src/main/java/com/google/samples/apps/iosched/ui/signin/SignInDialogFragment.kt,Kotlin,Android Views,LayoutInflater; android.view.View; android.view.ViewGroup; DataBinding; databinding,https://github.com/google/iosched/blob/compose/mobile/src/main/java/com/google/samples/apps/iosched/ui/signin/SignInDialogFragment.kt
google/iosched@compose,mobile/src/main/java/com/google/samples/apps/iosched/ui/signin/SignOutDialogFragment.kt,Kotlin,Android Views,LayoutInflater; android.widget.TextView; android.view.View; android.view.ViewGroup; DataBinding; databinding,https://github.com/google/iosched/blob/compose/mobile/src/main/java/com/google/samples/apps/iosched/ui/signin/SignOutDialogFragment.kt
google/iosched@compose,mobile/src/main/java/com/google/samples/apps/iosched/ui/speaker/SpeakerAdapter.kt,Kotlin,Android Views,LayoutInflater; RecyclerView.Adapter; RecyclerView.ViewHolder; android.view.View; android.view.ViewGroup; databinding,https://github.com/google/iosched/blob/compose/mobile/src/main/java/com/google/samples/apps/iosched/ui/speaker/SpeakerAdapter.kt
google/iosched@compose,mobile/src/main/java/com/google/samples/apps/iosched/ui/speaker/SpeakerBindingAdapters.kt,Kotlin,Android Views,android.widget.ImageView; databinding,https://github.com/google/iosched/blob/compose/mobile/src/main/java/com/google/samples/apps/iosched/ui/speaker/SpeakerBindingAdapters.kt
google/iosched@compose,mobile/src/main/java/com/google/samples/apps/iosched/ui/speaker/SpeakerFragment.kt,Kotlin,Android Views,LayoutInflater; android.view.View; android.view.ViewGroup; databinding,https://github.com/google/iosched/blob/compose/mobile/src/main/java/com/google/samples/apps/iosched/ui/speaker/SpeakerFragment.kt
google/iosched@compose,mobile/src/main/java/com/google/samples/apps/iosched/ui/util/ComposeUtil.kt,Kotlin,Jetpack Compose,androidx.compose; @Composable; Modifier.,https://github.com/google/iosched/blob/compose/mobile/src/main/java/com/google/samples/apps/iosched/ui/util/ComposeUtil.kt
google/iosched@compose,mobile/src/main/java/com/google/samples/apps/iosched/ui/util/IoschedDialog.kt,Kotlin,Jetpack Compose,androidx.compose; @Composable; Column(; Surface(; Modifier.; MaterialTheme,https://github.com/google/iosched/blob/compose/mobile/src/main/java/com/google/samples/apps/iosched/ui/util/IoschedDialog.kt
google/iosched@compose,mobile/src/main/java/com/google/samples/apps/iosched/ui/util/IoschedTypography.kt,Kotlin,Jetpack Compose,androidx.compose,https://github.com/google/iosched/blob/compose/mobile/src/main/java/com/google/samples/apps/iosched/ui/util/IoschedTypography.kt
google/iosched@compose,mobile/src/main/java/com/google/samples/apps/iosched/util/CircularOutlineProvider.kt,Kotlin,Android Views,android.view.View,https://github.com/google/iosched/blob/compose/mobile/src/main/java/com/google/samples/apps/iosched/util/CircularOutlineProvider.kt
google/iosched@compose,mobile/src/main/java/com/google/samples/apps/iosched/util/Extensions.kt,Kotlin,Android Views,android.view.View; DataBinding; databinding,https://github.com/google/iosched/blob/compose/mobile/src/main/java/com/google/samples/apps/iosched/util/Extensions.kt
google/iosched@compose,mobile/src/main/java/com/google/samples/apps/iosched/util/NavigationBarScrimBehavior.kt,Kotlin,Android Views,android.view.View,https://github.com/google/iosched/blob/compose/mobile/src/main/java/com/google/samples/apps/iosched/util/NavigationBarScrimBehavior.kt
google/iosched@compose,mobile/src/main/java/com/google/samples/apps/iosched/util/StatusBarScrimBehavior.kt,Kotlin,Android Views,android.view.View,https://github.com/google/iosched/blob/compose/mobile/src/main/java/com/google/samples/apps/iosched/util/StatusBarScrimBehavior.kt
google/iosched@compose,mobile/src/main/java/com/google/samples/apps/iosched/util/UiUtils.kt,Kotlin,Android Views,android.view.View,https://github.com/google/iosched/blob/compose/mobile/src/main/java/com/google/samples/apps/iosched/util/UiUtils.kt
google/iosched@compose,mobile/src/main/java/com/google/samples/apps/iosched/util/ViewBindingAdapters.kt,Kotlin,Android Views,android.widget.TextView; android.widget.ImageView; android.view.View; setOnClickListener; databinding,https://github.com/google/iosched/blob/compose/mobile/src/main/java/com/google/samples/apps/iosched/util/ViewBindingAdapters.kt
google/iosched@compose,mobile/src/main/java/com/google/samples/apps/iosched/util/WindowInsetsListeners.kt,Kotlin,Android Views,android.view.View,https://github.com/google/iosched/blob/compose/mobile/src/main/java/com/google/samples/apps/iosched/util/WindowInsetsListeners.kt
google/iosched@compose,mobile/src/main/java/com/google/samples/apps/iosched/widget/BottomSheetBehavior.kt,Kotlin,Android Views,android.view.View; android.view.ViewGroup,https://github.com/google/iosched/blob/compose/mobile/src/main/java/com/google/samples/apps/iosched/widget/BottomSheetBehavior.kt
google/iosched@compose,mobile/src/main/java/com/google/samples/apps/iosched/widget/CollapsibleCard.kt,Kotlin,Android Views,findViewById; LayoutInflater; android.widget.TextView; android.widget.ImageView; android.view.View; android.view.ViewGroup; setOnClickListener,https://github.com/google/iosched/blob/compose/mobile/src/main/java/com/google/samples/apps/iosched/widget/CollapsibleCard.kt
google/iosched@compose,mobile/src/main/java/com/google/samples/apps/iosched/widget/CountdownView.kt,Kotlin,Android Views,findViewById; LayoutInflater; android.view.View,https://github.com/google/iosched/blob/compose/mobile/src/main/java/com/google/samples/apps/iosched/widget/CountdownView.kt
google/iosched@compose,mobile/src/main/java/com/google/samples/apps/iosched/widget/EventCardView.kt,Kotlin,Android Views,findViewById; LayoutInflater; android.widget.TextView; android.widget.ImageView,https://github.com/google/iosched/blob/compose/mobile/src/main/java/com/google/samples/apps/iosched/widget/EventCardView.kt
google/iosched@compose,mobile/src/main/java/com/google/samples/apps/iosched/widget/FadingSnackbar.kt,Kotlin,Android Views,findViewById; LayoutInflater; android.widget.TextView; android.widget.Button; setOnClickListener,https://github.com/google/iosched/blob/compose/mobile/src/main/java/com/google/samples/apps/iosched/widget/FadingSnackbar.kt
google/iosched@compose,mobile/src/main/java/com/google/samples/apps/iosched/widget/HashtagIoDecoration.kt,Kotlin,Android Views,android.view.View,https://github.com/google/iosched/blob/compose/mobile/src/main/java/com/google/samples/apps/iosched/widget/HashtagIoDecoration.kt
google/iosched@compose,mobile/src/main/java/com/google/samples/apps/iosched/widget/SpaceDecoration.kt,Kotlin,Android Views,android.view.View,https://github.com/google/iosched/blob/compose/mobile/src/main/java/com/google/samples/apps/iosched/widget/SpaceDecoration.kt
google/iosched@compose,mobile/src/main/java/com/google/samples/apps/iosched/widget/transition/RotateX.kt,Kotlin,Android Views,android.view.View; android.view.ViewGroup,https://github.com/google/iosched/blob/compose/mobile/src/main/java/com/google/samples/apps/iosched/widget/transition/RotateX.kt
google/iosched@compose,mobile/src/main/res/animator/active_alpha.xml,XML,Android Views,xmlns:android=,https://github.com/google/iosched/blob/compose/mobile/src/main/res/animator/active_alpha.xml
google/iosched@compose,mobile/src/main/res/color/chip_bg.xml,XML,Android Views,xmlns:android=,https://github.com/google/iosched/blob/compose/mobile/src/main/res/color/chip_bg.xml
google/iosched@compose,mobile/src/main/res/color/chip_stroke.xml,XML,Android Views,xmlns:android=,https://github.com/google/iosched/blob/compose/mobile/src/main/res/color/chip_stroke.xml
google/iosched@compose,mobile/src/main/res/color/map_variant_icon.xml,XML,Android Views,xmlns:android=,https://github.com/google/iosched/blob/compose/mobile/src/main/res/color/map_variant_icon.xml
google/iosched@compose,mobile/src/main/res/color/map_variant_text.xml,XML,Android Views,xmlns:android=,https://github.com/google/iosched/blob/compose/mobile/src/main/res/color/map_variant_text.xml
google/iosched@compose,mobile/src/main/res/color/navigation_item_background_tint.xml,XML,Android Views,xmlns:android=,https://github.com/google/iosched/blob/compose/mobile/src/main/res/color/navigation_item_background_tint.xml
google/iosched@compose,mobile/src/main/res/color/schedule_day_indicator_text.xml,XML,Android Views,xmlns:android=,https://github.com/google/iosched/blob/compose/mobile/src/main/res/color/schedule_day_indicator_text.xml
google/iosched@compose,mobile/src/main/res/drawable-anydpi-v23/preview_window.xml,XML,Android Views,xmlns:android=,https://github.com/google/iosched/blob/compose/mobile/src/main/res/drawable-anydpi-v23/preview_window.xml
google/iosched@compose,mobile/src/main/res/drawable-anydpi-v23/preview_window_logo.xml,XML,Android Views,xmlns:android=,https://github.com/google/iosched/blob/compose/mobile/src/main/res/drawable-anydpi-v23/preview_window_logo.xml
google/iosched@compose,mobile/src/main/res/drawable/arcore_gray.xml,XML,Android Views,xmlns:android=,https://github.com/google/iosched/blob/compose/mobile/src/main/res/drawable/arcore_gray.xml
google/iosched@compose,mobile/src/main/res/drawable/asld_chip_icon.xml,XML,Android Views,xmlns:android=,https://github.com/google/iosched/blob/compose/mobile/src/main/res/drawable/asld_chip_icon.xml
google/iosched@compose,mobile/src/main/res/drawable/asld_reservation.xml,XML,Android Views,xmlns:android=,https://github.com/google/iosched/blob/compose/mobile/src/main/res/drawable/asld_reservation.xml
google/iosched@compose,mobile/src/main/res/drawable/asld_star_event.xml,XML,Android Views,xmlns:android=,https://github.com/google/iosched/blob/compose/mobile/src/main/res/drawable/asld_star_event.xml
google/iosched@compose,mobile/src/main/res/drawable/avd_chip_check_to_dot.xml,XML,Android Views,xmlns:android=,https://github.com/google/iosched/blob/compose/mobile/src/main/res/drawable/avd_chip_check_to_dot.xml
google/iosched@compose,mobile/src/main/res/drawable/avd_chip_dot_to_check.xml,XML,Android Views,xmlns:android=,https://github.com/google/iosched/blob/compose/mobile/src/main/res/drawable/avd_chip_dot_to_check.xml
google/iosched@compose,mobile/src/main/res/drawable/avd_pending_to_reservable.xml,XML,Android Views,xmlns:android=,https://github.com/google/iosched/blob/compose/mobile/src/main/res/drawable/avd_pending_to_reservable.xml
google/iosched@compose,mobile/src/main/res/drawable/avd_pending_to_reserved.xml,XML,Android Views,xmlns:android=,https://github.com/google/iosched/blob/compose/mobile/src/main/res/drawable/avd_pending_to_reserved.xml
google/iosched@compose,mobile/src/main/res/drawable/avd_pending_to_waitlisted.xml,XML,Android Views,xmlns:android=,https://github.com/google/iosched/blob/compose/mobile/src/main/res/drawable/avd_pending_to_waitlisted.xml
google/iosched@compose,mobile/src/main/res/drawable/avd_reservable_to_pending.xml,XML,Android Views,xmlns:android=,https://github.com/google/iosched/blob/compose/mobile/src/main/res/drawable/avd_reservable_to_pending.xml
google/iosched@compose,mobile/src/main/res/drawable/avd_reserved_to_pending.xml,XML,Android Views,xmlns:android=,https://github.com/google/iosched/blob/compose/mobile/src/main/res/drawable/avd_reserved_to_pending.xml
google/iosched@compose,mobile/src/main/res/drawable/avd_star_event.xml,XML,Android Views,xmlns:android=,https://github.com/google/iosched/blob/compose/mobile/src/main/res/drawable/avd_star_event.xml
google/iosched@compose,mobile/src/main/res/drawable/avd_unstar_event.xml,XML,Android Views,xmlns:android=,https://github.com/google/iosched/blob/compose/mobile/src/main/res/drawable/avd_unstar_event.xml
google/iosched@compose,mobile/src/main/res/drawable/avd_waitlisted_to_pending.xml,XML,Android Views,xmlns:android=,https://github.com/google/iosched/blob/compose/mobile/src/main/res/drawable/avd_waitlisted_to_pending.xml
google/iosched@compose,mobile/src/main/res/drawable/bullet_small.xml,XML,Android Views,xmlns:android=,https://github.com/google/iosched/blob/compose/mobile/src/main/res/drawable/bullet_small.xml
google/iosched@compose,mobile/src/main/res/drawable/chip_check.xml,XML,Android Views,xmlns:android=,https://github.com/google/iosched/blob/compose/mobile/src/main/res/drawable/chip_check.xml
google/iosched@compose,mobile/src/main/res/drawable/chip_dot.xml,XML,Android Views,xmlns:android=,https://github.com/google/iosched/blob/compose/mobile/src/main/res/drawable/chip_dot.xml
google/iosched@compose,mobile/src/main/res/drawable/divider_empty_margin_normal.xml,XML,Android Views,xmlns:android=,https://github.com/google/iosched/blob/compose/mobile/src/main/res/drawable/divider_empty_margin_normal.xml
google/iosched@compose,mobile/src/main/res/drawable/divider_empty_margin_small.xml,XML,Android Views,xmlns:android=,https://github.com/google/iosched/blob/compose/mobile/src/main/res/drawable/divider_empty_margin_small.xml
google/iosched@compose,mobile/src/main/res/drawable/divider_slash.xml,XML,Android Views,xmlns:android=,https://github.com/google/iosched/blob/compose/mobile/src/main/res/drawable/divider_slash.xml
google/iosched@compose,mobile/src/main/res/drawable/event_header_afterhours.xml,XML,Android Views,xmlns:android=,https://github.com/google/iosched/blob/compose/mobile/src/main/res/drawable/event_header_afterhours.xml
google/iosched@compose,mobile/src/main/res/drawable/event_header_codelabs.xml,XML,Android Views,xmlns:android=,https://github.com/google/iosched/blob/compose/mobile/src/main/res/drawable/event_header_codelabs.xml
google/iosched@compose,mobile/src/main/res/drawable/event_header_meals.xml,XML,Android Views,xmlns:android=,https://github.com/google/iosched/blob/compose/mobile/src/main/res/drawable/event_header_meals.xml
google/iosched@compose,mobile/src/main/res/drawable/event_header_office_hours.xml,XML,Android Views,xmlns:android=,https://github.com/google/iosched/blob/compose/mobile/src/main/res/drawable/event_header_office_hours.xml
google/iosched@compose,mobile/src/main/res/drawable/event_header_sandbox.xml,XML,Android Views,xmlns:android=,https://github.com/google/iosched/blob/compose/mobile/src/main/res/drawable/event_header_sandbox.xml
google/iosched@compose,mobile/src/main/res/drawable/event_header_sessions.xml,XML,Android Views,xmlns:android=,https://github.com/google/iosched/blob/compose/mobile/src/main/res/drawable/event_header_sessions.xml
google/iosched@compose,mobile/src/main/res/drawable/event_narrow_afterhours.xml,XML,Android Views,xmlns:android=,https://github.com/google/iosched/blob/compose/mobile/src/main/res/drawable/event_narrow_afterhours.xml
google/iosched@compose,mobile/src/main/res/drawable/event_narrow_app_reviews1.xml,XML,Android Views,xmlns:android=,https://github.com/google/iosched/blob/compose/mobile/src/main/res/drawable/event_narrow_app_reviews1.xml
google/iosched@compose,mobile/src/main/res/drawable/event_narrow_app_reviews2.xml,XML,Android Views,xmlns:android=,https://github.com/google/iosched/blob/compose/mobile/src/main/res/drawable/event_narrow_app_reviews2.xml
google/iosched@compose,mobile/src/main/res/drawable/event_narrow_app_reviews3.xml,XML,Android Views,xmlns:android=,https://github.com/google/iosched/blob/compose/mobile/src/main/res/drawable/event_narrow_app_reviews3.xml
google/iosched@compose,mobile/src/main/res/drawable/event_narrow_game_reviews1.xml,XML,Android Views,xmlns:android=,https://github.com/google/iosched/blob/compose/mobile/src/main/res/drawable/event_narrow_game_reviews1.xml
google/iosched@compose,mobile/src/main/res/drawable/event_narrow_game_reviews2.xml,XML,Android Views,xmlns:android=,https://github.com/google/iosched/blob/compose/mobile/src/main/res/drawable/event_narrow_game_reviews2.xml
google/iosched@compose,mobile/src/main/res/drawable/event_narrow_game_reviews3.xml,XML,Android Views,xmlns:android=,https://github.com/google/iosched/blob/compose/mobile/src/main/res/drawable/event_narrow_game_reviews3.xml
google/iosched@compose,mobile/src/main/res/drawable/event_narrow_keynote.xml,XML,Android Views,xmlns:android=,https://github.com/google/iosched/blob/compose/mobile/src/main/res/drawable/event_narrow_keynote.xml
google/iosched@compose,mobile/src/main/res/drawable/event_narrow_office_hours1.xml,XML,Android Views,xmlns:android=,https://github.com/google/iosched/blob/compose/mobile/src/main/res/drawable/event_narrow_office_hours1.xml
google/iosched@compose,mobile/src/main/res/drawable/event_narrow_office_hours2.xml,XML,Android Views,xmlns:android=,https://github.com/google/iosched/blob/compose/mobile/src/main/res/drawable/event_narrow_office_hours2.xml
google/iosched@compose,mobile/src/main/res/drawable/event_narrow_office_hours3.xml,XML,Android Views,xmlns:android=,https://github.com/google/iosched/blob/compose/mobile/src/main/res/drawable/event_narrow_office_hours3.xml
google/iosched@compose,mobile/src/main/res/drawable/event_narrow_other.xml,XML,Android Views,xmlns:android=,https://github.com/google/iosched/blob/compose/mobile/src/main/res/drawable/event_narrow_other.xml
google/iosched@compose,mobile/src/main/res/drawable/event_narrow_session1.xml,XML,Android Views,xmlns:android=,https://github.com/google/iosched/blob/compose/mobile/src/main/res/drawable/event_narrow_session1.xml
google/iosched@compose,mobile/src/main/res/drawable/event_narrow_session2.xml,XML,Android Views,xmlns:android=,https://github.com/google/iosched/blob/compose/mobile/src/main/res/drawable/event_narrow_session2.xml
google/iosched@compose,mobile/src/main/res/drawable/event_narrow_session3.xml,XML,Android Views,xmlns:android=,https://github.com/google/iosched/blob/compose/mobile/src/main/res/drawable/event_narrow_session3.xml
google/iosched@compose,mobile/src/main/res/drawable/event_narrow_session4.xml,XML,Android Views,xmlns:android=,https://github.com/google/iosched/blob/compose/mobile/src/main/res/drawable/event_narrow_session4.xml
google/iosched@compose,mobile/src/main/res/drawable/event_placeholder_keynote.xml,XML,Android Views,xmlns:android=,https://github.com/google/iosched/blob/compose/mobile/src/main/res/drawable/event_placeholder_keynote.xml
google/iosched@compose,mobile/src/main/res/drawable/event_placeholder_session1.xml,XML,Android Views,xmlns:android=,https://github.com/google/iosched/blob/compose/mobile/src/main/res/drawable/event_placeholder_session1.xml
google/iosched@compose,mobile/src/main/res/drawable/event_placeholder_session2.xml,XML,Android Views,xmlns:android=,https://github.com/google/iosched/blob/compose/mobile/src/main/res/drawable/event_placeholder_session2.xml
google/iosched@compose,mobile/src/main/res/drawable/event_placeholder_session3.xml,XML,Android Views,xmlns:android=,https://github.com/google/iosched/blob/compose/mobile/src/main/res/drawable/event_placeholder_session3.xml
google/iosched@compose,mobile/src/main/res/drawable/event_placeholder_session4.xml,XML,Android Views,xmlns:android=,https://github.com/google/iosched/blob/compose/mobile/src/main/res/drawable/event_placeholder_session4.xml
google/iosched@compose,mobile/src/main/res/drawable/fading_snackbar_background.xml,XML,Android Views,xmlns:android=,https://github.com/google/iosched/blob/compose/mobile/src/main/res/drawable/fading_snackbar_background.xml
google/iosched@compose,mobile/src/main/res/drawable/filters_sheet_background.xml,XML,Android Views,xmlns:android=,https://github.com/google/iosched/blob/compose/mobile/src/main/res/drawable/filters_sheet_background.xml
google/iosched@compose,mobile/src/main/res/drawable/filters_sheet_header_shadow.xml,XML,Android Views,xmlns:android=,https://github.com/google/iosched/blob/compose/mobile/src/main/res/drawable/filters_sheet_header_shadow.xml
google/iosched@compose,mobile/src/main/res/drawable/generic_placeholder.xml,XML,Android Views,xmlns:android=,https://github.com/google/iosched/blob/compose/mobile/src/main/res/drawable/generic_placeholder.xml
google/iosched@compose,mobile/src/main/res/drawable/hashtag_io19.xml,XML,Android Views,xmlns:android=,https://github.com/google/iosched/blob/compose/mobile/src/main/res/drawable/hashtag_io19.xml
google/iosched@compose,mobile/src/main/res/drawable/ic_agenda_after_hours.xml,XML,Android Views,xmlns:android=,https://github.com/google/iosched/blob/compose/mobile/src/main/res/drawable/ic_agenda_after_hours.xml
google/iosched@compose,mobile/src/main/res/drawable/ic_agenda_badge.xml,XML,Android Views,xmlns:android=,https://github.com/google/iosched/blob/compose/mobile/src/main/res/drawable/ic_agenda_badge.xml
google/iosched@compose,mobile/src/main/res/drawable/ic_agenda_codelab.xml,XML,Android Views,xmlns:android=,https://github.com/google/iosched/blob/compose/mobile/src/main/res/drawable/ic_agenda_codelab.xml
google/iosched@compose,mobile/src/main/res/drawable/ic_agenda_concert.xml,XML,Android Views,xmlns:android=,https://github.com/google/iosched/blob/compose/mobile/src/main/res/drawable/ic_agenda_concert.xml
google/iosched@compose,mobile/src/main/res/drawable/ic_agenda_keynote.xml,XML,Android Views,xmlns:android=,https://github.com/google/iosched/blob/compose/mobile/src/main/res/drawable/ic_agenda_keynote.xml
google/iosched@compose,mobile/src/main/res/drawable/ic_agenda_meal.xml,XML,Android Views,xmlns:android=,https://github.com/google/iosched/blob/compose/mobile/src/main/res/drawable/ic_agenda_meal.xml
google/iosched@compose,mobile/src/main/res/drawable/ic_agenda_office_hours.xml,XML,Android Views,xmlns:android=,https://github.com/google/iosched/blob/compose/mobile/src/main/res/drawable/ic_agenda_office_hours.xml
google/iosched@compose,mobile/src/main/res/drawable/ic_agenda_sandbox.xml,XML,Android Views,xmlns:android=,https://github.com/google/iosched/blob/compose/mobile/src/main/res/drawable/ic_agenda_sandbox.xml
google/iosched@compose,mobile/src/main/res/drawable/ic_agenda_session.xml,XML,Android Views,xmlns:android=,https://github.com/google/iosched/blob/compose/mobile/src/main/res/drawable/ic_agenda_session.xml
google/iosched@compose,mobile/src/main/res/drawable/ic_agenda_store.xml,XML,Android Views,xmlns:android=,https://github.com/google/iosched/blob/compose/mobile/src/main/res/drawable/ic_agenda_store.xml
google/iosched@compose,mobile/src/main/res/drawable/ic_arrow_back.xml,XML,Android Views,xmlns:android=,https://github.com/google/iosched/blob/compose/mobile/src/main/res/drawable/ic_arrow_back.xml
google/iosched@compose,mobile/src/main/res/drawable/ic_arrow_right.xml,XML,Android Views,xmlns:android=,https://github.com/google/iosched/blob/compose/mobile/src/main/res/drawable/ic_arrow_right.xml
google/iosched@compose,mobile/src/main/res/drawable/ic_clear_all.xml,XML,Android Views,xmlns:android=,https://github.com/google/iosched/blob/compose/mobile/src/main/res/drawable/ic_clear_all.xml
google/iosched@compose,mobile/src/main/res/drawable/ic_default_avatar_1.xml,XML,Android Views,xmlns:android=,https://github.com/google/iosched/blob/compose/mobile/src/main/res/drawable/ic_default_avatar_1.xml
google/iosched@compose,mobile/src/main/res/drawable/ic_default_avatar_2.xml,XML,Android Views,xmlns:android=,https://github.com/google/iosched/blob/compose/mobile/src/main/res/drawable/ic_default_avatar_2.xml
google/iosched@compose,mobile/src/main/res/drawable/ic_default_avatar_3.xml,XML,Android Views,xmlns:android=,https://github.com/google/iosched/blob/compose/mobile/src/main/res/drawable/ic_default_avatar_3.xml
google/iosched@compose,mobile/src/main/res/drawable/ic_default_profile_avatar.xml,XML,Android Views,xmlns:android=,https://github.com/google/iosched/blob/compose/mobile/src/main/res/drawable/ic_default_profile_avatar.xml
google/iosched@compose,mobile/src/main/res/drawable/ic_expand_more.xml,XML,Android Views,xmlns:android=,https://github.com/google/iosched/blob/compose/mobile/src/main/res/drawable/ic_expand_more.xml
google/iosched@compose,mobile/src/main/res/drawable/ic_feed_social_button_bg.xml,XML,Android Views,xmlns:android=,https://github.com/google/iosched/blob/compose/mobile/src/main/res/drawable/ic_feed_social_button_bg.xml
google/iosched@compose,mobile/src/main/res/drawable/ic_filter.xml,XML,Android Views,xmlns:android=,https://github.com/google/iosched/blob/compose/mobile/src/main/res/drawable/ic_filter.xml
google/iosched@compose,mobile/src/main/res/drawable/ic_filter_clear.xml,XML,Android Views,xmlns:android=,https://github.com/google/iosched/blob/compose/mobile/src/main/res/drawable/ic_filter_clear.xml
google/iosched@compose,mobile/src/main/res/drawable/ic_launch.xml,XML,Android Views,xmlns:android=,https://github.com/google/iosched/blob/compose/mobile/src/main/res/drawable/ic_launch.xml
google/iosched@compose,mobile/src/main/res/drawable/ic_layers.xml,XML,Android Views,xmlns:android=,https://github.com/google/iosched/blob/compose/mobile/src/main/res/drawable/ic_layers.xml
google/iosched@compose,mobile/src/main/res/drawable/ic_login.xml,XML,Android Views,xmlns:android=,https://github.com/google/iosched/blob/compose/mobile/src/main/res/drawable/ic_login.xml
google/iosched@compose,mobile/src/main/res/drawable/ic_logo_assistant.xml,XML,Android Views,xmlns:android=,https://github.com/google/iosched/blob/compose/mobile/src/main/res/drawable/ic_logo_assistant.xml
google/iosched@compose,mobile/src/main/res/drawable/ic_logo_components.xml,XML,Android Views,xmlns:android=,https://github.com/google/iosched/blob/compose/mobile/src/main/res/drawable/ic_logo_components.xml
google/iosched@compose,mobile/src/main/res/drawable/ic_logo_facebook.xml,XML,Android Views,xmlns:android=,https://github.com/google/iosched/blob/compose/mobile/src/main/res/drawable/ic_logo_facebook.xml
google/iosched@compose,mobile/src/main/res/drawable/ic_logo_google_developers.xml,XML,Android Views,xmlns:android=,https://github.com/google/iosched/blob/compose/mobile/src/main/res/drawable/ic_logo_google_developers.xml
google/iosched@compose,mobile/src/main/res/drawable/ic_logo_instagram.xml,XML,Android Views,xmlns:android=,https://github.com/google/iosched/blob/compose/mobile/src/main/res/drawable/ic_logo_instagram.xml
google/iosched@compose,mobile/src/main/res/drawable/ic_logo_twitter.xml,XML,Android Views,xmlns:android=,https://github.com/google/iosched/blob/compose/mobile/src/main/res/drawable/ic_logo_twitter.xml
google/iosched@compose,mobile/src/main/res/drawable/ic_logo_youtube.xml,XML,Android Views,xmlns:android=,https://github.com/google/iosched/blob/compose/mobile/src/main/res/drawable/ic_logo_youtube.xml
google/iosched@compose,mobile/src/main/res/drawable/ic_logout.xml,XML,Android Views,xmlns:android=,https://github.com/google/iosched/blob/compose/mobile/src/main/res/drawable/ic_logout.xml
google/iosched@compose,mobile/src/main/res/drawable/ic_map_after_dark.xml,XML,Android Views,xmlns:android=,https://github.com/google/iosched/blob/compose/mobile/src/main/res/drawable/ic_map_after_dark.xml
google/iosched@compose,mobile/src/main/res/drawable/ic_map_concert.xml,XML,Android Views,xmlns:android=,https://github.com/google/iosched/blob/compose/mobile/src/main/res/drawable/ic_map_concert.xml
google/iosched@compose,mobile/src/main/res/drawable/ic_map_daytime.xml,XML,Android Views,xmlns:android=,https://github.com/google/iosched/blob/compose/mobile/src/main/res/drawable/ic_map_daytime.xml
google/iosched@compose,mobile/src/main/res/drawable/ic_menu.xml,XML,Android Views,xmlns:android=,https://github.com/google/iosched/blob/compose/mobile/src/main/res/drawable/ic_menu.xml
google/iosched@compose,mobile/src/main/res/drawable/ic_my_location.xml,XML,Android Views,xmlns:android=,https://github.com/google/iosched/blob/compose/mobile/src/main/res/drawable/ic_my_location.xml
google/iosched@compose,mobile/src/main/res/drawable/ic_nav_agenda.xml,XML,Android Views,xmlns:android=,https://github.com/google/iosched/blob/compose/mobile/src/main/res/drawable/ic_nav_agenda.xml
google/iosched@compose,mobile/src/main/res/drawable/ic_nav_codelabs.xml,XML,Android Views,xmlns:android=,https://github.com/google/iosched/blob/compose/mobile/src/main/res/drawable/ic_nav_codelabs.xml
google/iosched@compose,mobile/src/main/res/drawable/ic_nav_home.xml,XML,Android Views,xmlns:android=,https://github.com/google/iosched/blob/compose/mobile/src/main/res/drawable/ic_nav_home.xml
google/iosched@compose,mobile/src/main/res/drawable/ic_nav_info.xml,XML,Android Views,xmlns:android=,https://github.com/google/iosched/blob/compose/mobile/src/main/res/drawable/ic_nav_info.xml
google/iosched@compose,mobile/src/main/res/drawable/ic_nav_map.xml,XML,Android Views,xmlns:android=,https://github.com/google/iosched/blob/compose/mobile/src/main/res/drawable/ic_nav_map.xml
google/iosched@compose,mobile/src/main/res/drawable/ic_nav_schedule.xml,XML,Android Views,xmlns:android=,https://github.com/google/iosched/blob/compose/mobile/src/main/res/drawable/ic_nav_schedule.xml
google/iosched@compose,mobile/src/main/res/drawable/ic_nav_settings.xml,XML,Android Views,xmlns:android=,https://github.com/google/iosched/blob/compose/mobile/src/main/res/drawable/ic_nav_settings.xml
google/iosched@compose,mobile/src/main/res/drawable/ic_nav_signpost.xml,XML,Android Views,xmlns:android=,https://github.com/google/iosched/blob/compose/mobile/src/main/res/drawable/ic_nav_signpost.xml
google/iosched@compose,mobile/src/main/res/drawable/ic_play.xml,XML,Android Views,xmlns:android=,https://github.com/google/iosched/blob/compose/mobile/src/main/res/drawable/ic_play.xml
google/iosched@compose,mobile/src/main/res/drawable/ic_play_circle_outline.xml,XML,Android Views,xmlns:android=,https://github.com/google/iosched/blob/compose/mobile/src/main/res/drawable/ic_play_circle_outline.xml
google/iosched@compose,mobile/src/main/res/drawable/ic_question_answer.xml,XML,Android Views,xmlns:android=,https://github.com/google/iosched/blob/compose/mobile/src/main/res/drawable/ic_question_answer.xml
google/iosched@compose,mobile/src/main/res/drawable/ic_reservable.xml,XML,Android Views,xmlns:android=,https://github.com/google/iosched/blob/compose/mobile/src/main/res/drawable/ic_reservable.xml
google/iosched@compose,mobile/src/main/res/drawable/ic_reservation.xml,XML,Android Views,xmlns:android=,https://github.com/google/iosched/blob/compose/mobile/src/main/res/drawable/ic_reservation.xml
google/iosched@compose,mobile/src/main/res/drawable/ic_reservation_disabled.xml,XML,Android Views,xmlns:android=,https://github.com/google/iosched/blob/compose/mobile/src/main/res/drawable/ic_reservation_disabled.xml
google/iosched@compose,mobile/src/main/res/drawable/ic_reservation_pending.xml,XML,Android Views,xmlns:android=,https://github.com/google/iosched/blob/compose/mobile/src/main/res/drawable/ic_reservation_pending.xml
google/iosched@compose,mobile/src/main/res/drawable/ic_reserved.xml,XML,Android Views,xmlns:android=,https://github.com/google/iosched/blob/compose/mobile/src/main/res/drawable/ic_reserved.xml
google/iosched@compose,mobile/src/main/res/drawable/ic_search.xml,XML,Android Views,xmlns:android=,https://github.com/google/iosched/blob/compose/mobile/src/main/res/drawable/ic_search.xml
google/iosched@compose,mobile/src/main/res/drawable/ic_share.xml,XML,Android Views,xmlns:android=,https://github.com/google/iosched/blob/compose/mobile/src/main/res/drawable/ic_share.xml
google/iosched@compose,mobile/src/main/res/drawable/ic_sustainability_art.xml,XML,Android Views,xmlns:android=,https://github.com/google/iosched/blob/compose/mobile/src/main/res/drawable/ic_sustainability_art.xml
google/iosched@compose,mobile/src/main/res/drawable/ic_tune.xml,XML,Android Views,xmlns:android=,https://github.com/google/iosched/blob/compose/mobile/src/main/res/drawable/ic_tune.xml
google/iosched@compose,mobile/src/main/res/drawable/ic_waitlist_available.xml,XML,Android Views,xmlns:android=,https://github.com/google/iosched/blob/compose/mobile/src/main/res/drawable/ic_waitlist_available.xml
google/iosched@compose,mobile/src/main/res/drawable/ic_waitlisted.xml,XML,Android Views,xmlns:android=,https://github.com/google/iosched/blob/compose/mobile/src/main/res/drawable/ic_waitlisted.xml
google/iosched@compose,mobile/src/main/res/drawable/io_logo_color.xml,XML,Android Views,xmlns:android=,https://github.com/google/iosched/blob/compose/mobile/src/main/res/drawable/io_logo_color.xml
google/iosched@compose,mobile/src/main/res/drawable/list_divider.xml,XML,Android Views,xmlns:android=,https://github.com/google/iosched/blob/compose/mobile/src/main/res/drawable/list_divider.xml
google/iosched@compose,mobile/src/main/res/drawable/map_marker_1.xml,XML,Android Views,xmlns:android=,https://github.com/google/iosched/blob/compose/mobile/src/main/res/drawable/map_marker_1.xml
google/iosched@compose,mobile/src/main/res/drawable/map_marker_2.xml,XML,Android Views,xmlns:android=,https://github.com/google/iosched/blob/compose/mobile/src/main/res/drawable/map_marker_2.xml
google/iosched@compose,mobile/src/main/res/drawable/map_marker_3.xml,XML,Android Views,xmlns:android=,https://github.com/google/iosched/blob/compose/mobile/src/main/res/drawable/map_marker_3.xml
google/iosched@compose,mobile/src/main/res/drawable/map_marker_4.xml,XML,Android Views,xmlns:android=,https://github.com/google/iosched/blob/compose/mobile/src/main/res/drawable/map_marker_4.xml
google/iosched@compose,mobile/src/main/res/drawable/map_marker_5.xml,XML,Android Views,xmlns:android=,https://github.com/google/iosched/blob/compose/mobile/src/main/res/drawable/map_marker_5.xml
google/iosched@compose,mobile/src/main/res/drawable/map_marker_6.xml,XML,Android Views,xmlns:android=,https://github.com/google/iosched/blob/compose/mobile/src/main/res/drawable/map_marker_6.xml
google/iosched@compose,mobile/src/main/res/drawable/map_marker_7.xml,XML,Android Views,xmlns:android=,https://github.com/google/iosched/blob/compose/mobile/src/main/res/drawable/map_marker_7.xml
google/iosched@compose,mobile/src/main/res/drawable/map_marker_8.xml,XML,Android Views,xmlns:android=,https://github.com/google/iosched/blob/compose/mobile/src/main/res/drawable/map_marker_8.xml
google/iosched@compose,mobile/src/main/res/drawable/map_marker_a.xml,XML,Android Views,xmlns:android=,https://github.com/google/iosched/blob/compose/mobile/src/main/res/drawable/map_marker_a.xml
google/iosched@compose,mobile/src/main/res/drawable/map_marker_b.xml,XML,Android Views,xmlns:android=,https://github.com/google/iosched/blob/compose/mobile/src/main/res/drawable/map_marker_b.xml
google/iosched@compose,mobile/src/main/res/drawable/map_marker_bike.xml,XML,Android Views,xmlns:android=,https://github.com/google/iosched/blob/compose/mobile/src/main/res/drawable/map_marker_bike.xml
google/iosched@compose,mobile/src/main/res/drawable/map_marker_c.xml,XML,Android Views,xmlns:android=,https://github.com/google/iosched/blob/compose/mobile/src/main/res/drawable/map_marker_c.xml
google/iosched@compose,mobile/src/main/res/drawable/map_marker_charging.xml,XML,Android Views,xmlns:android=,https://github.com/google/iosched/blob/compose/mobile/src/main/res/drawable/map_marker_charging.xml
google/iosched@compose,mobile/src/main/res/drawable/map_marker_d.xml,XML,Android Views,xmlns:android=,https://github.com/google/iosched/blob/compose/mobile/src/main/res/drawable/map_marker_d.xml
google/iosched@compose,mobile/src/main/res/drawable/map_marker_drink.xml,XML,Android Views,xmlns:android=,https://github.com/google/iosched/blob/compose/mobile/src/main/res/drawable/map_marker_drink.xml
google/iosched@compose,mobile/src/main/res/drawable/map_marker_e.xml,XML,Android Views,xmlns:android=,https://github.com/google/iosched/blob/compose/mobile/src/main/res/drawable/map_marker_e.xml
google/iosched@compose,mobile/src/main/res/drawable/map_marker_f.xml,XML,Android Views,xmlns:android=,https://github.com/google/iosched/blob/compose/mobile/src/main/res/drawable/map_marker_f.xml
google/iosched@compose,mobile/src/main/res/drawable/map_marker_food.xml,XML,Android Views,xmlns:android=,https://github.com/google/iosched/blob/compose/mobile/src/main/res/drawable/map_marker_food.xml
google/iosched@compose,mobile/src/main/res/drawable/map_marker_g.xml,XML,Android Views,xmlns:android=,https://github.com/google/iosched/blob/compose/mobile/src/main/res/drawable/map_marker_g.xml
google/iosched@compose,mobile/src/main/res/drawable/map_marker_h.xml,XML,Android Views,xmlns:android=,https://github.com/google/iosched/blob/compose/mobile/src/main/res/drawable/map_marker_h.xml
google/iosched@compose,mobile/src/main/res/drawable/map_marker_handicap.xml,XML,Android Views,xmlns:android=,https://github.com/google/iosched/blob/compose/mobile/src/main/res/drawable/map_marker_handicap.xml
google/iosched@compose,mobile/src/main/res/drawable/map_marker_i.xml,XML,Android Views,xmlns:android=,https://github.com/google/iosched/blob/compose/mobile/src/main/res/drawable/map_marker_i.xml
google/iosched@compose,mobile/src/main/res/drawable/map_marker_info.xml,XML,Android Views,xmlns:android=,https://github.com/google/iosched/blob/compose/mobile/src/main/res/drawable/map_marker_info.xml
google/iosched@compose,mobile/src/main/res/drawable/map_marker_label_background.xml,XML,Android Views,xmlns:android=,https://github.com/google/iosched/blob/compose/mobile/src/main/res/drawable/map_marker_label_background.xml
google/iosched@compose,mobile/src/main/res/drawable/map_marker_lounge.xml,XML,Android Views,xmlns:android=,https://github.com/google/iosched/blob/compose/mobile/src/main/res/drawable/map_marker_lounge.xml
google/iosched@compose,mobile/src/main/res/drawable/map_marker_medical.xml,XML,Android Views,xmlns:android=,https://github.com/google/iosched/blob/compose/mobile/src/main/res/drawable/map_marker_medical.xml
google/iosched@compose,mobile/src/main/res/drawable/map_marker_mothers_room.xml,XML,Android Views,xmlns:android=,https://github.com/google/iosched/blob/compose/mobile/src/main/res/drawable/map_marker_mothers_room.xml
google/iosched@compose,mobile/src/main/res/drawable/map_marker_parking.xml,XML,Android Views,xmlns:android=,https://github.com/google/iosched/blob/compose/mobile/src/main/res/drawable/map_marker_parking.xml
google/iosched@compose,mobile/src/main/res/drawable/map_marker_restroom.xml,XML,Android Views,xmlns:android=,https://github.com/google/iosched/blob/compose/mobile/src/main/res/drawable/map_marker_restroom.xml
google/iosched@compose,mobile/src/main/res/drawable/map_marker_rideshare.xml,XML,Android Views,xmlns:android=,https://github.com/google/iosched/blob/compose/mobile/src/main/res/drawable/map_marker_rideshare.xml
google/iosched@compose,mobile/src/main/res/drawable/map_marker_service_dog.xml,XML,Android Views,xmlns:android=,https://github.com/google/iosched/blob/compose/mobile/src/main/res/drawable/map_marker_service_dog.xml
google/iosched@compose,mobile/src/main/res/drawable/map_marker_shuttle.xml,XML,Android Views,xmlns:android=,https://github.com/google/iosched/blob/compose/mobile/src/main/res/drawable/map_marker_shuttle.xml
google/iosched@compose,mobile/src/main/res/drawable/map_marker_star.xml,XML,Android Views,xmlns:android=,https://github.com/google/iosched/blob/compose/mobile/src/main/res/drawable/map_marker_star.xml
google/iosched@compose,mobile/src/main/res/drawable/map_marker_store.xml,XML,Android Views,xmlns:android=,https://github.com/google/iosched/blob/compose/mobile/src/main/res/drawable/map_marker_store.xml
google/iosched@compose,mobile/src/main/res/drawable/map_marker_water.xml,XML,Android Views,xmlns:android=,https://github.com/google/iosched/blob/compose/mobile/src/main/res/drawable/map_marker_water.xml
google/iosched@compose,mobile/src/main/res/drawable/navigation_item_background.xml,XML,Android Views,xmlns:android=,https://github.com/google/iosched/blob/compose/mobile/src/main/res/drawable/navigation_item_background.xml
google/iosched@compose,mobile/src/main/res/drawable/no_items_found_204.xml,XML,Android Views,xmlns:android=,https://github.com/google/iosched/blob/compose/mobile/src/main/res/drawable/no_items_found_204.xml
google/iosched@compose,mobile/src/main/res/drawable/onboarding_io_19.xml,XML,Android Views,xmlns:android=,https://github.com/google/iosched/blob/compose/mobile/src/main/res/drawable/onboarding_io_19.xml
google/iosched@compose,mobile/src/main/res/drawable/onboarding_io_date_2019.xml,XML,Android Views,xmlns:android=,https://github.com/google/iosched/blob/compose/mobile/src/main/res/drawable/onboarding_io_date_2019.xml
google/iosched@compose,mobile/src/main/res/drawable/onboarding_schedule.xml,XML,Android Views,xmlns:android=,https://github.com/google/iosched/blob/compose/mobile/src/main/res/drawable/onboarding_schedule.xml
google/iosched@compose,mobile/src/main/res/drawable/page_margin.xml,XML,Android Views,xmlns:android=,https://github.com/google/iosched/blob/compose/mobile/src/main/res/drawable/page_margin.xml
google/iosched@compose,mobile/src/main/res/drawable/preview_window.xml,XML,Android Views,xmlns:android=,https://github.com/google/iosched/blob/compose/mobile/src/main/res/drawable/preview_window.xml
google/iosched@compose,mobile/src/main/res/drawable/signal_wifi_off.xml,XML,Android Views,xmlns:android=,https://github.com/google/iosched/blob/compose/mobile/src/main/res/drawable/signal_wifi_off.xml
google/iosched@compose,mobile/src/main/res/drawable/tab_indicator.xml,XML,Android Views,xmlns:android=,https://github.com/google/iosched/blob/compose/mobile/src/main/res/drawable/tab_indicator.xml
google/iosched@compose,mobile/src/main/res/drawable/unrated_thumb.xml,XML,Android Views,xmlns:android=,https://github.com/google/iosched/blob/compose/mobile/src/main/res/drawable/unrated_thumb.xml
google/iosched@compose,mobile/src/main/res/layout-w500dp/event_card_content.xml,XML,Android Views,xmlns:android=; android:layout_width; <TextView; <Button; <ImageView; <merge,https://github.com/google/iosched/blob/compose/mobile/src/main/res/layout-w500dp/event_card_content.xml
google/iosched@compose,mobile/src/main/res/layout-w720dp/activity_main.xml,XML,Android Views,xmlns:android=; android:layout_width; <FrameLayout,https://github.com/google/iosched/blob/compose/mobile/src/main/res/layout-w720dp/activity_main.xml
google/iosched@compose,mobile/src/main/res/layout-w840dp/item_codelab.xml,XML,Android Views,xmlns:android=; android:layout_width; <TextView; <ImageView,https://github.com/google/iosched/blob/compose/mobile/src/main/res/layout-w840dp/item_codelab.xml
google/iosched@compose,mobile/src/main/res/layout/activity_main.xml,XML,Android Views,xmlns:android=; android:layout_width; <FrameLayout,https://github.com/google/iosched/blob/compose/mobile/src/main/res/layout/activity_main.xml
google/iosched@compose,mobile/src/main/res/layout/activity_onboarding.xml,XML,Android Views,xmlns:android=; android:layout_width; <FrameLayout,https://github.com/google/iosched/blob/compose/mobile/src/main/res/layout/activity_onboarding.xml
google/iosched@compose,mobile/src/main/res/layout/activity_session_detail.xml,XML,Android Views,xmlns:android=; android:layout_width; <FrameLayout,https://github.com/google/iosched/blob/compose/mobile/src/main/res/layout/activity_session_detail.xml
google/iosched@compose,mobile/src/main/res/layout/collapsible_card_content.xml,XML,Android Views,xmlns:android=; android:layout_width; <LinearLayout; <TextView; <ImageView; <merge; android.widget,https://github.com/google/iosched/blob/compose/mobile/src/main/res/layout/collapsible_card_content.xml
google/iosched@compose,mobile/src/main/res/layout/countdown.xml,XML,Android Views,xmlns:android=; android:layout_width; <TextView; <merge,https://github.com/google/iosched/blob/compose/mobile/src/main/res/layout/countdown.xml
google/iosched@compose,mobile/src/main/res/layout/dialog_schedule_hints.xml,XML,Android Views,xmlns:android=; android:layout_width; <LinearLayout; <TextView,https://github.com/google/iosched/blob/compose/mobile/src/main/res/layout/dialog_schedule_hints.xml
google/iosched@compose,mobile/src/main/res/layout/dialog_sign_in.xml,XML,Android Views,xmlns:android=; android:layout_width; <TextView; <Button; <ImageView,https://github.com/google/iosched/blob/compose/mobile/src/main/res/layout/dialog_sign_in.xml
google/iosched@compose,mobile/src/main/res/layout/dialog_sign_out.xml,XML,Android Views,xmlns:android=; android:layout_width; <LinearLayout; <TextView; <Button; <ImageView,https://github.com/google/iosched/blob/compose/mobile/src/main/res/layout/dialog_sign_out.xml
google/iosched@compose,mobile/src/main/res/layout/event_card_content.xml,XML,Android Views,xmlns:android=; android:layout_width; <TextView; <Button; <ImageView; <merge,https://github.com/google/iosched/blob/compose/mobile/src/main/res/layout/event_card_content.xml
google/iosched@compose,mobile/src/main/res/layout/fading_snackbar_layout.xml,XML,Android Views,xmlns:android=; android:layout_width; <LinearLayout; <TextView; <Button; <merge,https://github.com/google/iosched/blob/compose/mobile/src/main/res/layout/fading_snackbar_layout.xml
google/iosched@compose,mobile/src/main/res/layout/fragment_agenda.xml,XML,Android Views,xmlns:android=; android:layout_width,https://github.com/google/iosched/blob/compose/mobile/src/main/res/layout/fragment_agenda.xml
google/iosched@compose,mobile/src/main/res/layout/fragment_announcements.xml,XML,Android Views,xmlns:android=; android:layout_width; <LinearLayout; android.view,https://github.com/google/iosched/blob/compose/mobile/src/main/res/layout/fragment_announcements.xml
google/iosched@compose,mobile/src/main/res/layout/fragment_arcore_not_supported.xml,XML,Android Views,xmlns:android=; android:layout_width; <TextView; <ImageView,https://github.com/google/iosched/blob/compose/mobile/src/main/res/layout/fragment_arcore_not_supported.xml
google/iosched@compose,mobile/src/main/res/layout/fragment_codelabs.xml,XML,Android Views,xmlns:android=; android:layout_width,https://github.com/google/iosched/blob/compose/mobile/src/main/res/layout/fragment_codelabs.xml
google/iosched@compose,mobile/src/main/res/layout/fragment_feed.xml,XML,Android Views,xmlns:android=; android:layout_width; android.view,https://github.com/google/iosched/blob/compose/mobile/src/main/res/layout/fragment_feed.xml
google/iosched@compose,mobile/src/main/res/layout/fragment_filters.xml,XML,Android Views,xmlns:android=; android:layout_width; <TextView; <Button,https://github.com/google/iosched/blob/compose/mobile/src/main/res/layout/fragment_filters.xml
google/iosched@compose,mobile/src/main/res/layout/fragment_info.xml,XML,Android Views,xmlns:android=; android:layout_width,https://github.com/google/iosched/blob/compose/mobile/src/main/res/layout/fragment_info.xml
google/iosched@compose,mobile/src/main/res/layout/fragment_info_event.xml,XML,Android Views,xmlns:android=; android:layout_width; <TextView; <ImageView; <include,https://github.com/google/iosched/blob/compose/mobile/src/main/res/layout/fragment_info_event.xml
google/iosched@compose,mobile/src/main/res/layout/fragment_info_faq.xml,XML,Android Views,xmlns:android=; android:layout_width; <LinearLayout,https://github.com/google/iosched/blob/compose/mobile/src/main/res/layout/fragment_info_faq.xml
google/iosched@compose,mobile/src/main/res/layout/fragment_info_travel.xml,XML,Android Views,xmlns:android=; android:layout_width; <LinearLayout,https://github.com/google/iosched/blob/compose/mobile/src/main/res/layout/fragment_info_travel.xml
google/iosched@compose,mobile/src/main/res/layout/fragment_map.xml,XML,Android Views,xmlns:android=; android:layout_width; <TextView; <ImageView,https://github.com/google/iosched/blob/compose/mobile/src/main/res/layout/fragment_map.xml
google/iosched@compose,mobile/src/main/res/layout/fragment_map_variant_select.xml,XML,Android Views,xmlns:android=; android:layout_width,https://github.com/google/iosched/blob/compose/mobile/src/main/res/layout/fragment_map_variant_select.xml
google/iosched@compose,mobile/src/main/res/layout/fragment_no_network.xml,XML,Android Views,xmlns:android=; android:layout_width; <TextView; <ImageView,https://github.com/google/iosched/blob/compose/mobile/src/main/res/layout/fragment_no_network.xml
google/iosched@compose,mobile/src/main/res/layout/fragment_onboarding.xml,XML,Android Views,xmlns:android=; android:layout_width; <Button,https://github.com/google/iosched/blob/compose/mobile/src/main/res/layout/fragment_onboarding.xml
google/iosched@compose,mobile/src/main/res/layout/fragment_onboarding_signin.xml,XML,Android Views,xmlns:android=; android:layout_width; <TextView; <Button; <ImageView,https://github.com/google/iosched/blob/compose/mobile/src/main/res/layout/fragment_onboarding_signin.xml
google/iosched@compose,mobile/src/main/res/layout/fragment_onboarding_welcome_during.xml,XML,Android Views,xmlns:android=; android:layout_width; <TextView; <Button; <ImageView,https://github.com/google/iosched/blob/compose/mobile/src/main/res/layout/fragment_onboarding_welcome_during.xml
google/iosched@compose,mobile/src/main/res/layout/fragment_onboarding_welcome_post.xml,XML,Android Views,xmlns:android=; android:layout_width; <TextView; <ImageView,https://github.com/google/iosched/blob/compose/mobile/src/main/res/layout/fragment_onboarding_welcome_post.xml
google/iosched@compose,mobile/src/main/res/layout/fragment_onboarding_welcome_pre.xml,XML,Android Views,xmlns:android=; android:layout_width; <TextView; <Button; <ImageView,https://github.com/google/iosched/blob/compose/mobile/src/main/res/layout/fragment_onboarding_welcome_pre.xml
google/iosched@compose,mobile/src/main/res/layout/fragment_schedule.xml,XML,Android Views,xmlns:android=; android:layout_width; <TextView,https://github.com/google/iosched/blob/compose/mobile/src/main/res/layout/fragment_schedule.xml
google/iosched@compose,mobile/src/main/res/layout/fragment_schedule_two_pane.xml,XML,Android Views,xmlns:android=; android:layout_width; <FrameLayout,https://github.com/google/iosched/blob/compose/mobile/src/main/res/layout/fragment_schedule_two_pane.xml
google/iosched@compose,mobile/src/main/res/layout/fragment_search.xml,XML,Android Views,xmlns:android=; android:layout_width; <LinearLayout; <TextView,https://github.com/google/iosched/blob/compose/mobile/src/main/res/layout/fragment_search.xml
google/iosched@compose,mobile/src/main/res/layout/fragment_session_detail.xml,XML,Android Views,xmlns:android=; android:layout_width; <ImageView,https://github.com/google/iosched/blob/compose/mobile/src/main/res/layout/fragment_session_detail.xml
google/iosched@compose,mobile/src/main/res/layout/fragment_session_feedback.xml,XML,Android Views,xmlns:android=; android:layout_width,https://github.com/google/iosched/blob/compose/mobile/src/main/res/layout/fragment_session_feedback.xml
google/iosched@compose,mobile/src/main/res/layout/fragment_settings.xml,XML,Android Views,xmlns:android=; android:layout_width; <RelativeLayout,https://github.com/google/iosched/blob/compose/mobile/src/main/res/layout/fragment_settings.xml
google/iosched@compose,mobile/src/main/res/layout/fragment_speaker.xml,XML,Android Views,xmlns:android=; android:layout_width; <ImageView,https://github.com/google/iosched/blob/compose/mobile/src/main/res/layout/fragment_speaker.xml
google/iosched@compose,mobile/src/main/res/layout/include_agenda_contents.xml,XML,Android Views,xmlns:android=; android:layout_width; <TextView; <ImageView; <merge,https://github.com/google/iosched/blob/compose/mobile/src/main/res/layout/include_agenda_contents.xml
google/iosched@compose,mobile/src/main/res/layout/info_wifi_card.xml,XML,Android Views,xmlns:android=; android:layout_width; <LinearLayout; <TextView; <Button,https://github.com/google/iosched/blob/compose/mobile/src/main/res/layout/info_wifi_card.xml
google/iosched@compose,mobile/src/main/res/layout/item_agenda_dark.xml,XML,Android Views,xmlns:android=; android:layout_width; <include,https://github.com/google/iosched/blob/compose/mobile/src/main/res/layout/item_agenda_dark.xml
google/iosched@compose,mobile/src/main/res/layout/item_agenda_light.xml,XML,Android Views,xmlns:android=; android:layout_width; <include,https://github.com/google/iosched/blob/compose/mobile/src/main/res/layout/item_agenda_light.xml
google/iosched@compose,mobile/src/main/res/layout/item_codelab.xml,XML,Android Views,xmlns:android=; android:layout_width; <TextView; <Button; <ImageView,https://github.com/google/iosched/blob/compose/mobile/src/main/res/layout/item_codelab.xml
google/iosched@compose,mobile/src/main/res/layout/item_codelabs_information_card.xml,XML,Android Views,xmlns:android=; android:layout_width; <LinearLayout; <TextView; <Button,https://github.com/google/iosched/blob/compose/mobile/src/main/res/layout/item_codelabs_information_card.xml
google/iosched@compose,mobile/src/main/res/layout/item_feed_announcement.xml,XML,Android Views,xmlns:android=; android:layout_width; <TextView; <ImageView,https://github.com/google/iosched/blob/compose/mobile/src/main/res/layout/item_feed_announcement.xml
google/iosched@compose,mobile/src/main/res/layout/item_feed_announcements_empty.xml,XML,Android Views,xmlns:android=; android:layout_width; <TextView,https://github.com/google/iosched/blob/compose/mobile/src/main/res/layout/item_feed_announcements_empty.xml
google/iosched@compose,mobile/src/main/res/layout/item_feed_announcements_header.xml,XML,Android Views,xmlns:android=; android:layout_width; <TextView; <Button,https://github.com/google/iosched/blob/compose/mobile/src/main/res/layout/item_feed_announcements_header.xml
google/iosched@compose,mobile/src/main/res/layout/item_feed_announcements_loading.xml,XML,Android Views,xmlns:android=; android:layout_width,https://github.com/google/iosched/blob/compose/mobile/src/main/res/layout/item_feed_announcements_loading.xml
google/iosched@compose,mobile/src/main/res/layout/item_feed_countdown.xml,XML,Android Views,xmlns:android=; android:layout_width,https://github.com/google/iosched/blob/compose/mobile/src/main/res/layout/item_feed_countdown.xml
google/iosched@compose,mobile/src/main/res/layout/item_feed_moment.xml,XML,Android Views,xmlns:android=; android:layout_width; <Button; <ImageView,https://github.com/google/iosched/blob/compose/mobile/src/main/res/layout/item_feed_moment.xml
google/iosched@compose,mobile/src/main/res/layout/item_feed_session.xml,XML,Android Views,xmlns:android=; android:layout_width; <LinearLayout; <TextView; <Button; <ImageView; android.view,https://github.com/google/iosched/blob/compose/mobile/src/main/res/layout/item_feed_session.xml
google/iosched@compose,mobile/src/main/res/layout/item_feed_sessions_container.xml,XML,Android Views,xmlns:android=; android:layout_width; <LinearLayout; <TextView; <Button,https://github.com/google/iosched/blob/compose/mobile/src/main/res/layout/item_feed_sessions_container.xml
google/iosched@compose,mobile/src/main/res/layout/item_feed_social_channels.xml,XML,Android Views,xmlns:android=; android:layout_width; <TextView,https://github.com/google/iosched/blob/compose/mobile/src/main/res/layout/item_feed_social_channels.xml
google/iosched@compose,mobile/src/main/res/layout/item_feed_sustainability.xml,XML,Android Views,xmlns:android=; android:layout_width; <TextView; <Button,https://github.com/google/iosched/blob/compose/mobile/src/main/res/layout/item_feed_sustainability.xml
google/iosched@compose,mobile/src/main/res/layout/item_filter_chip_closeable.xml,XML,Android Views,xmlns:android=; android:layout_width,https://github.com/google/iosched/blob/compose/mobile/src/main/res/layout/item_filter_chip_closeable.xml
google/iosched@compose,mobile/src/main/res/layout/item_filter_chip_selectable.xml,XML,Android Views,xmlns:android=; android:layout_width,https://github.com/google/iosched/blob/compose/mobile/src/main/res/layout/item_filter_chip_selectable.xml
google/iosched@compose,mobile/src/main/res/layout/item_generic_section_header.xml,XML,Android Views,xmlns:android=; android:layout_width; <TextView,https://github.com/google/iosched/blob/compose/mobile/src/main/res/layout/item_generic_section_header.xml
google/iosched@compose,mobile/src/main/res/layout/item_inline_tag.xml,XML,Android Views,xmlns:android=; android:layout_width; <TextView,https://github.com/google/iosched/blob/compose/mobile/src/main/res/layout/item_inline_tag.xml
google/iosched@compose,mobile/src/main/res/layout/item_map_variant.xml,XML,Android Views,xmlns:android=; android:layout_width,https://github.com/google/iosched/blob/compose/mobile/src/main/res/layout/item_map_variant.xml
google/iosched@compose,mobile/src/main/res/layout/item_question.xml,XML,Android Views,xmlns:android=; android:layout_width; <TextView,https://github.com/google/iosched/blob/compose/mobile/src/main/res/layout/item_question.xml
google/iosched@compose,mobile/src/main/res/layout/item_schedule_day_indicator.xml,XML,Android Views,xmlns:android=; android:layout_width,https://github.com/google/iosched/blob/compose/mobile/src/main/res/layout/item_schedule_day_indicator.xml
google/iosched@compose,mobile/src/main/res/layout/item_session.xml,XML,Android Views,xmlns:android=; android:layout_width; <TextView; <ImageView,https://github.com/google/iosched/blob/compose/mobile/src/main/res/layout/item_session.xml
google/iosched@compose,mobile/src/main/res/layout/item_session_info.xml,XML,Android Views,xmlns:android=; android:layout_width; <TextView; <Button; <ImageView,https://github.com/google/iosched/blob/compose/mobile/src/main/res/layout/item_session_info.xml
google/iosched@compose,mobile/src/main/res/layout/item_speaker.xml,XML,Android Views,xmlns:android=; android:layout_width; <TextView; <ImageView,https://github.com/google/iosched/blob/compose/mobile/src/main/res/layout/item_speaker.xml
google/iosched@compose,mobile/src/main/res/layout/item_speaker_info.xml,XML,Android Views,xmlns:android=; android:layout_width; <TextView; <Button,https://github.com/google/iosched/blob/compose/mobile/src/main/res/layout/item_speaker_info.xml
google/iosched@compose,mobile/src/main/res/layout/navigation_header.xml,XML,Android Views,xmlns:android=; android:layout_width; <LinearLayout; <ImageView,https://github.com/google/iosched/blob/compose/mobile/src/main/res/layout/navigation_header.xml
google/iosched@compose,mobile/src/main/res/layout/navigation_rail_header.xml,XML,Android Views,xmlns:android=; android:layout_width; <ImageView,https://github.com/google/iosched/blob/compose/mobile/src/main/res/layout/navigation_rail_header.xml
google/iosched@compose,mobile/src/main/res/layout/search_active_filters_narrow.xml,XML,Android Views,xmlns:android=; android:layout_width,https://github.com/google/iosched/blob/compose/mobile/src/main/res/layout/search_active_filters_narrow.xml
google/iosched@compose,mobile/src/main/res/layout/search_active_filters_wide.xml,XML,Android Views,xmlns:android=; android:layout_width,https://github.com/google/iosched/blob/compose/mobile/src/main/res/layout/search_active_filters_wide.xml
google/iosched@compose,mobile/src/main/res/menu/bar_navigation.xml,XML,Android Views,xmlns:android=,https://github.com/google/iosched/blob/compose/mobile/src/main/res/menu/bar_navigation.xml
google/iosched@compose,mobile/src/main/res/menu/codelabs_menu.xml,XML,Android Views,xmlns:android=,https://github.com/google/iosched/blob/compose/mobile/src/main/res/menu/codelabs_menu.xml
google/iosched@compose,mobile/src/main/res/menu/drawer_navigation.xml,XML,Android Views,xmlns:android=,https://github.com/google/iosched/blob/compose/mobile/src/main/res/menu/drawer_navigation.xml
google/iosched@compose,mobile/src/main/res/menu/map_menu.xml,XML,Android Views,xmlns:android=,https://github.com/google/iosched/blob/compose/mobile/src/main/res/menu/map_menu.xml
google/iosched@compose,mobile/src/main/res/menu/profile.xml,XML,Android Views,xmlns:android=,https://github.com/google/iosched/blob/compose/mobile/src/main/res/menu/profile.xml
google/iosched@compose,mobile/src/main/res/menu/schedule_menu.xml,XML,Android Views,xmlns:android=,https://github.com/google/iosched/blob/compose/mobile/src/main/res/menu/schedule_menu.xml
google/iosched@compose,mobile/src/main/res/menu/search_menu.xml,XML,Android Views,xmlns:android=,https://github.com/google/iosched/blob/compose/mobile/src/main/res/menu/search_menu.xml
google/iosched@compose,mobile/src/main/res/menu/session_detail_menu.xml,XML,Android Views,xmlns:android=,https://github.com/google/iosched/blob/compose/mobile/src/main/res/menu/session_detail_menu.xml
google/iosched@compose,mobile/src/main/res/navigation/nav_graph.xml,XML,Android Views,xmlns:android=,https://github.com/google/iosched/blob/compose/mobile/src/main/res/navigation/nav_graph.xml
google/iosched@compose,mobile/src/main/res/navigation/schedule_detail.xml,XML,Android Views,xmlns:android=,https://github.com/google/iosched/blob/compose/mobile/src/main/res/navigation/schedule_detail.xml
google/iosched@compose,mobile/src/main/res/navigation/schedule_list.xml,XML,Android Views,xmlns:android=,https://github.com/google/iosched/blob/compose/mobile/src/main/res/navigation/schedule_list.xml
google/iosched@compose,mobile/src/main/res/transition/codelab_toggle.xml,XML,Android Views,xmlns:android=,https://github.com/google/iosched/blob/compose/mobile/src/main/res/transition/codelab_toggle.xml
google/iosched@compose,mobile/src/main/res/transition/info_card_toggle.xml,XML,Android Views,xmlns:android=,https://github.com/google/iosched/blob/compose/mobile/src/main/res/transition/info_card_toggle.xml
google/iosched@compose,mobile/src/main/res/transition/speaker_shared_enter.xml,XML,Android Views,xmlns:android=,https://github.com/google/iosched/blob/compose/mobile/src/main/res/transition/speaker_shared_enter.xml
Stypox/dicio-android,app/build.gradle.kts,Kotlin,Android Views,viewBinding,https://github.com/Stypox/dicio-android/blob/HEAD/app/build.gradle.kts
Stypox/dicio-android,app/src/androidTest/kotlin/org/stypox/dicio/screenshot/ScreenshotTakerTest.kt,Kotlin,Jetpack Compose,androidx.compose,https://github.com/Stypox/dicio-android/blob/HEAD/app/src/androidTest/kotlin/org/stypox/dicio/screenshot/ScreenshotTakerTest.kt
Stypox/dicio-android,app/src/androidTest/kotlin/org/stypox/dicio/screenshot/ScreenshotUtil.kt,Kotlin,Jetpack Compose,androidx.compose,https://github.com/Stypox/dicio-android/blob/HEAD/app/src/androidTest/kotlin/org/stypox/dicio/screenshot/ScreenshotUtil.kt
Stypox/dicio-android,app/src/main/AndroidManifest.xml,XML,Android Views,xmlns:android=,https://github.com/Stypox/dicio-android/blob/HEAD/app/src/main/AndroidManifest.xml
Stypox/dicio-android,app/src/main/kotlin/org/stypox/dicio/MainActivity.kt,Kotlin,Jetpack Compose,androidx.compose; Box(; Surface(; Modifier.; MaterialTheme,https://github.com/Stypox/dicio-android/blob/HEAD/app/src/main/kotlin/org/stypox/dicio/MainActivity.kt
Stypox/dicio-android,app/src/main/kotlin/org/stypox/dicio/error/ErrorScreen.kt,Kotlin,Jetpack Compose,androidx.compose; @Composable; Scaffold(; Column(; Row(; Modifier.; MaterialTheme,https://github.com/Stypox/dicio-android/blob/HEAD/app/src/main/kotlin/org/stypox/dicio/error/ErrorScreen.kt
Stypox/dicio-android,app/src/main/kotlin/org/stypox/dicio/error/ErrorUtils.kt,Kotlin,Android Views,android.view.View,https://github.com/Stypox/dicio-android/blob/HEAD/app/src/main/kotlin/org/stypox/dicio/error/ErrorUtils.kt
Stypox/dicio-android,app/src/main/kotlin/org/stypox/dicio/io/graphical/ErrorSkillOutput.kt,Kotlin,Jetpack Compose,androidx.compose; @Composable; Column(,https://github.com/Stypox/dicio-android/blob/HEAD/app/src/main/kotlin/org/stypox/dicio/io/graphical/ErrorSkillOutput.kt
Stypox/dicio-android,app/src/main/kotlin/org/stypox/dicio/io/graphical/GraphicalOutputComponents.kt,Kotlin,Jetpack Compose,androidx.compose; @Composable; Modifier.; MaterialTheme,https://github.com/Stypox/dicio-android/blob/HEAD/app/src/main/kotlin/org/stypox/dicio/io/graphical/GraphicalOutputComponents.kt
Stypox/dicio-android,app/src/main/kotlin/org/stypox/dicio/io/graphical/HeadlineSpeechSkillOutput.kt,Kotlin,Jetpack Compose,androidx.compose; @Composable,https://github.com/Stypox/dicio-android/blob/HEAD/app/src/main/kotlin/org/stypox/dicio/io/graphical/HeadlineSpeechSkillOutput.kt
Stypox/dicio-android,app/src/main/kotlin/org/stypox/dicio/io/graphical/MissingPermissionsSkillOutput.kt,Kotlin,Jetpack Compose,androidx.compose; @Composable; Row(; Modifier.,https://github.com/Stypox/dicio-android/blob/HEAD/app/src/main/kotlin/org/stypox/dicio/io/graphical/MissingPermissionsSkillOutput.kt
Stypox/dicio-android,app/src/main/kotlin/org/stypox/dicio/io/input/stt_popup/SttPopup.kt,Kotlin,Jetpack Compose,androidx.compose; @Composable; Scaffold(; Column(; Row(; Box(; Modifier.; MaterialTheme,https://github.com/Stypox/dicio-android/blob/HEAD/app/src/main/kotlin/org/stypox/dicio/io/input/stt_popup/SttPopup.kt
Stypox/dicio-android,app/src/main/kotlin/org/stypox/dicio/settings/Definitions.kt,Kotlin,Jetpack Compose,androidx.compose; @Composable,https://github.com/Stypox/dicio-android/blob/HEAD/app/src/main/kotlin/org/stypox/dicio/settings/Definitions.kt
Stypox/dicio-android,app/src/main/kotlin/org/stypox/dicio/settings/MainSettingsScreen.kt,Kotlin,Jetpack Compose,androidx.compose; @Composable; Scaffold(; Column(; LazyColumn(; Surface(; Modifier.; MaterialTheme; androidx.activity.compose,https://github.com/Stypox/dicio-android/blob/HEAD/app/src/main/kotlin/org/stypox/dicio/settings/MainSettingsScreen.kt
Stypox/dicio-android,app/src/main/kotlin/org/stypox/dicio/settings/SkillSettingsScreen.kt,Kotlin,Jetpack Compose,androidx.compose; @Composable; Scaffold(; Column(; Row(; LazyColumn(; Surface(; Modifier.; MaterialTheme,https://github.com/Stypox/dicio-android/blob/HEAD/app/src/main/kotlin/org/stypox/dicio/settings/SkillSettingsScreen.kt
Stypox/dicio-android,app/src/main/kotlin/org/stypox/dicio/settings/ui/Setting.kt,Kotlin,Jetpack Compose,androidx.compose; @Composable; remember {; LaunchedEffect; Column(; Row(; Box(; LazyColumn(; Modifier.; MaterialTheme,https://github.com/Stypox/dicio-android/blob/HEAD/app/src/main/kotlin/org/stypox/dicio/settings/ui/Setting.kt
Stypox/dicio-android,app/src/main/kotlin/org/stypox/dicio/settings/ui/SettingsCategory.kt,Kotlin,Jetpack Compose,androidx.compose; @Composable; MaterialTheme,https://github.com/Stypox/dicio-android/blob/HEAD/app/src/main/kotlin/org/stypox/dicio/settings/ui/SettingsCategory.kt
Stypox/dicio-android,app/src/main/kotlin/org/stypox/dicio/settings/ui/SettingsItem.kt,Kotlin,Jetpack Compose,androidx.compose; @Composable; remember {; Column(; Row(; Modifier.; MaterialTheme,https://github.com/Stypox/dicio-android/blob/HEAD/app/src/main/kotlin/org/stypox/dicio/settings/ui/SettingsItem.kt
Stypox/dicio-android,app/src/main/kotlin/org/stypox/dicio/skills/calculator/CalculatorInfo.kt,Kotlin,Jetpack Compose,androidx.compose; @Composable,https://github.com/Stypox/dicio-android/blob/HEAD/app/src/main/kotlin/org/stypox/dicio/skills/calculator/CalculatorInfo.kt
Stypox/dicio-android,app/src/main/kotlin/org/stypox/dicio/skills/calculator/CalculatorOutput.kt,Kotlin,Jetpack Compose,androidx.compose; @Composable,https://github.com/Stypox/dicio-android/blob/HEAD/app/src/main/kotlin/org/stypox/dicio/skills/calculator/CalculatorOutput.kt
Stypox/dicio-android,app/src/main/kotlin/org/stypox/dicio/skills/current_time/CurrentTimeInfo.kt,Kotlin,Jetpack Compose,androidx.compose; @Composable,https://github.com/Stypox/dicio-android/blob/HEAD/app/src/main/kotlin/org/stypox/dicio/skills/current_time/CurrentTimeInfo.kt
Stypox/dicio-android,app/src/main/kotlin/org/stypox/dicio/skills/fallback/text/TextFallbackInfo.kt,Kotlin,Jetpack Compose,androidx.compose; @Composable,https://github.com/Stypox/dicio-android/blob/HEAD/app/src/main/kotlin/org/stypox/dicio/skills/fallback/text/TextFallbackInfo.kt
Stypox/dicio-android,app/src/main/kotlin/org/stypox/dicio/skills/flashlight/FlashlightInfo.kt,Kotlin,Jetpack Compose,androidx.compose; @Composable,https://github.com/Stypox/dicio-android/blob/HEAD/app/src/main/kotlin/org/stypox/dicio/skills/flashlight/FlashlightInfo.kt
Stypox/dicio-android,app/src/main/kotlin/org/stypox/dicio/skills/flashlight/FlashlightOutput.kt,Kotlin,Jetpack Compose,androidx.compose; @Composable; Column(,https://github.com/Stypox/dicio-android/blob/HEAD/app/src/main/kotlin/org/stypox/dicio/skills/flashlight/FlashlightOutput.kt
Stypox/dicio-android,app/src/main/kotlin/org/stypox/dicio/skills/joke/JokeInfo.kt,Kotlin,Jetpack Compose,androidx.compose; @Composable,https://github.com/Stypox/dicio-android/blob/HEAD/app/src/main/kotlin/org/stypox/dicio/skills/joke/JokeInfo.kt
Stypox/dicio-android,app/src/main/kotlin/org/stypox/dicio/skills/joke/JokeOutput.kt,Kotlin,Jetpack Compose,androidx.compose; @Composable; Column(,https://github.com/Stypox/dicio-android/blob/HEAD/app/src/main/kotlin/org/stypox/dicio/skills/joke/JokeOutput.kt
Stypox/dicio-android,app/src/main/kotlin/org/stypox/dicio/skills/listening/ListeningInfo.kt,Kotlin,Jetpack Compose,androidx.compose; @Composable,https://github.com/Stypox/dicio-android/blob/HEAD/app/src/main/kotlin/org/stypox/dicio/skills/listening/ListeningInfo.kt
Stypox/dicio-android,app/src/main/kotlin/org/stypox/dicio/skills/lyrics/LyricsInfo.kt,Kotlin,Jetpack Compose,androidx.compose; @Composable,https://github.com/Stypox/dicio-android/blob/HEAD/app/src/main/kotlin/org/stypox/dicio/skills/lyrics/LyricsInfo.kt
Stypox/dicio-android,app/src/main/kotlin/org/stypox/dicio/skills/lyrics/LyricsOutput.kt,Kotlin,Jetpack Compose,androidx.compose; @Composable; Modifier.,https://github.com/Stypox/dicio-android/blob/HEAD/app/src/main/kotlin/org/stypox/dicio/skills/lyrics/LyricsOutput.kt
Stypox/dicio-android,app/src/main/kotlin/org/stypox/dicio/skills/media/MediaInfo.kt,Kotlin,Jetpack Compose,androidx.compose; @Composable,https://github.com/Stypox/dicio-android/blob/HEAD/app/src/main/kotlin/org/stypox/dicio/skills/media/MediaInfo.kt
Stypox/dicio-android,app/src/main/kotlin/org/stypox/dicio/skills/navigation/NavigationInfo.kt,Kotlin,Jetpack Compose,androidx.compose; @Composable,https://github.com/Stypox/dicio-android/blob/HEAD/app/src/main/kotlin/org/stypox/dicio/skills/navigation/NavigationInfo.kt
Stypox/dicio-android,app/src/main/kotlin/org/stypox/dicio/skills/notify/NotifyInfo.kt,Kotlin,Jetpack Compose,androidx.compose; @Composable,https://github.com/Stypox/dicio-android/blob/HEAD/app/src/main/kotlin/org/stypox/dicio/skills/notify/NotifyInfo.kt
Stypox/dicio-android,app/src/main/kotlin/org/stypox/dicio/skills/notify/NotifyOutput.kt,Kotlin,Jetpack Compose,androidx.compose; @Composable; Column(; Box(; MaterialTheme,https://github.com/Stypox/dicio-android/blob/HEAD/app/src/main/kotlin/org/stypox/dicio/skills/notify/NotifyOutput.kt
Stypox/dicio-android,app/src/main/kotlin/org/stypox/dicio/skills/open/OpenInfo.kt,Kotlin,Jetpack Compose,androidx.compose; @Composable,https://github.com/Stypox/dicio-android/blob/HEAD/app/src/main/kotlin/org/stypox/dicio/skills/open/OpenInfo.kt
Stypox/dicio-android,app/src/main/kotlin/org/stypox/dicio/skills/open/OpenOutput.kt,Kotlin,Jetpack Compose,androidx.compose; @Composable; remember {; Column(; Row(; Modifier.; MaterialTheme,https://github.com/Stypox/dicio-android/blob/HEAD/app/src/main/kotlin/org/stypox/dicio/skills/open/OpenOutput.kt
Stypox/dicio-android,app/src/main/kotlin/org/stypox/dicio/skills/search/SearchInfo.kt,Kotlin,Jetpack Compose,androidx.compose; @Composable,https://github.com/Stypox/dicio-android/blob/HEAD/app/src/main/kotlin/org/stypox/dicio/skills/search/SearchInfo.kt
Stypox/dicio-android,app/src/main/kotlin/org/stypox/dicio/skills/search/SearchOutput.kt,Kotlin,Jetpack Compose,androidx.compose; @Composable; Column(; Row(; Modifier.; MaterialTheme,https://github.com/Stypox/dicio-android/blob/HEAD/app/src/main/kotlin/org/stypox/dicio/skills/search/SearchOutput.kt
Stypox/dicio-android,app/src/main/kotlin/org/stypox/dicio/skills/telephone/ConfirmCallOutput.kt,Kotlin,Jetpack Compose,androidx.compose; @Composable; Modifier.,https://github.com/Stypox/dicio-android/blob/HEAD/app/src/main/kotlin/org/stypox/dicio/skills/telephone/ConfirmCallOutput.kt
Stypox/dicio-android,app/src/main/kotlin/org/stypox/dicio/skills/telephone/ConfirmedCallOutput.kt,Kotlin,Jetpack Compose,androidx.compose; @Composable,https://github.com/Stypox/dicio-android/blob/HEAD/app/src/main/kotlin/org/stypox/dicio/skills/telephone/ConfirmedCallOutput.kt
Stypox/dicio-android,app/src/main/kotlin/org/stypox/dicio/skills/telephone/TelephoneInfo.kt,Kotlin,Jetpack Compose,androidx.compose; @Composable,https://github.com/Stypox/dicio-android/blob/HEAD/app/src/main/kotlin/org/stypox/dicio/skills/telephone/TelephoneInfo.kt
Stypox/dicio-android,app/src/main/kotlin/org/stypox/dicio/skills/telephone/TelephoneOutput.kt,Kotlin,Jetpack Compose,androidx.compose; @Composable; Modifier.; MaterialTheme,https://github.com/Stypox/dicio-android/blob/HEAD/app/src/main/kotlin/org/stypox/dicio/skills/telephone/TelephoneOutput.kt
Stypox/dicio-android,app/src/main/kotlin/org/stypox/dicio/skills/timer/SetTimer.kt,Kotlin,Jetpack Compose,androidx.compose,https://github.com/Stypox/dicio-android/blob/HEAD/app/src/main/kotlin/org/stypox/dicio/skills/timer/SetTimer.kt
Stypox/dicio-android,app/src/main/kotlin/org/stypox/dicio/skills/timer/TimerInfo.kt,Kotlin,Jetpack Compose,androidx.compose; @Composable,https://github.com/Stypox/dicio-android/blob/HEAD/app/src/main/kotlin/org/stypox/dicio/skills/timer/TimerInfo.kt
Stypox/dicio-android,app/src/main/kotlin/org/stypox/dicio/skills/timer/TimerOutput.kt,Kotlin,Jetpack Compose,androidx.compose; @Composable,https://github.com/Stypox/dicio-android/blob/HEAD/app/src/main/kotlin/org/stypox/dicio/skills/timer/TimerOutput.kt
Stypox/dicio-android,app/src/main/kotlin/org/stypox/dicio/skills/translation/TranslationInfo.kt,Kotlin,Jetpack Compose,androidx.compose; @Composable,https://github.com/Stypox/dicio-android/blob/HEAD/app/src/main/kotlin/org/stypox/dicio/skills/translation/TranslationInfo.kt
Stypox/dicio-android,app/src/main/kotlin/org/stypox/dicio/skills/translation/TranslationOutput.kt,Kotlin,Jetpack Compose,androidx.compose; @Composable; Column(; Row(; Surface(; Modifier.; MaterialTheme,https://github.com/Stypox/dicio-android/blob/HEAD/app/src/main/kotlin/org/stypox/dicio/skills/translation/TranslationOutput.kt
Stypox/dicio-android,app/src/main/kotlin/org/stypox/dicio/skills/weather/WeatherInfo.kt,Kotlin,Jetpack Compose,androidx.compose; @Composable; rememberCoroutineScope,https://github.com/Stypox/dicio-android/blob/HEAD/app/src/main/kotlin/org/stypox/dicio/skills/weather/WeatherInfo.kt
Stypox/dicio-android,app/src/main/kotlin/org/stypox/dicio/skills/weather/WeatherOutput.kt,Kotlin,Jetpack Compose,androidx.compose; @Composable; Column(; Row(; Modifier.; MaterialTheme,https://github.com/Stypox/dicio-android/blob/HEAD/app/src/main/kotlin/org/stypox/dicio/skills/weather/WeatherOutput.kt
Stypox/dicio-android,app/src/main/kotlin/org/stypox/dicio/ui/about/AboutScreen.kt,Kotlin,Jetpack Compose,androidx.compose; @Composable; Scaffold(; Column(; Row(; LazyColumn(; Modifier.; MaterialTheme,https://github.com/Stypox/dicio-android/blob/HEAD/app/src/main/kotlin/org/stypox/dicio/ui/about/AboutScreen.kt
Stypox/dicio-android,app/src/main/kotlin/org/stypox/dicio/ui/about/DicioSquircleIcon.kt,Kotlin,Jetpack Compose,androidx.compose; @Composable; Column(,https://github.com/Stypox/dicio-android/blob/HEAD/app/src/main/kotlin/org/stypox/dicio/ui/about/DicioSquircleIcon.kt
Stypox/dicio-android,app/src/main/kotlin/org/stypox/dicio/ui/home/HomeScreen.kt,Kotlin,Jetpack Compose,androidx.compose; @Composable; rememberCoroutineScope; remember {; Scaffold(; Modifier.,https://github.com/Stypox/dicio-android/blob/HEAD/app/src/main/kotlin/org/stypox/dicio/ui/home/HomeScreen.kt
Stypox/dicio-android,app/src/main/kotlin/org/stypox/dicio/ui/home/HomeScreenViewModel.kt,Kotlin,Jetpack Compose,androidx.compose,https://github.com/Stypox/dicio-android/blob/HEAD/app/src/main/kotlin/org/stypox/dicio/ui/home/HomeScreenViewModel.kt
Stypox/dicio-android,app/src/main/kotlin/org/stypox/dicio/ui/home/InteractionComponents.kt,Kotlin,Jetpack Compose,androidx.compose; @Composable; rememberCoroutineScope; LaunchedEffect; Column(; Row(; Box(; LazyColumn(; Modifier.; MaterialTheme,https://github.com/Stypox/dicio-android/blob/HEAD/app/src/main/kotlin/org/stypox/dicio/ui/home/InteractionComponents.kt
Stypox/dicio-android,app/src/main/kotlin/org/stypox/dicio/ui/home/SttButton.kt,Kotlin,Jetpack Compose,androidx.compose; @Composable; remember {; LaunchedEffect; Column(; Row(; Modifier.,https://github.com/Stypox/dicio-android/blob/HEAD/app/src/main/kotlin/org/stypox/dicio/ui/home/SttButton.kt
Stypox/dicio-android,app/src/main/kotlin/org/stypox/dicio/ui/home/WakeWordWidget.kt,Kotlin,Jetpack Compose,androidx.compose; @Composable; Row(; Modifier.; MaterialTheme,https://github.com/Stypox/dicio-android/blob/HEAD/app/src/main/kotlin/org/stypox/dicio/ui/home/WakeWordWidget.kt
Stypox/dicio-android,app/src/main/kotlin/org/stypox/dicio/ui/home/WhatICanDo.kt,Kotlin,Jetpack Compose,androidx.compose; @Composable; Row(; Surface(; Modifier.; MaterialTheme,https://github.com/Stypox/dicio-android/blob/HEAD/app/src/main/kotlin/org/stypox/dicio/ui/home/WhatICanDo.kt
Stypox/dicio-android,app/src/main/kotlin/org/stypox/dicio/ui/nav/AppBar.kt,Kotlin,Jetpack Compose,androidx.compose; @Composable; remember {; Box(; Modifier.; MaterialTheme; androidx.activity.compose,https://github.com/Stypox/dicio-android/blob/HEAD/app/src/main/kotlin/org/stypox/dicio/ui/nav/AppBar.kt
Stypox/dicio-android,app/src/main/kotlin/org/stypox/dicio/ui/nav/Drawer.kt,Kotlin,Jetpack Compose,androidx.compose; @Composable; Column(; Row(; Surface(; Modifier.; MaterialTheme,https://github.com/Stypox/dicio-android/blob/HEAD/app/src/main/kotlin/org/stypox/dicio/ui/nav/Drawer.kt
Stypox/dicio-android,app/src/main/kotlin/org/stypox/dicio/ui/nav/Navigation.kt,Kotlin,Jetpack Compose,androidx.compose; @Composable; rememberCoroutineScope,https://github.com/Stypox/dicio-android/blob/HEAD/app/src/main/kotlin/org/stypox/dicio/ui/nav/Navigation.kt
Stypox/dicio-android,app/src/main/kotlin/org/stypox/dicio/ui/theme/Color.kt,Kotlin,Jetpack Compose,androidx.compose,https://github.com/Stypox/dicio-android/blob/HEAD/app/src/main/kotlin/org/stypox/dicio/ui/theme/Color.kt
Stypox/dicio-android,app/src/main/kotlin/org/stypox/dicio/ui/theme/Theme.kt,Kotlin,Jetpack Compose,androidx.compose; @Composable; MaterialTheme,https://github.com/Stypox/dicio-android/blob/HEAD/app/src/main/kotlin/org/stypox/dicio/ui/theme/Theme.kt
Stypox/dicio-android,app/src/main/kotlin/org/stypox/dicio/ui/theme/Type.kt,Kotlin,Jetpack Compose,androidx.compose,https://github.com/Stypox/dicio-android/blob/HEAD/app/src/main/kotlin/org/stypox/dicio/ui/theme/Type.kt
Stypox/dicio-android,app/src/main/kotlin/org/stypox/dicio/ui/util/PreviewParameterProviders.kt,Kotlin,Jetpack Compose,androidx.compose; @Composable,https://github.com/Stypox/dicio-android/blob/HEAD/app/src/main/kotlin/org/stypox/dicio/ui/util/PreviewParameterProviders.kt
Stypox/dicio-android,app/src/main/kotlin/org/stypox/dicio/ui/util/ProgressIndicator.kt,Kotlin,Jetpack Compose,androidx.compose; @Composable,https://github.com/Stypox/dicio-android/blob/HEAD/app/src/main/kotlin/org/stypox/dicio/ui/util/ProgressIndicator.kt
Stypox/dicio-android,app/src/main/kotlin/org/stypox/dicio/util/BaseActivity.kt,Kotlin,Jetpack Compose,androidx.compose; @Composable; setContent {; remember {; androidx.activity.compose,https://github.com/Stypox/dicio-android/blob/HEAD/app/src/main/kotlin/org/stypox/dicio/util/BaseActivity.kt
Stypox/dicio-android,app/src/main/kotlin/org/stypox/dicio/util/PermissionUtils.kt,Kotlin,Jetpack Compose,androidx.compose; @Composable; remember {; androidx.activity.compose,https://github.com/Stypox/dicio-android/blob/HEAD/app/src/main/kotlin/org/stypox/dicio/util/PermissionUtils.kt
Stypox/dicio-android,app/src/main/res/drawable/ic_bug_report_white.xml,XML,Android Views,xmlns:android=,https://github.com/Stypox/dicio-android/blob/HEAD/app/src/main/res/drawable/ic_bug_report_white.xml
Stypox/dicio-android,app/src/main/res/drawable/ic_hearing_white.xml,XML,Android Views,xmlns:android=,https://github.com/Stypox/dicio-android/blob/HEAD/app/src/main/res/drawable/ic_hearing_white.xml
Stypox/dicio-android,app/src/main/res/drawable/ic_stop_circle_white.xml,XML,Android Views,xmlns:android=,https://github.com/Stypox/dicio-android/blob/HEAD/app/src/main/res/drawable/ic_stop_circle_white.xml
Stypox/dicio-android,app/src/main/res/mipmap-anydpi-v26/ic_launcher.xml,XML,Android Views,xmlns:android=,https://github.com/Stypox/dicio-android/blob/HEAD/app/src/main/res/mipmap-anydpi-v26/ic_launcher.xml
Stypox/dicio-android,app/src/main/res/mipmap-anydpi-v26/ic_stt_popup.xml,XML,Android Views,xmlns:android=,https://github.com/Stypox/dicio-android/blob/HEAD/app/src/main/res/mipmap-anydpi-v26/ic_stt_popup.xml
Stypox/dicio-android,app/src/main/res/xml/data_extraction_rules.xml,XML,Android Views,<include,https://github.com/Stypox/dicio-android/blob/HEAD/app/src/main/res/xml/data_extraction_rules.xml
Stypox/dicio-android,app/src/main/res/xml/full_backup_content.xml,XML,Android Views,<include,https://github.com/Stypox/dicio-android/blob/HEAD/app/src/main/res/xml/full_backup_content.xml
Stypox/dicio-android,app/src/main/res/xml/shortcuts.xml,XML,Android Views,xmlns:android=,https://github.com/Stypox/dicio-android/blob/HEAD/app/src/main/res/xml/shortcuts.xml
Stypox/dicio-android,app/src/main/res/xml/stt_service_metadata.xml,XML,Android Views,xmlns:android=,https://github.com/Stypox/dicio-android/blob/HEAD/app/src/main/res/xml/stt_service_metadata.xml
Stypox/dicio-android,app/src/test/kotlin/org/stypox/dicio/Mocks.kt,Kotlin,Jetpack Compose,androidx.compose; @Composable,https://github.com/Stypox/dicio-android/blob/HEAD/app/src/test/kotlin/org/stypox/dicio/Mocks.kt
Stypox/dicio-android,sentences-compiler-plugin/src/main/kotlin/org/stypox/dicio/sentencesCompilerPlugin/gen/GenerateSkillSentencesKt.kt,Kotlin,Jetpack Compose,Modifier.,https://github.com/Stypox/dicio-android/blob/HEAD/sentences-compiler-plugin/src/main/kotlin/org/stypox/dicio/sentencesCompilerPlugin/gen/GenerateSkillSentencesKt.kt
Stypox/dicio-android,skill/src/main/java/org/dicio/skill/skill/SkillInfo.kt,Kotlin,Jetpack Compose,androidx.compose; @Composable,https://github.com/Stypox/dicio-android/blob/HEAD/skill/src/main/java/org/dicio/skill/skill/SkillInfo.kt
Stypox/dicio-android,skill/src/main/java/org/dicio/skill/skill/SkillOutput.kt,Kotlin,Jetpack Compose,androidx.compose; @Composable,https://github.com/Stypox/dicio-android/blob/HEAD/skill/src/main/java/org/dicio/skill/skill/SkillOutput.kt
Stypox/dicio-android,skill/src/test/java/org/dicio/skill/Mocks.kt,Kotlin,Jetpack Compose,androidx.compose; @Composable,https://github.com/Stypox/dicio-android/blob/HEAD/skill/src/test/java/org/dicio/skill/Mocks.kt
Stypox/dicio-android,unicode-cldr-plugin/src/main/kotlin/org/stypox/dicio/unicodeCldrPlugin/gen/GenerateCldrLanguagesKt.kt,Kotlin,Jetpack Compose,Modifier.,https://github.com/Stypox/dicio-android/blob/HEAD/unicode-cldr-plugin/src/main/kotlin/org/stypox/dicio/unicodeCldrPlugin/gen/GenerateCldrLanguagesKt.kt
nameisjayant/News-feed-app-android-kotlin,app/src/main/AndroidManifest.xml,XML,Android Views,xmlns:android=,https://github.com/nameisjayant/News-feed-app-android-kotlin/blob/HEAD/app/src/main/AndroidManifest.xml
nameisjayant/News-feed-app-android-kotlin,app/src/main/java/com/codingwithjks/retrofit/Adapter/NewsAdapter.kt,Kotlin,Android Views,findViewById; LayoutInflater; android.widget.TextView; android.widget.ImageView; RecyclerView.Adapter; RecyclerView.ViewHolder; android.view.View; android.view.ViewGroup; setOnClickListener,https://github.com/nameisjayant/News-feed-app-android-kotlin/blob/HEAD/app/src/main/java/com/codingwithjks/retrofit/Adapter/NewsAdapter.kt
nameisjayant/News-feed-app-android-kotlin,app/src/main/java/com/codingwithjks/retrofit/Ui/MainActivity.kt,Kotlin,Android Views,findViewById; setContentView; android.view.View,https://github.com/nameisjayant/News-feed-app-android-kotlin/blob/HEAD/app/src/main/java/com/codingwithjks/retrofit/Ui/MainActivity.kt
nameisjayant/News-feed-app-android-kotlin,app/src/main/java/com/codingwithjks/retrofit/Ui/WebActivity.kt,Kotlin,Android Views,findViewById; setContentView,https://github.com/nameisjayant/News-feed-app-android-kotlin/blob/HEAD/app/src/main/java/com/codingwithjks/retrofit/Ui/WebActivity.kt
nameisjayant/News-feed-app-android-kotlin,app/src/main/res/drawable-v24/ic_launcher_foreground.xml,XML,Android Views,xmlns:android=,https://github.com/nameisjayant/News-feed-app-android-kotlin/blob/HEAD/app/src/main/res/drawable-v24/ic_launcher_foreground.xml
nameisjayant/News-feed-app-android-kotlin,app/src/main/res/drawable/ic_launcher_background.xml,XML,Android Views,xmlns:android=,https://github.com/nameisjayant/News-feed-app-android-kotlin/blob/HEAD/app/src/main/res/drawable/ic_launcher_background.xml
nameisjayant/News-feed-app-android-kotlin,app/src/main/res/layout/activity_main.xml,XML,Android Views,xmlns:android=; android:layout_width; <include,https://github.com/nameisjayant/News-feed-app-android-kotlin/blob/HEAD/app/src/main/res/layout/activity_main.xml
nameisjayant/News-feed-app-android-kotlin,app/src/main/res/layout/activity_web.xml,XML,Android Views,xmlns:android=; android:layout_width; <include,https://github.com/nameisjayant/News-feed-app-android-kotlin/blob/HEAD/app/src/main/res/layout/activity_web.xml
nameisjayant/News-feed-app-android-kotlin,app/src/main/res/layout/each_row.xml,XML,Android Views,xmlns:android=; android:layout_width; <TextView; <ImageView,https://github.com/nameisjayant/News-feed-app-android-kotlin/blob/HEAD/app/src/main/res/layout/each_row.xml
nameisjayant/News-feed-app-android-kotlin,app/src/main/res/layout/toolbar.xml,XML,Android Views,xmlns:android=; android:layout_width,https://github.com/nameisjayant/News-feed-app-android-kotlin/blob/HEAD/app/src/main/res/layout/toolbar.xml
nameisjayant/News-feed-app-android-kotlin,app/src/main/res/mipmap-anydpi-v26/ic_launcher.xml,XML,Android Views,xmlns:android=,https://github.com/nameisjayant/News-feed-app-android-kotlin/blob/HEAD/app/src/main/res/mipmap-anydpi-v26/ic_launcher.xml
nameisjayant/News-feed-app-android-kotlin,app/src/main/res/mipmap-anydpi-v26/ic_launcher_round.xml,XML,Android Views,xmlns:android=,https://github.com/nameisjayant/News-feed-app-android-kotlin/blob/HEAD/app/src/main/res/mipmap-anydpi-v26/ic_launcher_round.xml
trakt/showly,app/src/main/AndroidManifest.xml,XML,Android Views,xmlns:android=,https://github.com/trakt/showly/blob/HEAD/app/src/main/AndroidManifest.xml
trakt/showly,app/src/main/java/com/michaldrabik/showly2/ui/main/MainActivity.kt,Kotlin,Android Views,setContentView; android.view.View; android.view.ViewGroup; databinding; ActivityMainBinding,https://github.com/trakt/showly/blob/HEAD/app/src/main/java/com/michaldrabik/showly2/ui/main/MainActivity.kt
trakt/showly,app/src/main/java/com/michaldrabik/showly2/ui/main/delegates/TipsDelegate.kt,Kotlin,Android Views,databinding; ActivityMainBinding,https://github.com/trakt/showly/blob/HEAD/app/src/main/java/com/michaldrabik/showly2/ui/main/delegates/TipsDelegate.kt
trakt/showly,app/src/main/java/com/michaldrabik/showly2/ui/views/BottomMenuView.kt,Kotlin,Android Views,LayoutInflater; android.view.View; android.view.ViewGroup; databinding,https://github.com/trakt/showly/blob/HEAD/app/src/main/java/com/michaldrabik/showly2/ui/views/BottomMenuView.kt
trakt/showly,app/src/main/java/com/michaldrabik/showly2/ui/views/WelcomeLanguageView.kt,Kotlin,Android Views,LayoutInflater; android.view.View; android.view.ViewGroup; databinding,https://github.com/trakt/showly/blob/HEAD/app/src/main/java/com/michaldrabik/showly2/ui/views/WelcomeLanguageView.kt
trakt/showly,app/src/main/java/com/michaldrabik/showly2/ui/views/WelcomeNoteView.kt,Kotlin,Android Views,LayoutInflater; android.view.View; android.view.ViewGroup; databinding,https://github.com/trakt/showly/blob/HEAD/app/src/main/java/com/michaldrabik/showly2/ui/views/WelcomeNoteView.kt
trakt/showly,app/src/main/java/com/michaldrabik/showly2/ui/views/WhatsNewView.kt,Kotlin,Android Views,LayoutInflater; android.view.View; android.view.ViewGroup; databinding,https://github.com/trakt/showly/blob/HEAD/app/src/main/java/com/michaldrabik/showly2/ui/views/WhatsNewView.kt
trakt/showly,app/src/main/res/drawable/bg_bottom_menu.xml,XML,Android Views,xmlns:android=,https://github.com/trakt/showly/blob/HEAD/app/src/main/res/drawable/bg_bottom_menu.xml
trakt/showly,app/src/main/res/drawable/bg_dialog.xml,XML,Android Views,xmlns:android=,https://github.com/trakt/showly/blob/HEAD/app/src/main/res/drawable/bg_dialog.xml
trakt/showly,app/src/main/res/drawable/bg_status_view.xml,XML,Android Views,xmlns:android=,https://github.com/trakt/showly/blob/HEAD/app/src/main/res/drawable/bg_status_view.xml
trakt/showly,app/src/main/res/drawable/ic_eye_off.xml,XML,Android Views,xmlns:android=,https://github.com/trakt/showly/blob/HEAD/app/src/main/res/drawable/ic_eye_off.xml
trakt/showly,app/src/main/res/drawable/ic_languages.xml,XML,Android Views,xmlns:android=,https://github.com/trakt/showly/blob/HEAD/app/src/main/res/drawable/ic_languages.xml
trakt/showly,app/src/main/res/drawable/ic_launcher_foreground.xml,XML,Android Views,xmlns:android=,https://github.com/trakt/showly/blob/HEAD/app/src/main/res/drawable/ic_launcher_foreground.xml
trakt/showly,app/src/main/res/drawable/ic_launcher_mono.xml,XML,Android Views,xmlns:android=,https://github.com/trakt/showly/blob/HEAD/app/src/main/res/drawable/ic_launcher_mono.xml
trakt/showly,app/src/main/res/drawable/selector_bottom_menu.xml,XML,Android Views,xmlns:android=,https://github.com/trakt/showly/blob/HEAD/app/src/main/res/drawable/selector_bottom_menu.xml
trakt/showly,app/src/main/res/layout/activity_main.xml,XML,Android Views,xmlns:android=; android:layout_width; <LinearLayout; <TextView,https://github.com/trakt/showly/blob/HEAD/app/src/main/res/layout/activity_main.xml
trakt/showly,app/src/main/res/layout/view_bottom_menu.xml,XML,Android Views,xmlns:android=; android:layout_width; <LinearLayout; <TextView; <merge; android.widget,https://github.com/trakt/showly/blob/HEAD/app/src/main/res/layout/view_bottom_menu.xml
trakt/showly,app/src/main/res/layout/view_welcome_language.xml,XML,Android Views,xmlns:android=; android:layout_width; <TextView; <ImageView; <merge; android.widget,https://github.com/trakt/showly/blob/HEAD/app/src/main/res/layout/view_welcome_language.xml
trakt/showly,app/src/main/res/layout/view_welcome_note.xml,XML,Android Views,xmlns:android=; android:layout_width; <TextView; <ImageView; <merge; android.widget,https://github.com/trakt/showly/blob/HEAD/app/src/main/res/layout/view_welcome_note.xml
trakt/showly,app/src/main/res/layout/view_whats_new.xml,XML,Android Views,xmlns:android=; android:layout_width; <TextView; <merge; android.widget,https://github.com/trakt/showly/blob/HEAD/app/src/main/res/layout/view_whats_new.xml
trakt/showly,app/src/main/res/menu/bottom_navigation_menu.xml,XML,Android Views,xmlns:android=,https://github.com/trakt/showly/blob/HEAD/app/src/main/res/menu/bottom_navigation_menu.xml
trakt/showly,app/src/main/res/mipmap-anydpi-v26/ic_launcher.xml,XML,Android Views,xmlns:android=,https://github.com/trakt/showly/blob/HEAD/app/src/main/res/mipmap-anydpi-v26/ic_launcher.xml
trakt/showly,app/src/main/res/mipmap-anydpi-v26/ic_launcher_round.xml,XML,Android Views,xmlns:android=,https://github.com/trakt/showly/blob/HEAD/app/src/main/res/mipmap-anydpi-v26/ic_launcher_round.xml
trakt/showly,app/src/main/res/xml/backup_rules.xml,XML,Android Views,<include,https://github.com/trakt/showly/blob/HEAD/app/src/main/res/xml/backup_rules.xml
trakt/showly,app/src/main/res/xml/data_extraction_rules.xml,XML,Android Views,<include,https://github.com/trakt/showly/blob/HEAD/app/src/main/res/xml/data_extraction_rules.xml
trakt/showly,app/src/main/res/xml/locales_config.xml,XML,Android Views,xmlns:android=,https://github.com/trakt/showly/blob/HEAD/app/src/main/res/xml/locales_config.xml
trakt/showly,app/src/main/res/xml/shortcuts.xml,XML,Android Views,xmlns:android=,https://github.com/trakt/showly/blob/HEAD/app/src/main/res/xml/shortcuts.xml
trakt/showly,data-local/src/main/java/com/michaldrabik/data_local/database/dao/MoviesDao.kt,Kotlin,Jetpack Compose,Column(,https://github.com/trakt/showly/blob/HEAD/data-local/src/main/java/com/michaldrabik/data_local/database/dao/MoviesDao.kt
trakt/showly,data-local/src/main/java/com/michaldrabik/data_local/database/dao/ShowsDao.kt,Kotlin,Jetpack Compose,Column(,https://github.com/trakt/showly/blob/HEAD/data-local/src/main/java/com/michaldrabik/data_local/database/dao/ShowsDao.kt
trakt/showly,ui-backup/src/main/AndroidManifest.xml,XML,Android Views,xmlns:android=,https://github.com/trakt/showly/blob/HEAD/ui-backup/src/main/AndroidManifest.xml
trakt/showly,ui-backup/src/main/java/com/michaldrabik/ui_backup/features/export/BackupExportFragment.kt,Kotlin,Android Views,android.view.View; databinding; viewBinding,https://github.com/trakt/showly/blob/HEAD/ui-backup/src/main/java/com/michaldrabik/ui_backup/features/export/BackupExportFragment.kt
trakt/showly,ui-backup/src/main/java/com/michaldrabik/ui_backup/features/import_/BackupImportFragment.kt,Kotlin,Android Views,android.view.View; databinding; viewBinding,https://github.com/trakt/showly/blob/HEAD/ui-backup/src/main/java/com/michaldrabik/ui_backup/features/import_/BackupImportFragment.kt
trakt/showly,ui-backup/src/main/res/drawable/ic_phone.xml,XML,Android Views,xmlns:android=,https://github.com/trakt/showly/blob/HEAD/ui-backup/src/main/res/drawable/ic_phone.xml
trakt/showly,ui-backup/src/main/res/layout/fragment_backup_export.xml,XML,Android Views,xmlns:android=; android:layout_width; <ScrollView; <TextView; <ImageView,https://github.com/trakt/showly/blob/HEAD/ui-backup/src/main/res/layout/fragment_backup_export.xml
trakt/showly,ui-backup/src/main/res/layout/fragment_backup_import.xml,XML,Android Views,xmlns:android=; android:layout_width; <ScrollView; <TextView; <ImageView,https://github.com/trakt/showly/blob/HEAD/ui-backup/src/main/res/layout/fragment_backup_import.xml
trakt/showly,ui-base/src/main/AndroidManifest.xml,XML,Android Views,xmlns:android=,https://github.com/trakt/showly/blob/HEAD/ui-base/src/main/AndroidManifest.xml
trakt/showly,ui-base/src/main/java/com/michaldrabik/ui_base/BaseAdapter.kt,Kotlin,Android Views,RecyclerView.Adapter; RecyclerView.ViewHolder; android.view.View,https://github.com/trakt/showly/blob/HEAD/ui-base/src/main/java/com/michaldrabik/ui_base/BaseAdapter.kt
trakt/showly,ui-base/src/main/java/com/michaldrabik/ui_base/BaseBottomSheetFragment.kt,Kotlin,Android Views,LayoutInflater; android.view.View; android.view.ViewGroup,https://github.com/trakt/showly/blob/HEAD/ui-base/src/main/java/com/michaldrabik/ui_base/BaseBottomSheetFragment.kt
trakt/showly,ui-base/src/main/java/com/michaldrabik/ui_base/BaseFragment.kt,Kotlin,Android Views,android.view.View,https://github.com/trakt/showly/blob/HEAD/ui-base/src/main/java/com/michaldrabik/ui_base/BaseFragment.kt
trakt/showly,ui-base/src/main/java/com/michaldrabik/ui_base/BaseMovieAdapter.kt,Kotlin,Android Views,RecyclerView.Adapter; RecyclerView.ViewHolder; android.view.View,https://github.com/trakt/showly/blob/HEAD/ui-base/src/main/java/com/michaldrabik/ui_base/BaseMovieAdapter.kt
trakt/showly,ui-base/src/main/java/com/michaldrabik/ui_base/common/SafeOnClickListener.kt,Kotlin,Android Views,android.view.View; View.OnClickListener,https://github.com/trakt/showly/blob/HEAD/ui-base/src/main/java/com/michaldrabik/ui_base/common/SafeOnClickListener.kt
trakt/showly,ui-base/src/main/java/com/michaldrabik/ui_base/common/behaviour/ScrollableViewBehaviour.kt,Kotlin,Android Views,android.view.View,https://github.com/trakt/showly/blob/HEAD/ui-base/src/main/java/com/michaldrabik/ui_base/common/behaviour/ScrollableViewBehaviour.kt
trakt/showly,ui-base/src/main/java/com/michaldrabik/ui_base/common/behaviour/SearchViewBehaviour.kt,Kotlin,Android Views,android.view.View; android.view.ViewGroup,https://github.com/trakt/showly/blob/HEAD/ui-base/src/main/java/com/michaldrabik/ui_base/common/behaviour/SearchViewBehaviour.kt
trakt/showly,ui-base/src/main/java/com/michaldrabik/ui_base/common/sheets/context_menu/ContextMenuBottomSheet.kt,Kotlin,Android Views,databinding; viewBinding,https://github.com/trakt/showly/blob/HEAD/ui-base/src/main/java/com/michaldrabik/ui_base/common/sheets/context_menu/ContextMenuBottomSheet.kt
trakt/showly,ui-base/src/main/java/com/michaldrabik/ui_base/common/sheets/context_menu/movie/MovieContextMenuBottomSheet.kt,Kotlin,Android Views,android.view.View,https://github.com/trakt/showly/blob/HEAD/ui-base/src/main/java/com/michaldrabik/ui_base/common/sheets/context_menu/movie/MovieContextMenuBottomSheet.kt
trakt/showly,ui-base/src/main/java/com/michaldrabik/ui_base/common/sheets/context_menu/show/ShowContextMenuBottomSheet.kt,Kotlin,Android Views,android.view.View,https://github.com/trakt/showly/blob/HEAD/ui-base/src/main/java/com/michaldrabik/ui_base/common/sheets/context_menu/show/ShowContextMenuBottomSheet.kt
trakt/showly,ui-base/src/main/java/com/michaldrabik/ui_base/common/sheets/date_selection/DateSelectionBottomSheet.kt,Kotlin,Android Views,android.view.View; databinding; viewBinding,https://github.com/trakt/showly/blob/HEAD/ui-base/src/main/java/com/michaldrabik/ui_base/common/sheets/date_selection/DateSelectionBottomSheet.kt
chrisbanes/tivi,android-app/app/build.gradle.kts,Kotlin,Jetpack Compose,androidx.activity.compose,https://github.com/chrisbanes/tivi/blob/HEAD/android-app/app/build.gradle.kts
chrisbanes/tivi,android-app/app/src/debug/AndroidManifest.xml,XML,Android Views,xmlns:android=,https://github.com/chrisbanes/tivi/blob/HEAD/android-app/app/src/debug/AndroidManifest.xml
chrisbanes/tivi,android-app/app/src/main/AndroidManifest.xml,XML,Android Views,xmlns:android=,https://github.com/chrisbanes/tivi/blob/HEAD/android-app/app/src/main/AndroidManifest.xml
chrisbanes/tivi,android-app/app/src/main/kotlin/app/tivi/home/MainActivity.kt,Kotlin,Jetpack Compose,androidx.compose; setContent {; Modifier.; androidx.activity.compose,https://github.com/chrisbanes/tivi/blob/HEAD/android-app/app/src/main/kotlin/app/tivi/home/MainActivity.kt
chrisbanes/tivi,android-app/app/src/main/res/drawable-anydpi-v26/ic_launcher_background.xml,XML,Android Views,xmlns:android=,https://github.com/chrisbanes/tivi/blob/HEAD/android-app/app/src/main/res/drawable-anydpi-v26/ic_launcher_background.xml
chrisbanes/tivi,android-app/app/src/main/res/drawable-anydpi-v26/ic_launcher_foreground.xml,XML,Android Views,xmlns:android=,https://github.com/chrisbanes/tivi/blob/HEAD/android-app/app/src/main/res/drawable-anydpi-v26/ic_launcher_foreground.xml
chrisbanes/tivi,android-app/app/src/main/res/mipmap-anydpi-v26/ic_launcher.xml,XML,Android Views,xmlns:android=,https://github.com/chrisbanes/tivi/blob/HEAD/android-app/app/src/main/res/mipmap-anydpi-v26/ic_launcher.xml
chrisbanes/tivi,android-app/app/src/main/res/xml/backup_rules.xml,XML,Android Views,<include,https://github.com/chrisbanes/tivi/blob/HEAD/android-app/app/src/main/res/xml/backup_rules.xml
chrisbanes/tivi,android-app/app/src/main/res/xml/data_extraction_rules.xml,XML,Android Views,<include,https://github.com/chrisbanes/tivi/blob/HEAD/android-app/app/src/main/res/xml/data_extraction_rules.xml
chrisbanes/tivi,common/ui/circuit/src/commonMain/kotlin/app/tivi/EventSink.kt,Kotlin,Jetpack Compose,androidx.compose; @Composable; rememberCoroutineScope,https://github.com/chrisbanes/tivi/blob/HEAD/common/ui/circuit/src/commonMain/kotlin/app/tivi/EventSink.kt
chrisbanes/tivi,common/ui/circuit/src/commonMain/kotlin/app/tivi/navigation/DeepLinker.kt,Kotlin,Jetpack Compose,androidx.compose; @Composable; LaunchedEffect,https://github.com/chrisbanes/tivi/blob/HEAD/common/ui/circuit/src/commonMain/kotlin/app/tivi/navigation/DeepLinker.kt
chrisbanes/tivi,common/ui/circuit/src/commonMain/kotlin/app/tivi/navigation/LocalNavigator.kt,Kotlin,Jetpack Compose,androidx.compose,https://github.com/chrisbanes/tivi/blob/HEAD/common/ui/circuit/src/commonMain/kotlin/app/tivi/navigation/LocalNavigator.kt
chrisbanes/tivi,common/ui/circuit/src/commonMain/kotlin/app/tivi/overlays/BottomSheetOverlay.kt,Kotlin,Jetpack Compose,androidx.compose; @Composable; rememberCoroutineScope; LaunchedEffect; Modifier.,https://github.com/chrisbanes/tivi/blob/HEAD/common/ui/circuit/src/commonMain/kotlin/app/tivi/overlays/BottomSheetOverlay.kt
chrisbanes/tivi,common/ui/circuit/src/commonMain/kotlin/app/tivi/overlays/DialogOverlay.kt,Kotlin,Jetpack Compose,androidx.compose; @Composable; rememberCoroutineScope; Surface(,https://github.com/chrisbanes/tivi/blob/HEAD/common/ui/circuit/src/commonMain/kotlin/app/tivi/overlays/DialogOverlay.kt
chrisbanes/tivi,common/ui/compose/build.gradle.kts,Kotlin,Jetpack Compose,androidx.activity.compose,https://github.com/chrisbanes/tivi/blob/HEAD/common/ui/compose/build.gradle.kts
chrisbanes/tivi,common/ui/compose/src/androidMain/kotlin/app/tivi/common/compose/Coil.kt,Kotlin,Jetpack Compose,androidx.compose,https://github.com/chrisbanes/tivi/blob/HEAD/common/ui/compose/src/androidMain/kotlin/app/tivi/common/compose/Coil.kt
chrisbanes/tivi,common/ui/compose/src/androidMain/kotlin/app/tivi/common/compose/ReportDrawnWhen.kt,Kotlin,Jetpack Compose,androidx.compose; @Composable; androidx.activity.compose,https://github.com/chrisbanes/tivi/blob/HEAD/common/ui/compose/src/androidMain/kotlin/app/tivi/common/compose/ReportDrawnWhen.kt
chrisbanes/tivi,common/ui/compose/src/androidMain/kotlin/app/tivi/common/compose/theme/Platform.kt,Kotlin,Jetpack Compose,androidx.compose; @Composable,https://github.com/chrisbanes/tivi/blob/HEAD/common/ui/compose/src/androidMain/kotlin/app/tivi/common/compose/theme/Platform.kt
chrisbanes/tivi,common/ui/compose/src/androidMain/kotlin/app/tivi/common/compose/ui/Icon.android.kt,Kotlin,Jetpack Compose,androidx.compose,https://github.com/chrisbanes/tivi/blob/HEAD/common/ui/compose/src/androidMain/kotlin/app/tivi/common/compose/ui/Icon.android.kt
chrisbanes/tivi,common/ui/compose/src/commonMain/kotlin/app/tivi/common/compose/ColorExtractor.kt,Kotlin,Jetpack Compose,androidx.compose; @Composable; MaterialTheme,https://github.com/chrisbanes/tivi/blob/HEAD/common/ui/compose/src/commonMain/kotlin/app/tivi/common/compose/ColorExtractor.kt
chrisbanes/tivi,common/ui/compose/src/commonMain/kotlin/app/tivi/common/compose/EntryGrid.kt,Kotlin,Jetpack Compose,androidx.compose; @Composable; rememberCoroutineScope; remember {; LaunchedEffect; Scaffold(; Column(; Row(; Box(; Modifier.,https://github.com/chrisbanes/tivi/blob/HEAD/common/ui/compose/src/commonMain/kotlin/app/tivi/common/compose/EntryGrid.kt
chrisbanes/tivi,common/ui/compose/src/commonMain/kotlin/app/tivi/common/compose/HazeScaffold.kt,Kotlin,Jetpack Compose,androidx.compose; @Composable; remember {; Scaffold(; Box(; Modifier.; MaterialTheme,https://github.com/chrisbanes/tivi/blob/HEAD/common/ui/compose/src/commonMain/kotlin/app/tivi/common/compose/HazeScaffold.kt
chrisbanes/tivi,common/ui/compose/src/commonMain/kotlin/app/tivi/common/compose/Layout.kt,Kotlin,Jetpack Compose,androidx.compose; @Composable; Modifier.,https://github.com/chrisbanes/tivi/blob/HEAD/common/ui/compose/src/commonMain/kotlin/app/tivi/common/compose/Layout.kt
chrisbanes/tivi,common/ui/compose/src/commonMain/kotlin/app/tivi/common/compose/LazyList.kt,Kotlin,Jetpack Compose,androidx.compose; @Composable,https://github.com/chrisbanes/tivi/blob/HEAD/common/ui/compose/src/commonMain/kotlin/app/tivi/common/compose/LazyList.kt
chrisbanes/tivi,common/ui/compose/src/commonMain/kotlin/app/tivi/common/compose/LazyPagingExtensions.kt,Kotlin,Jetpack Compose,androidx.compose; @Composable,https://github.com/chrisbanes/tivi/blob/HEAD/common/ui/compose/src/commonMain/kotlin/app/tivi/common/compose/LazyPagingExtensions.kt
chrisbanes/tivi,common/ui/compose/src/commonMain/kotlin/app/tivi/common/compose/LogCompositions.kt,Kotlin,Jetpack Compose,androidx.compose; @Composable; remember {,https://github.com/chrisbanes/tivi/blob/HEAD/common/ui/compose/src/commonMain/kotlin/app/tivi/common/compose/LogCompositions.kt
chrisbanes/tivi,common/ui/compose/src/commonMain/kotlin/app/tivi/common/compose/Modifier.kt,Kotlin,Jetpack Compose,androidx.compose; Modifier.,https://github.com/chrisbanes/tivi/blob/HEAD/common/ui/compose/src/commonMain/kotlin/app/tivi/common/compose/Modifier.kt
chrisbanes/tivi,common/ui/compose/src/commonMain/kotlin/app/tivi/common/compose/NestedScaffold.kt,Kotlin,Jetpack Compose,androidx.compose; @Composable; remember {; LaunchedEffect; Scaffold(; MaterialTheme,https://github.com/chrisbanes/tivi/blob/HEAD/common/ui/compose/src/commonMain/kotlin/app/tivi/common/compose/NestedScaffold.kt
chrisbanes/tivi,common/ui/compose/src/commonMain/kotlin/app/tivi/common/compose/ReportDrawnWhen.kt,Kotlin,Jetpack Compose,androidx.compose; @Composable,https://github.com/chrisbanes/tivi/blob/HEAD/common/ui/compose/src/commonMain/kotlin/app/tivi/common/compose/ReportDrawnWhen.kt
chrisbanes/tivi,common/ui/compose/src/commonMain/kotlin/app/tivi/common/compose/RetainedCoroutineScope.kt,Kotlin,Jetpack Compose,androidx.compose; @Composable,https://github.com/chrisbanes/tivi/blob/HEAD/common/ui/compose/src/commonMain/kotlin/app/tivi/common/compose/RetainedCoroutineScope.kt
chrisbanes/tivi,common/ui/compose/src/commonMain/kotlin/app/tivi/common/compose/TiviCompositionLocals.kt,Kotlin,Jetpack Compose,androidx.compose,https://github.com/chrisbanes/tivi/blob/HEAD/common/ui/compose/src/commonMain/kotlin/app/tivi/common/compose/TiviCompositionLocals.kt
chrisbanes/tivi,common/ui/compose/src/commonMain/kotlin/app/tivi/common/compose/TiviPreferenceExtensions.kt,Kotlin,Jetpack Compose,androidx.compose; @Composable,https://github.com/chrisbanes/tivi/blob/HEAD/common/ui/compose/src/commonMain/kotlin/app/tivi/common/compose/TiviPreferenceExtensions.kt
chrisbanes/tivi,common/ui/compose/src/commonMain/kotlin/app/tivi/common/compose/WindowSizeClass.kt,Kotlin,Jetpack Compose,androidx.compose,https://github.com/chrisbanes/tivi/blob/HEAD/common/ui/compose/src/commonMain/kotlin/app/tivi/common/compose/WindowSizeClass.kt
chrisbanes/tivi,common/ui/compose/src/commonMain/kotlin/app/tivi/common/compose/theme/Color.kt,Kotlin,Jetpack Compose,androidx.compose,https://github.com/chrisbanes/tivi/blob/HEAD/common/ui/compose/src/commonMain/kotlin/app/tivi/common/compose/theme/Color.kt
chrisbanes/tivi,common/ui/compose/src/commonMain/kotlin/app/tivi/common/compose/theme/Platform.kt,Kotlin,Jetpack Compose,androidx.compose; @Composable,https://github.com/chrisbanes/tivi/blob/HEAD/common/ui/compose/src/commonMain/kotlin/app/tivi/common/compose/theme/Platform.kt
chrisbanes/tivi,common/ui/compose/src/commonMain/kotlin/app/tivi/common/compose/theme/Shape.kt,Kotlin,Jetpack Compose,androidx.compose,https://github.com/chrisbanes/tivi/blob/HEAD/common/ui/compose/src/commonMain/kotlin/app/tivi/common/compose/theme/Shape.kt
chrisbanes/tivi,common/ui/compose/src/commonMain/kotlin/app/tivi/common/compose/theme/Theme.kt,Kotlin,Jetpack Compose,androidx.compose; @Composable; MaterialTheme,https://github.com/chrisbanes/tivi/blob/HEAD/common/ui/compose/src/commonMain/kotlin/app/tivi/common/compose/theme/Theme.kt
chrisbanes/tivi,common/ui/compose/src/commonMain/kotlin/app/tivi/common/compose/theme/Type.kt,Kotlin,Jetpack Compose,androidx.compose; @Composable,https://github.com/chrisbanes/tivi/blob/HEAD/common/ui/compose/src/commonMain/kotlin/app/tivi/common/compose/theme/Type.kt
chrisbanes/tivi,common/ui/compose/src/commonMain/kotlin/app/tivi/common/compose/ui/AppBar.kt,Kotlin,Jetpack Compose,androidx.compose; @Composable; Modifier.,https://github.com/chrisbanes/tivi/blob/HEAD/common/ui/compose/src/commonMain/kotlin/app/tivi/common/compose/ui/AppBar.kt
chrisbanes/tivi,common/ui/compose/src/commonMain/kotlin/app/tivi/common/compose/ui/AutoSizedCircularProgressIndicator.kt,Kotlin,Jetpack Compose,androidx.compose; @Composable; MaterialTheme,https://github.com/chrisbanes/tivi/blob/HEAD/common/ui/compose/src/commonMain/kotlin/app/tivi/common/compose/ui/AutoSizedCircularProgressIndicator.kt
chrisbanes/tivi,common/ui/compose/src/commonMain/kotlin/app/tivi/common/compose/ui/Backdrop.kt,Kotlin,Jetpack Compose,androidx.compose; @Composable; Column(; Surface(; MaterialTheme,https://github.com/chrisbanes/tivi/blob/HEAD/common/ui/compose/src/commonMain/kotlin/app/tivi/common/compose/ui/Backdrop.kt
chrisbanes/tivi,common/ui/compose/src/commonMain/kotlin/app/tivi/common/compose/ui/BackdropCard.kt,Kotlin,Jetpack Compose,androidx.compose; @Composable; Box(; Modifier.; MaterialTheme,https://github.com/chrisbanes/tivi/blob/HEAD/common/ui/compose/src/commonMain/kotlin/app/tivi/common/compose/ui/BackdropCard.kt
chrisbanes/tivi,common/ui/compose/src/commonMain/kotlin/app/tivi/common/compose/ui/Clickable.kt,Kotlin,Jetpack Compose,androidx.compose; remember {; Modifier.,https://github.com/chrisbanes/tivi/blob/HEAD/common/ui/compose/src/commonMain/kotlin/app/tivi/common/compose/ui/Clickable.kt
chrisbanes/tivi,common/ui/compose/src/commonMain/kotlin/app/tivi/common/compose/ui/DateTimeDialogs.kt,Kotlin,Jetpack Compose,androidx.compose; @Composable; remember {,https://github.com/chrisbanes/tivi/blob/HEAD/common/ui/compose/src/commonMain/kotlin/app/tivi/common/compose/ui/DateTimeDialogs.kt
chrisbanes/tivi,common/ui/compose/src/commonMain/kotlin/app/tivi/common/compose/ui/DateTimeTextFields.kt,Kotlin,Jetpack Compose,androidx.compose; @Composable; remember {; Box(; Surface(; Modifier.; MaterialTheme,https://github.com/chrisbanes/tivi/blob/HEAD/common/ui/compose/src/commonMain/kotlin/app/tivi/common/compose/ui/DateTimeTextFields.kt
chrisbanes/tivi,common/ui/compose/src/commonMain/kotlin/app/tivi/common/compose/ui/Empty.kt,Kotlin,Jetpack Compose,androidx.compose; @Composable; Column(; Box(; Modifier.; MaterialTheme,https://github.com/chrisbanes/tivi/blob/HEAD/common/ui/compose/src/commonMain/kotlin/app/tivi/common/compose/ui/Empty.kt
chrisbanes/tivi,common/ui/compose/src/commonMain/kotlin/app/tivi/common/compose/ui/ExpandingSummary.kt,Kotlin,Jetpack Compose,androidx.compose; @Composable; remember {; MaterialTheme,https://github.com/chrisbanes/tivi/blob/HEAD/common/ui/compose/src/commonMain/kotlin/app/tivi/common/compose/ui/ExpandingSummary.kt
chrisbanes/tivi,common/ui/compose/src/commonMain/kotlin/app/tivi/common/compose/ui/GradientScrim.kt,Kotlin,Jetpack Compose,androidx.compose; Modifier.,https://github.com/chrisbanes/tivi/blob/HEAD/common/ui/compose/src/commonMain/kotlin/app/tivi/common/compose/ui/GradientScrim.kt
chrisbanes/tivi,common/ui/compose/src/commonMain/kotlin/app/tivi/common/compose/ui/Icon.kt,Kotlin,Jetpack Compose,androidx.compose,https://github.com/chrisbanes/tivi/blob/HEAD/common/ui/compose/src/commonMain/kotlin/app/tivi/common/compose/ui/Icon.kt
chrisbanes/tivi,common/ui/compose/src/commonMain/kotlin/app/tivi/common/compose/ui/IconButtonScrim.kt,Kotlin,Jetpack Compose,androidx.compose; @Composable; Box(; Surface(; Modifier.; MaterialTheme,https://github.com/chrisbanes/tivi/blob/HEAD/common/ui/compose/src/commonMain/kotlin/app/tivi/common/compose/ui/IconButtonScrim.kt
chrisbanes/tivi,common/ui/compose/src/commonMain/kotlin/app/tivi/common/compose/ui/Image.kt,Kotlin,Jetpack Compose,androidx.compose; @Composable,https://github.com/chrisbanes/tivi/blob/HEAD/common/ui/compose/src/commonMain/kotlin/app/tivi/common/compose/ui/Image.kt
chrisbanes/tivi,common/ui/compose/src/commonMain/kotlin/app/tivi/common/compose/ui/LoadingButton.kt,Kotlin,Jetpack Compose,androidx.compose; @Composable; remember {,https://github.com/chrisbanes/tivi/blob/HEAD/common/ui/compose/src/commonMain/kotlin/app/tivi/common/compose/ui/LoadingButton.kt
chrisbanes/tivi,common/ui/compose/src/commonMain/kotlin/app/tivi/common/compose/ui/PaddingValues.kt,Kotlin,Jetpack Compose,androidx.compose,https://github.com/chrisbanes/tivi/blob/HEAD/common/ui/compose/src/commonMain/kotlin/app/tivi/common/compose/ui/PaddingValues.kt
chrisbanes/tivi,common/ui/compose/src/commonMain/kotlin/app/tivi/common/compose/ui/Position.kt,Kotlin,Jetpack Compose,androidx.compose; remember {; Modifier.,https://github.com/chrisbanes/tivi/blob/HEAD/common/ui/compose/src/commonMain/kotlin/app/tivi/common/compose/ui/Position.kt
chrisbanes/tivi,common/ui/compose/src/commonMain/kotlin/app/tivi/common/compose/ui/PosterCard.kt,Kotlin,Jetpack Compose,androidx.compose; @Composable; Box(; Modifier.; MaterialTheme,https://github.com/chrisbanes/tivi/blob/HEAD/common/ui/compose/src/commonMain/kotlin/app/tivi/common/compose/ui/PosterCard.kt
chrisbanes/tivi,common/ui/compose/src/commonMain/kotlin/app/tivi/common/compose/ui/Preference.kt,Kotlin,Jetpack Compose,androidx.compose; @Composable; Column(; Row(; Surface(; Modifier.; MaterialTheme,https://github.com/chrisbanes/tivi/blob/HEAD/common/ui/compose/src/commonMain/kotlin/app/tivi/common/compose/ui/Preference.kt
chrisbanes/tivi,common/ui/compose/src/commonMain/kotlin/app/tivi/common/compose/ui/RefreshButton.kt,Kotlin,Jetpack Compose,androidx.compose; @Composable,https://github.com/chrisbanes/tivi/blob/HEAD/common/ui/compose/src/commonMain/kotlin/app/tivi/common/compose/ui/RefreshButton.kt
chrisbanes/tivi,common/ui/compose/src/commonMain/kotlin/app/tivi/common/compose/ui/SearchTextField.kt,Kotlin,Jetpack Compose,androidx.compose; @Composable,https://github.com/chrisbanes/tivi/blob/HEAD/common/ui/compose/src/commonMain/kotlin/app/tivi/common/compose/ui/SearchTextField.kt
chrisbanes/tivi,common/ui/compose/src/commonMain/kotlin/app/tivi/common/compose/ui/SortChip.kt,Kotlin,Jetpack Compose,androidx.compose; @Composable; remember {; Box(; Modifier.,https://github.com/chrisbanes/tivi/blob/HEAD/common/ui/compose/src/commonMain/kotlin/app/tivi/common/compose/ui/SortChip.kt
chrisbanes/tivi,common/ui/compose/src/commonMain/kotlin/app/tivi/common/compose/ui/SortMenuPopup.kt,Kotlin,Jetpack Compose,androidx.compose; @Composable,https://github.com/chrisbanes/tivi/blob/HEAD/common/ui/compose/src/commonMain/kotlin/app/tivi/common/compose/ui/SortMenuPopup.kt
chrisbanes/tivi,common/ui/compose/src/commonMain/kotlin/app/tivi/common/compose/ui/Surface.kt,Kotlin,Jetpack Compose,androidx.compose; @Composable; remember {; Surface(; MaterialTheme,https://github.com/chrisbanes/tivi/blob/HEAD/common/ui/compose/src/commonMain/kotlin/app/tivi/common/compose/ui/Surface.kt
chrisbanes/tivi,common/ui/compose/src/commonMain/kotlin/app/tivi/common/compose/ui/UserProfileButton.kt,Kotlin,Jetpack Compose,androidx.compose; @Composable; MaterialTheme,https://github.com/chrisbanes/tivi/blob/HEAD/common/ui/compose/src/commonMain/kotlin/app/tivi/common/compose/ui/UserProfileButton.kt
chrisbanes/tivi,common/ui/compose/src/commonMain/kotlin/app/tivi/common/compose/ui/WindowInsets.kt,Kotlin,Jetpack Compose,androidx.compose,https://github.com/chrisbanes/tivi/blob/HEAD/common/ui/compose/src/commonMain/kotlin/app/tivi/common/compose/ui/WindowInsets.kt
chrisbanes/tivi,common/ui/compose/src/iosMain/kotlin/app/tivi/common/compose/Coil.kt,Kotlin,Jetpack Compose,androidx.compose,https://github.com/chrisbanes/tivi/blob/HEAD/common/ui/compose/src/iosMain/kotlin/app/tivi/common/compose/Coil.kt
chrisbanes/tivi,common/ui/compose/src/iosMain/kotlin/app/tivi/common/compose/ReportDrawnWhen.kt,Kotlin,Jetpack Compose,androidx.compose; @Composable,https://github.com/chrisbanes/tivi/blob/HEAD/common/ui/compose/src/iosMain/kotlin/app/tivi/common/compose/ReportDrawnWhen.kt
chrisbanes/tivi,common/ui/compose/src/iosMain/kotlin/app/tivi/common/compose/theme/Platform.kt,Kotlin,Jetpack Compose,androidx.compose; @Composable,https://github.com/chrisbanes/tivi/blob/HEAD/common/ui/compose/src/iosMain/kotlin/app/tivi/common/compose/theme/Platform.kt
chrisbanes/tivi,common/ui/compose/src/iosMain/kotlin/app/tivi/common/compose/ui/DateTimeDialogs.kt,Kotlin,Jetpack Compose,androidx.compose; @Composable; remember {; LaunchedEffect; MaterialTheme,https://github.com/chrisbanes/tivi/blob/HEAD/common/ui/compose/src/iosMain/kotlin/app/tivi/common/compose/ui/DateTimeDialogs.kt
chrisbanes/tivi,common/ui/compose/src/iosMain/kotlin/app/tivi/common/compose/ui/Icon.ios.kt,Kotlin,Jetpack Compose,androidx.compose,https://github.com/chrisbanes/tivi/blob/HEAD/common/ui/compose/src/iosMain/kotlin/app/tivi/common/compose/ui/Icon.ios.kt
chrisbanes/tivi,common/ui/compose/src/iosMain/kotlin/app/tivi/common/compose/ui/Sheets.kt,Kotlin,Jetpack Compose,androidx.compose; @Composable,https://github.com/chrisbanes/tivi/blob/HEAD/common/ui/compose/src/iosMain/kotlin/app/tivi/common/compose/ui/Sheets.kt
chrisbanes/tivi,common/ui/compose/src/jvmCommon/kotlin/app/tivi/common/compose/ui/DateTimeDialogs.kt,Kotlin,Jetpack Compose,androidx.compose; @Composable; LaunchedEffect,https://github.com/chrisbanes/tivi/blob/HEAD/common/ui/compose/src/jvmCommon/kotlin/app/tivi/common/compose/ui/DateTimeDialogs.kt
chrisbanes/tivi,common/ui/compose/src/jvmMain/kotlin/app/tivi/common/compose/Coil.kt,Kotlin,Jetpack Compose,androidx.compose,https://github.com/chrisbanes/tivi/blob/HEAD/common/ui/compose/src/jvmMain/kotlin/app/tivi/common/compose/Coil.kt
chrisbanes/tivi,common/ui/compose/src/jvmMain/kotlin/app/tivi/common/compose/ReportDrawnWhen.kt,Kotlin,Jetpack Compose,androidx.compose; @Composable,https://github.com/chrisbanes/tivi/blob/HEAD/common/ui/compose/src/jvmMain/kotlin/app/tivi/common/compose/ReportDrawnWhen.kt
chrisbanes/tivi,common/ui/compose/src/jvmMain/kotlin/app/tivi/common/compose/theme/Platform.kt,Kotlin,Jetpack Compose,androidx.compose; @Composable,https://github.com/chrisbanes/tivi/blob/HEAD/common/ui/compose/src/jvmMain/kotlin/app/tivi/common/compose/theme/Platform.kt
chrisbanes/tivi,common/ui/compose/src/jvmMain/kotlin/app/tivi/common/compose/ui/Icon.jvm.kt,Kotlin,Jetpack Compose,androidx.compose,https://github.com/chrisbanes/tivi/blob/HEAD/common/ui/compose/src/jvmMain/kotlin/app/tivi/common/compose/ui/Icon.jvm.kt
chrisbanes/tivi,common/ui/resources/src/commonMain/kotlin/app/tivi/common/ui/resources/Fonts.kt,Kotlin,Jetpack Compose,androidx.compose; @Composable,https://github.com/chrisbanes/tivi/blob/HEAD/common/ui/resources/src/commonMain/kotlin/app/tivi/common/ui/resources/Fonts.kt
chrisbanes/tivi,core/logging/src/androidMain/AndroidManifest.xml,XML,Android Views,xmlns:android=,https://github.com/chrisbanes/tivi/blob/HEAD/core/logging/src/androidMain/AndroidManifest.xml
chrisbanes/tivi,core/notifications/core/src/androidMain/AndroidManifest.xml,XML,Android Views,xmlns:android=,https://github.com/chrisbanes/tivi/blob/HEAD/core/notifications/core/src/androidMain/AndroidManifest.xml
chrisbanes/tivi,core/notifications/core/src/androidMain/res/drawable/outline_tv_gen_24.xml,XML,Android Views,xmlns:android=,https://github.com/chrisbanes/tivi/blob/HEAD/core/notifications/core/src/androidMain/res/drawable/outline_tv_gen_24.xml
chrisbanes/tivi,core/powercontroller/src/androidMain/AndroidManifest.xml,XML,Android Views,xmlns:android=,https://github.com/chrisbanes/tivi/blob/HEAD/core/powercontroller/src/androidMain/AndroidManifest.xml
Stypox/dicio-android@81e0cbda,src/main/java/org/dicio/skill/output/GraphicalOutputDevice.kt,Kotlin,Android Views,android.view.View,https://github.com/Stypox/dicio-android/blob/81e0cbda/src/main/java/org/dicio/skill/output/GraphicalOutputDevice.kt
Stypox/dicio-android@1075d6966930c299ab6095825a2adbb3c1eeed8e,app/build.gradle.kts,Kotlin,Android Views,viewBinding,https://github.com/Stypox/dicio-android/blob/1075d6966930c299ab6095825a2adbb3c1eeed8e/app/build.gradle.kts
Stypox/dicio-android@1075d6966930c299ab6095825a2adbb3c1eeed8e,app/src/main/AndroidManifest.xml,XML,Android Views,xmlns:android=,https://github.com/Stypox/dicio-android/blob/1075d6966930c299ab6095825a2adbb3c1eeed8e/app/src/main/AndroidManifest.xml
Stypox/dicio-android@1075d6966930c299ab6095825a2adbb3c1eeed8e,app/src/main/kotlin/org/stypox/dicio/MainActivity.kt,Kotlin,Android Views,findViewById; setContentView; android.view.View,https://github.com/Stypox/dicio-android/blob/1075d6966930c299ab6095825a2adbb3c1eeed8e/app/src/main/kotlin/org/stypox/dicio/MainActivity.kt
Stypox/dicio-android@1075d6966930c299ab6095825a2adbb3c1eeed8e,app/src/main/kotlin/org/stypox/dicio/error/ErrorActivity.kt,Kotlin,Android Views,setContentView; setOnClickListener; databinding,https://github.com/Stypox/dicio-android/blob/1075d6966930c299ab6095825a2adbb3c1eeed8e/app/src/main/kotlin/org/stypox/dicio/error/ErrorActivity.kt
Stypox/dicio-android@1075d6966930c299ab6095825a2adbb3c1eeed8e,app/src/main/kotlin/org/stypox/dicio/error/ErrorUtils.kt,Kotlin,Android Views,findViewById; android.view.View,https://github.com/Stypox/dicio-android/blob/1075d6966930c299ab6095825a2adbb3c1eeed8e/app/src/main/kotlin/org/stypox/dicio/error/ErrorUtils.kt
Stypox/dicio-android@1075d6966930c299ab6095825a2adbb3c1eeed8e,app/src/main/kotlin/org/stypox/dicio/eval/SkillEvaluator.kt,Kotlin,Android Views,findViewById; addView(; android.widget.TextView; android.view.View; setOnClickListener,https://github.com/Stypox/dicio-android/blob/1075d6966930c299ab6095825a2adbb3c1eeed8e/app/src/main/kotlin/org/stypox/dicio/eval/SkillEvaluator.kt
Stypox/dicio-android@1075d6966930c299ab6095825a2adbb3c1eeed8e,app/src/main/kotlin/org/stypox/dicio/input/SpeechInputDevice.kt,Kotlin,Android Views,android.view.View; View.OnClickListener; setOnClickListener,https://github.com/Stypox/dicio-android/blob/1075d6966930c299ab6095825a2adbb3c1eeed8e/app/src/main/kotlin/org/stypox/dicio/input/SpeechInputDevice.kt
Stypox/dicio-android@1075d6966930c299ab6095825a2adbb3c1eeed8e,app/src/main/kotlin/org/stypox/dicio/input/stt_service/SttServiceActivity.kt,Kotlin,Android Views,setContentView; LayoutInflater; setOnClickListener; databinding,https://github.com/Stypox/dicio-android/blob/1075d6966930c299ab6095825a2adbb3c1eeed8e/app/src/main/kotlin/org/stypox/dicio/input/stt_service/SttServiceActivity.kt
Stypox/dicio-android@1075d6966930c299ab6095825a2adbb3c1eeed8e,app/src/main/kotlin/org/stypox/dicio/output/graphical/GraphicalOutputUtils.kt,Kotlin,Android Views,findViewById; LayoutInflater; addView(; android.widget.TextView; android.view.View; android.view.ViewGroup; setOnClickListener,https://github.com/Stypox/dicio-android/blob/1075d6966930c299ab6095825a2adbb3c1eeed8e/app/src/main/kotlin/org/stypox/dicio/output/graphical/GraphicalOutputUtils.kt
Stypox/dicio-android@1075d6966930c299ab6095825a2adbb3c1eeed8e,app/src/main/kotlin/org/stypox/dicio/output/graphical/MainScreenGraphicalDevice.kt,Kotlin,Android Views,addView(; android.view.View; android.view.ViewGroup,https://github.com/Stypox/dicio-android/blob/1075d6966930c299ab6095825a2adbb3c1eeed8e/app/src/main/kotlin/org/stypox/dicio/output/graphical/MainScreenGraphicalDevice.kt
Stypox/dicio-android@1075d6966930c299ab6095825a2adbb3c1eeed8e,app/src/main/kotlin/org/stypox/dicio/output/graphical/OutputContainerView.kt,Kotlin,Android Views,addView(; android.view.View; android.view.ViewGroup,https://github.com/Stypox/dicio-android/blob/1075d6966930c299ab6095825a2adbb3c1eeed8e/app/src/main/kotlin/org/stypox/dicio/output/graphical/OutputContainerView.kt
Stypox/dicio-android@1075d6966930c299ab6095825a2adbb3c1eeed8e,app/src/main/kotlin/org/stypox/dicio/output/speech/SnackbarSpeechDevice.kt,Kotlin,Android Views,android.view.View,https://github.com/Stypox/dicio-android/blob/1075d6966930c299ab6095825a2adbb3c1eeed8e/app/src/main/kotlin/org/stypox/dicio/output/speech/SnackbarSpeechDevice.kt
Stypox/dicio-android@1075d6966930c299ab6095825a2adbb3c1eeed8e,app/src/main/kotlin/org/stypox/dicio/settings/SettingsActivity.kt,Kotlin,Android Views,findViewById; setContentView,https://github.com/Stypox/dicio-android/blob/1075d6966930c299ab6095825a2adbb3c1eeed8e/app/src/main/kotlin/org/stypox/dicio/settings/SettingsActivity.kt
Stypox/dicio-android@1075d6966930c299ab6095825a2adbb3c1eeed8e,app/src/main/kotlin/org/stypox/dicio/settings/skill/SkillItemHolder.kt,Kotlin,Android Views,findViewById; LayoutInflater; addView(; android.widget.TextView; RecyclerView.ViewHolder; android.view.View; android.view.ViewGroup; setOnClickListener; inflater.inflate,https://github.com/Stypox/dicio-android/blob/1075d6966930c299ab6095825a2adbb3c1eeed8e/app/src/main/kotlin/org/stypox/dicio/settings/skill/SkillItemHolder.kt
Stypox/dicio-android@1075d6966930c299ab6095825a2adbb3c1eeed8e,app/src/main/kotlin/org/stypox/dicio/settings/skill/SkillsAdapter.kt,Kotlin,Android Views,LayoutInflater; RecyclerView.Adapter; android.view.View; android.view.ViewGroup,https://github.com/Stypox/dicio-android/blob/1075d6966930c299ab6095825a2adbb3c1eeed8e/app/src/main/kotlin/org/stypox/dicio/settings/skill/SkillsAdapter.kt
Stypox/dicio-android@1075d6966930c299ab6095825a2adbb3c1eeed8e,app/src/main/kotlin/org/stypox/dicio/settings/skill/SkillsFragment.kt,Kotlin,Android Views,findViewById; LayoutInflater; android.widget.TextView; android.view.View; android.view.ViewGroup; setOnClickListener; inflater.inflate,https://github.com/Stypox/dicio-android/blob/1075d6966930c299ab6095825a2adbb3c1eeed8e/app/src/main/kotlin/org/stypox/dicio/settings/skill/SkillsFragment.kt
Stypox/dicio-android@1075d6966930c299ab6095825a2adbb3c1eeed8e,app/src/main/kotlin/org/stypox/dicio/skills/search/SearchOutput.kt,Kotlin,Android Views,findViewById; addView(; android.widget.TextView; android.widget.ImageView; android.view.View; setOnClickListener,https://github.com/Stypox/dicio-android/blob/1075d6966930c299ab6095825a2adbb3c1eeed8e/app/src/main/kotlin/org/stypox/dicio/skills/search/SearchOutput.kt
Stypox/dicio-android@1075d6966930c299ab6095825a2adbb3c1eeed8e,app/src/main/kotlin/org/stypox/dicio/skills/telephone/ConfirmCallOutput.kt,Kotlin,Android Views,addView(,https://github.com/Stypox/dicio-android/blob/1075d6966930c299ab6095825a2adbb3c1eeed8e/app/src/main/kotlin/org/stypox/dicio/skills/telephone/ConfirmCallOutput.kt
Stypox/dicio-android@1075d6966930c299ab6095825a2adbb3c1eeed8e,app/src/main/kotlin/org/stypox/dicio/skills/telephone/TelephoneOutput.kt,Kotlin,Android Views,findViewById; addView(; android.widget.TextView; android.view.View; setOnClickListener,https://github.com/Stypox/dicio-android/blob/1075d6966930c299ab6095825a2adbb3c1eeed8e/app/src/main/kotlin/org/stypox/dicio/skills/telephone/TelephoneOutput.kt
Stypox/dicio-android@1075d6966930c299ab6095825a2adbb3c1eeed8e,app/src/main/kotlin/org/stypox/dicio/skills/weather/WeatherOutput.kt,Kotlin,Android Views,findViewById; android.widget.TextView; android.widget.ImageView; android.view.View,https://github.com/Stypox/dicio-android/blob/1075d6966930c299ab6095825a2adbb3c1eeed8e/app/src/main/kotlin/org/stypox/dicio/skills/weather/WeatherOutput.kt
Stypox/dicio-android@1075d6966930c299ab6095825a2adbb3c1eeed8e,app/src/main/res/drawable/divider_items.xml,XML,Android Views,xmlns:android=,https://github.com/Stypox/dicio-android/blob/1075d6966930c299ab6095825a2adbb3c1eeed8e/app/src/main/res/drawable/divider_items.xml
Stypox/dicio-android@1075d6966930c299ab6095825a2adbb3c1eeed8e,app/src/main/res/drawable/divider_output_containers.xml,XML,Android Views,xmlns:android=,https://github.com/Stypox/dicio-android/blob/1075d6966930c299ab6095825a2adbb3c1eeed8e/app/src/main/res/drawable/divider_output_containers.xml
Stypox/dicio-android@1075d6966930c299ab6095825a2adbb3c1eeed8e,app/src/main/res/drawable/ic_brush_black.xml,XML,Android Views,xmlns:android=,https://github.com/Stypox/dicio-android/blob/1075d6966930c299ab6095825a2adbb3c1eeed8e/app/src/main/res/drawable/ic_brush_black.xml
Stypox/dicio-android@1075d6966930c299ab6095825a2adbb3c1eeed8e,app/src/main/res/drawable/ic_brush_white.xml,XML,Android Views,xmlns:android=,https://github.com/Stypox/dicio-android/blob/1075d6966930c299ab6095825a2adbb3c1eeed8e/app/src/main/res/drawable/ic_brush_white.xml
Stypox/dicio-android@1075d6966930c299ab6095825a2adbb3c1eeed8e,app/src/main/res/drawable/ic_bug_report_white.xml,XML,Android Views,xmlns:android=,https://github.com/Stypox/dicio-android/blob/1075d6966930c299ab6095825a2adbb3c1eeed8e/app/src/main/res/drawable/ic_bug_report_white.xml
Stypox/dicio-android@1075d6966930c299ab6095825a2adbb3c1eeed8e,app/src/main/res/drawable/ic_calculate_white.xml,XML,Android Views,xmlns:android=,https://github.com/Stypox/dicio-android/blob/1075d6966930c299ab6095825a2adbb3c1eeed8e/app/src/main/res/drawable/ic_calculate_white.xml
Stypox/dicio-android@1075d6966930c299ab6095825a2adbb3c1eeed8e,app/src/main/res/drawable/ic_call_white.xml,XML,Android Views,xmlns:android=,https://github.com/Stypox/dicio-android/blob/1075d6966930c299ab6095825a2adbb3c1eeed8e/app/src/main/res/drawable/ic_call_white.xml
Stypox/dicio-android@1075d6966930c299ab6095825a2adbb3c1eeed8e,app/src/main/res/drawable/ic_circle_notice.xml,XML,Android Views,xmlns:android=,https://github.com/Stypox/dicio-android/blob/1075d6966930c299ab6095825a2adbb3c1eeed8e/app/src/main/res/drawable/ic_circle_notice.xml
Stypox/dicio-android@1075d6966930c299ab6095825a2adbb3c1eeed8e,app/src/main/res/drawable/ic_cloud_white.xml,XML,Android Views,xmlns:android=,https://github.com/Stypox/dicio-android/blob/1075d6966930c299ab6095825a2adbb3c1eeed8e/app/src/main/res/drawable/ic_cloud_white.xml
Stypox/dicio-android@1075d6966930c299ab6095825a2adbb3c1eeed8e,app/src/main/res/drawable/ic_content_copy_black.xml,XML,Android Views,xmlns:android=,https://github.com/Stypox/dicio-android/blob/1075d6966930c299ab6095825a2adbb3c1eeed8e/app/src/main/res/drawable/ic_content_copy_black.xml
Stypox/dicio-android@1075d6966930c299ab6095825a2adbb3c1eeed8e,app/src/main/res/drawable/ic_content_copy_white.xml,XML,Android Views,xmlns:android=,https://github.com/Stypox/dicio-android/blob/1075d6966930c299ab6095825a2adbb3c1eeed8e/app/src/main/res/drawable/ic_content_copy_white.xml
Stypox/dicio-android@1075d6966930c299ab6095825a2adbb3c1eeed8e,app/src/main/res/drawable/ic_done_black.xml,XML,Android Views,xmlns:android=,https://github.com/Stypox/dicio-android/blob/1075d6966930c299ab6095825a2adbb3c1eeed8e/app/src/main/res/drawable/ic_done_black.xml
Stypox/dicio-android@1075d6966930c299ab6095825a2adbb3c1eeed8e,app/src/main/res/drawable/ic_done_white.xml,XML,Android Views,xmlns:android=,https://github.com/Stypox/dicio-android/blob/1075d6966930c299ab6095825a2adbb3c1eeed8e/app/src/main/res/drawable/ic_done_white.xml
Stypox/dicio-android@1075d6966930c299ab6095825a2adbb3c1eeed8e,app/src/main/res/drawable/ic_download_white.xml,XML,Android Views,xmlns:android=,https://github.com/Stypox/dicio-android/blob/1075d6966930c299ab6095825a2adbb3c1eeed8e/app/src/main/res/drawable/ic_download_white.xml
Stypox/dicio-android@1075d6966930c299ab6095825a2adbb3c1eeed8e,app/src/main/res/drawable/ic_expand_more_black.xml,XML,Android Views,xmlns:android=,https://github.com/Stypox/dicio-android/blob/1075d6966930c299ab6095825a2adbb3c1eeed8e/app/src/main/res/drawable/ic_expand_more_black.xml
Stypox/dicio-android@1075d6966930c299ab6095825a2adbb3c1eeed8e,app/src/main/res/drawable/ic_expand_more_white.xml,XML,Android Views,xmlns:android=,https://github.com/Stypox/dicio-android/blob/1075d6966930c299ab6095825a2adbb3c1eeed8e/app/src/main/res/drawable/ic_expand_more_white.xml
Stypox/dicio-android@1075d6966930c299ab6095825a2adbb3c1eeed8e,app/src/main/res/drawable/ic_extension_black.xml,XML,Android Views,xmlns:android=,https://github.com/Stypox/dicio-android/blob/1075d6966930c299ab6095825a2adbb3c1eeed8e/app/src/main/res/drawable/ic_extension_black.xml
Stypox/dicio-android@1075d6966930c299ab6095825a2adbb3c1eeed8e,app/src/main/res/drawable/ic_extension_white.xml,XML,Android Views,xmlns:android=,https://github.com/Stypox/dicio-android/blob/1075d6966930c299ab6095825a2adbb3c1eeed8e/app/src/main/res/drawable/ic_extension_white.xml
Stypox/dicio-android@1075d6966930c299ab6095825a2adbb3c1eeed8e,app/src/main/res/drawable/ic_language_black.xml,XML,Android Views,xmlns:android=,https://github.com/Stypox/dicio-android/blob/1075d6966930c299ab6095825a2adbb3c1eeed8e/app/src/main/res/drawable/ic_language_black.xml
Stypox/dicio-android@1075d6966930c299ab6095825a2adbb3c1eeed8e,app/src/main/res/drawable/ic_language_white.xml,XML,Android Views,xmlns:android=,https://github.com/Stypox/dicio-android/blob/1075d6966930c299ab6095825a2adbb3c1eeed8e/app/src/main/res/drawable/ic_language_white.xml
Stypox/dicio-android@1075d6966930c299ab6095825a2adbb3c1eeed8e,app/src/main/res/drawable/ic_mic_black.xml,XML,Android Views,xmlns:android=,https://github.com/Stypox/dicio-android/blob/1075d6966930c299ab6095825a2adbb3c1eeed8e/app/src/main/res/drawable/ic_mic_black.xml
Stypox/dicio-android@1075d6966930c299ab6095825a2adbb3c1eeed8e,app/src/main/res/drawable/ic_mic_none_black.xml,XML,Android Views,xmlns:android=,https://github.com/Stypox/dicio-android/blob/1075d6966930c299ab6095825a2adbb3c1eeed8e/app/src/main/res/drawable/ic_mic_none_black.xml
Stypox/dicio-android@1075d6966930c299ab6095825a2adbb3c1eeed8e,app/src/main/res/drawable/ic_mic_none_white.xml,XML,Android Views,xmlns:android=,https://github.com/Stypox/dicio-android/blob/1075d6966930c299ab6095825a2adbb3c1eeed8e/app/src/main/res/drawable/ic_mic_none_white.xml
Stypox/dicio-android@1075d6966930c299ab6095825a2adbb3c1eeed8e,app/src/main/res/drawable/ic_mic_white.xml,XML,Android Views,xmlns:android=,https://github.com/Stypox/dicio-android/blob/1075d6966930c299ab6095825a2adbb3c1eeed8e/app/src/main/res/drawable/ic_mic_white.xml
Stypox/dicio-android@1075d6966930c299ab6095825a2adbb3c1eeed8e,app/src/main/res/drawable/ic_music_note_white.xml,XML,Android Views,xmlns:android=,https://github.com/Stypox/dicio-android/blob/1075d6966930c299ab6095825a2adbb3c1eeed8e/app/src/main/res/drawable/ic_music_note_white.xml
Stypox/dicio-android@1075d6966930c299ab6095825a2adbb3c1eeed8e,app/src/main/res/drawable/ic_navigate_white.xml,XML,Android Views,xmlns:android=,https://github.com/Stypox/dicio-android/blob/1075d6966930c299ab6095825a2adbb3c1eeed8e/app/src/main/res/drawable/ic_navigate_white.xml
Stypox/dicio-android@1075d6966930c299ab6095825a2adbb3c1eeed8e,app/src/main/res/drawable/ic_open_in_new_white.xml,XML,Android Views,xmlns:android=,https://github.com/Stypox/dicio-android/blob/1075d6966930c299ab6095825a2adbb3c1eeed8e/app/src/main/res/drawable/ic_open_in_new_white.xml
Stypox/dicio-android@1075d6966930c299ab6095825a2adbb3c1eeed8e,app/src/main/res/drawable/ic_palette_black.xml,XML,Android Views,xmlns:android=,https://github.com/Stypox/dicio-android/blob/1075d6966930c299ab6095825a2adbb3c1eeed8e/app/src/main/res/drawable/ic_palette_black.xml
Stypox/dicio-android@1075d6966930c299ab6095825a2adbb3c1eeed8e,app/src/main/res/drawable/ic_palette_white.xml,XML,Android Views,xmlns:android=,https://github.com/Stypox/dicio-android/blob/1075d6966930c299ab6095825a2adbb3c1eeed8e/app/src/main/res/drawable/ic_palette_white.xml
Stypox/dicio-android@1075d6966930c299ab6095825a2adbb3c1eeed8e,app/src/main/res/drawable/ic_person_black.xml,XML,Android Views,xmlns:android=,https://github.com/Stypox/dicio-android/blob/1075d6966930c299ab6095825a2adbb3c1eeed8e/app/src/main/res/drawable/ic_person_black.xml
Stypox/dicio-android@1075d6966930c299ab6095825a2adbb3c1eeed8e,app/src/main/res/drawable/ic_person_white.xml,XML,Android Views,xmlns:android=,https://github.com/Stypox/dicio-android/blob/1075d6966930c299ab6095825a2adbb3c1eeed8e/app/src/main/res/drawable/ic_person_white.xml
Stypox/dicio-android@1075d6966930c299ab6095825a2adbb3c1eeed8e,app/src/main/res/drawable/ic_question_answer_black.xml,XML,Android Views,xmlns:android=,https://github.com/Stypox/dicio-android/blob/1075d6966930c299ab6095825a2adbb3c1eeed8e/app/src/main/res/drawable/ic_question_answer_black.xml
Stypox/dicio-android@1075d6966930c299ab6095825a2adbb3c1eeed8e,app/src/main/res/drawable/ic_question_answer_white.xml,XML,Android Views,xmlns:android=,https://github.com/Stypox/dicio-android/blob/1075d6966930c299ab6095825a2adbb3c1eeed8e/app/src/main/res/drawable/ic_question_answer_white.xml
Stypox/dicio-android@1075d6966930c299ab6095825a2adbb3c1eeed8e,app/src/main/res/drawable/ic_record_voice_over_black.xml,XML,Android Views,xmlns:android=,https://github.com/Stypox/dicio-android/blob/1075d6966930c299ab6095825a2adbb3c1eeed8e/app/src/main/res/drawable/ic_record_voice_over_black.xml
Stypox/dicio-android@1075d6966930c299ab6095825a2adbb3c1eeed8e,app/src/main/res/drawable/ic_record_voice_over_white.xml,XML,Android Views,xmlns:android=,https://github.com/Stypox/dicio-android/blob/1075d6966930c299ab6095825a2adbb3c1eeed8e/app/src/main/res/drawable/ic_record_voice_over_white.xml
Stypox/dicio-android@1075d6966930c299ab6095825a2adbb3c1eeed8e,app/src/main/res/drawable/ic_search_white.xml,XML,Android Views,xmlns:android=,https://github.com/Stypox/dicio-android/blob/1075d6966930c299ab6095825a2adbb3c1eeed8e/app/src/main/res/drawable/ic_search_white.xml
Stypox/dicio-android@1075d6966930c299ab6095825a2adbb3c1eeed8e,app/src/main/res/drawable/ic_settings_black.xml,XML,Android Views,xmlns:android=,https://github.com/Stypox/dicio-android/blob/1075d6966930c299ab6095825a2adbb3c1eeed8e/app/src/main/res/drawable/ic_settings_black.xml
Stypox/dicio-android@1075d6966930c299ab6095825a2adbb3c1eeed8e,app/src/main/res/drawable/ic_settings_white.xml,XML,Android Views,xmlns:android=,https://github.com/Stypox/dicio-android/blob/1075d6966930c299ab6095825a2adbb3c1eeed8e/app/src/main/res/drawable/ic_settings_white.xml
Stypox/dicio-android@1075d6966930c299ab6095825a2adbb3c1eeed8e,app/src/main/res/drawable/ic_share_black.xml,XML,Android Views,xmlns:android=,https://github.com/Stypox/dicio-android/blob/1075d6966930c299ab6095825a2adbb3c1eeed8e/app/src/main/res/drawable/ic_share_black.xml
Stypox/dicio-android@1075d6966930c299ab6095825a2adbb3c1eeed8e,app/src/main/res/drawable/ic_share_white.xml,XML,Android Views,xmlns:android=,https://github.com/Stypox/dicio-android/blob/1075d6966930c299ab6095825a2adbb3c1eeed8e/app/src/main/res/drawable/ic_share_white.xml
Stypox/dicio-android@1075d6966930c299ab6095825a2adbb3c1eeed8e,app/src/main/res/drawable/ic_short_text_white.xml,XML,Android Views,xmlns:android=,https://github.com/Stypox/dicio-android/blob/1075d6966930c299ab6095825a2adbb3c1eeed8e/app/src/main/res/drawable/ic_short_text_white.xml
Stypox/dicio-android@1075d6966930c299ab6095825a2adbb3c1eeed8e,app/src/main/res/drawable/ic_speaker_phone_black.xml,XML,Android Views,xmlns:android=,https://github.com/Stypox/dicio-android/blob/1075d6966930c299ab6095825a2adbb3c1eeed8e/app/src/main/res/drawable/ic_speaker_phone_black.xml
Stypox/dicio-android@1075d6966930c299ab6095825a2adbb3c1eeed8e,app/src/main/res/drawable/ic_speaker_phone_white.xml,XML,Android Views,xmlns:android=,https://github.com/Stypox/dicio-android/blob/1075d6966930c299ab6095825a2adbb3c1eeed8e/app/src/main/res/drawable/ic_speaker_phone_white.xml
Stypox/dicio-android@1075d6966930c299ab6095825a2adbb3c1eeed8e,app/src/main/res/drawable/ic_timer_white.xml,XML,Android Views,xmlns:android=,https://github.com/Stypox/dicio-android/blob/1075d6966930c299ab6095825a2adbb3c1eeed8e/app/src/main/res/drawable/ic_timer_white.xml
Stypox/dicio-android@1075d6966930c299ab6095825a2adbb3c1eeed8e,app/src/main/res/drawable/ic_watch_white.xml,XML,Android Views,xmlns:android=,https://github.com/Stypox/dicio-android/blob/1075d6966930c299ab6095825a2adbb3c1eeed8e/app/src/main/res/drawable/ic_watch_white.xml
Stypox/dicio-android@1075d6966930c299ab6095825a2adbb3c1eeed8e,app/src/main/res/drawable/rectangle_rounded_corners.xml,XML,Android Views,xmlns:android=,https://github.com/Stypox/dicio-android/blob/1075d6966930c299ab6095825a2adbb3c1eeed8e/app/src/main/res/drawable/rectangle_rounded_corners.xml
Stypox/dicio-android@1075d6966930c299ab6095825a2adbb3c1eeed8e,app/src/main/res/drawable/rounded_corner_bottom_sheet_background.xml,XML,Android Views,xmlns:android=,https://github.com/Stypox/dicio-android/blob/1075d6966930c299ab6095825a2adbb3c1eeed8e/app/src/main/res/drawable/rounded_corner_bottom_sheet_background.xml
Stypox/dicio-android@1075d6966930c299ab6095825a2adbb3c1eeed8e,app/src/main/res/drawable/side_nav_bar.xml,XML,Android Views,xmlns:android=,https://github.com/Stypox/dicio-android/blob/1075d6966930c299ab6095825a2adbb3c1eeed8e/app/src/main/res/drawable/side_nav_bar.xml
Stypox/dicio-android@1075d6966930c299ab6095825a2adbb3c1eeed8e,app/src/main/res/drawable/splash_screen.xml,XML,Android Views,xmlns:android=,https://github.com/Stypox/dicio-android/blob/1075d6966930c299ab6095825a2adbb3c1eeed8e/app/src/main/res/drawable/splash_screen.xml
Stypox/dicio-android@1075d6966930c299ab6095825a2adbb3c1eeed8e,app/src/main/res/layout/activity_error.xml,XML,Android Views,xmlns:android=; android:layout_width; <LinearLayout; <ScrollView; <TextView; <Button,https://github.com/Stypox/dicio-android/blob/1075d6966930c299ab6095825a2adbb3c1eeed8e/app/src/main/res/layout/activity_error.xml
Stypox/dicio-android@1075d6966930c299ab6095825a2adbb3c1eeed8e,app/src/main/res/layout/activity_main.xml,XML,Android Views,xmlns:android=; android:layout_width; <LinearLayout; <ScrollView,https://github.com/Stypox/dicio-android/blob/1075d6966930c299ab6095825a2adbb3c1eeed8e/app/src/main/res/layout/activity_main.xml
Stypox/dicio-android@1075d6966930c299ab6095825a2adbb3c1eeed8e,app/src/main/res/layout/activity_settings.xml,XML,Android Views,xmlns:android=; android:layout_width,https://github.com/Stypox/dicio-android/blob/1075d6966930c299ab6095825a2adbb3c1eeed8e/app/src/main/res/layout/activity_settings.xml
Stypox/dicio-android@1075d6966930c299ab6095825a2adbb3c1eeed8e,app/src/main/res/layout/dialog_stt_service.xml,XML,Android Views,xmlns:android=; android:layout_width,https://github.com/Stypox/dicio-android/blob/1075d6966930c299ab6095825a2adbb3c1eeed8e/app/src/main/res/layout/dialog_stt_service.xml
Stypox/dicio-android@1075d6966930c299ab6095825a2adbb3c1eeed8e,app/src/main/res/layout/error_panel.xml,XML,Android Views,xmlns:android=; android:layout_width; <TextView,https://github.com/Stypox/dicio-android/blob/1075d6966930c299ab6095825a2adbb3c1eeed8e/app/src/main/res/layout/error_panel.xml
Stypox/dicio-android@1075d6966930c299ab6095825a2adbb3c1eeed8e,app/src/main/res/layout/initial_panel.xml,XML,Android Views,xmlns:android=; android:layout_width; <LinearLayout; <TextView,https://github.com/Stypox/dicio-android/blob/1075d6966930c299ab6095825a2adbb3c1eeed8e/app/src/main/res/layout/initial_panel.xml
Stypox/dicio-android@1075d6966930c299ab6095825a2adbb3c1eeed8e,app/src/main/res/layout/initial_panel_skill_item.xml,XML,Android Views,xmlns:android=; android:layout_width,https://github.com/Stypox/dicio-android/blob/1075d6966930c299ab6095825a2adbb3c1eeed8e/app/src/main/res/layout/initial_panel_skill_item.xml
Stypox/dicio-android@1075d6966930c299ab6095825a2adbb3c1eeed8e,app/src/main/res/layout/nav_header_main.xml,XML,Android Views,xmlns:android=; android:layout_width; <LinearLayout; <TextView; <ImageView,https://github.com/Stypox/dicio-android/blob/1075d6966930c299ab6095825a2adbb3c1eeed8e/app/src/main/res/layout/nav_header_main.xml
Stypox/dicio-android@1075d6966930c299ab6095825a2adbb3c1eeed8e,app/src/main/res/layout/pref_skill_item.xml,XML,Android Views,xmlns:android=; android:layout_width; <FrameLayout; <TextView,https://github.com/Stypox/dicio-android/blob/1075d6966930c299ab6095825a2adbb3c1eeed8e/app/src/main/res/layout/pref_skill_item.xml
Stypox/dicio-android@1075d6966930c299ab6095825a2adbb3c1eeed8e,app/src/main/res/layout/pref_skills.xml,XML,Android Views,xmlns:android=; android:layout_width; <TextView,https://github.com/Stypox/dicio-android/blob/1075d6966930c299ab6095825a2adbb3c1eeed8e/app/src/main/res/layout/pref_skills.xml
Stypox/dicio-android@1075d6966930c299ab6095825a2adbb3c1eeed8e,app/src/main/res/layout/skill_search_result.xml,XML,Android Views,xmlns:android=; android:layout_width; <TextView; <ImageView,https://github.com/Stypox/dicio-android/blob/1075d6966930c299ab6095825a2adbb3c1eeed8e/app/src/main/res/layout/skill_search_result.xml
Stypox/dicio-android@1075d6966930c299ab6095825a2adbb3c1eeed8e,app/src/main/res/layout/skill_telephone_contact.xml,XML,Android Views,xmlns:android=; android:layout_width; <TextView,https://github.com/Stypox/dicio-android/blob/1075d6966930c299ab6095825a2adbb3c1eeed8e/app/src/main/res/layout/skill_telephone_contact.xml
Stypox/dicio-android@1075d6966930c299ab6095825a2adbb3c1eeed8e,app/src/main/res/layout/skill_telephone_contact_secondary_number.xml,XML,Android Views,xmlns:android=; android:layout_width; <TextView,https://github.com/Stypox/dicio-android/blob/1075d6966930c299ab6095825a2adbb3c1eeed8e/app/src/main/res/layout/skill_telephone_contact_secondary_number.xml
Stypox/dicio-android@1075d6966930c299ab6095825a2adbb3c1eeed8e,app/src/main/res/layout/skill_weather.xml,XML,Android Views,xmlns:android=; android:layout_width; <TextView; <ImageView,https://github.com/Stypox/dicio-android/blob/1075d6966930c299ab6095825a2adbb3c1eeed8e/app/src/main/res/layout/skill_weather.xml
Stypox/dicio-android@1075d6966930c299ab6095825a2adbb3c1eeed8e,app/src/main/res/layout/user_input.xml,XML,Android Views,xmlns:android=; android:layout_width,https://github.com/Stypox/dicio-android/blob/1075d6966930c299ab6095825a2adbb3c1eeed8e/app/src/main/res/layout/user_input.xml
Stypox/dicio-android@1075d6966930c299ab6095825a2adbb3c1eeed8e,app/src/main/res/layout/user_input_partial.xml,XML,Android Views,xmlns:android=; android:layout_width,https://github.com/Stypox/dicio-android/blob/1075d6966930c299ab6095825a2adbb3c1eeed8e/app/src/main/res/layout/user_input_partial.xml
Stypox/dicio-android@1075d6966930c299ab6095825a2adbb3c1eeed8e,app/src/main/res/menu/activity_main_drawer.xml,XML,Android Views,xmlns:android=,https://github.com/Stypox/dicio-android/blob/1075d6966930c299ab6095825a2adbb3c1eeed8e/app/src/main/res/menu/activity_main_drawer.xml
Stypox/dicio-android@1075d6966930c299ab6095825a2adbb3c1eeed8e,app/src/main/res/menu/error.xml,XML,Android Views,xmlns:android=,https://github.com/Stypox/dicio-android/blob/1075d6966930c299ab6095825a2adbb3c1eeed8e/app/src/main/res/menu/error.xml
Stypox/dicio-android@1075d6966930c299ab6095825a2adbb3c1eeed8e,app/src/main/res/menu/main.xml,XML,Android Views,xmlns:android=,https://github.com/Stypox/dicio-android/blob/1075d6966930c299ab6095825a2adbb3c1eeed8e/app/src/main/res/menu/main.xml
Stypox/dicio-android@1075d6966930c299ab6095825a2adbb3c1eeed8e,app/src/main/res/mipmap-anydpi-v26/ic_launcher.xml,XML,Android Views,xmlns:android=,https://github.com/Stypox/dicio-android/blob/1075d6966930c299ab6095825a2adbb3c1eeed8e/app/src/main/res/mipmap-anydpi-v26/ic_launcher.xml
Stypox/dicio-android@1075d6966930c299ab6095825a2adbb3c1eeed8e,app/src/main/res/xml/data_extraction_rules.xml,XML,Android Views,<include,https://github.com/Stypox/dicio-android/blob/1075d6966930c299ab6095825a2adbb3c1eeed8e/app/src/main/res/xml/data_extraction_rules.xml
Stypox/dicio-android@1075d6966930c299ab6095825a2adbb3c1eeed8e,app/src/main/res/xml/full_backup_content.xml,XML,Android Views,<include,https://github.com/Stypox/dicio-android/blob/1075d6966930c299ab6095825a2adbb3c1eeed8e/app/src/main/res/xml/full_backup_content.xml
Stypox/dicio-android@1075d6966930c299ab6095825a2adbb3c1eeed8e,app/src/main/res/xml/pref_appearance.xml,XML,Android Views,xmlns:android=,https://github.com/Stypox/dicio-android/blob/1075d6966930c299ab6095825a2adbb3c1eeed8e/app/src/main/res/xml/pref_appearance.xml
Stypox/dicio-android@1075d6966930c299ab6095825a2adbb3c1eeed8e,app/src/main/res/xml/pref_header.xml,XML,Android Views,xmlns:android=,https://github.com/Stypox/dicio-android/blob/1075d6966930c299ab6095825a2adbb3c1eeed8e/app/src/main/res/xml/pref_header.xml
Stypox/dicio-android@1075d6966930c299ab6095825a2adbb3c1eeed8e,app/src/main/res/xml/pref_io.xml,XML,Android Views,xmlns:android=,https://github.com/Stypox/dicio-android/blob/1075d6966930c299ab6095825a2adbb3c1eeed8e/app/src/main/res/xml/pref_io.xml
Stypox/dicio-android@1075d6966930c299ab6095825a2adbb3c1eeed8e,app/src/main/res/xml/pref_search.xml,XML,Android Views,xmlns:android=,https://github.com/Stypox/dicio-android/blob/1075d6966930c299ab6095825a2adbb3c1eeed8e/app/src/main/res/xml/pref_search.xml
Stypox/dicio-android@1075d6966930c299ab6095825a2adbb3c1eeed8e,app/src/main/res/xml/pref_weather.xml,XML,Android Views,xmlns:android=; <EditText,https://github.com/Stypox/dicio-android/blob/1075d6966930c299ab6095825a2adbb3c1eeed8e/app/src/main/res/xml/pref_weather.xml
google/iosched@f5762bef79dc6cc9fd69011fd49d2e18d005a304,androidTest-shared/src/main/AndroidManifest.xml,XML,Android Views,xmlns:android=,https://github.com/google/iosched/blob/f5762bef79dc6cc9fd69011fd49d2e18d005a304/androidTest-shared/src/main/AndroidManifest.xml
google/iosched@f5762bef79dc6cc9fd69011fd49d2e18d005a304,ar/src/main/AndroidManifest.xml,XML,Android Views,xmlns:android=,https://github.com/google/iosched/blob/f5762bef79dc6cc9fd69011fd49d2e18d005a304/ar/src/main/AndroidManifest.xml
google/iosched@f5762bef79dc6cc9fd69011fd49d2e18d005a304,ar/src/main/java/com/google/samples/apps/iosched/ar/ArActivity.kt,Kotlin,Android Views,setContentView,https://github.com/google/iosched/blob/f5762bef79dc6cc9fd69011fd49d2e18d005a304/ar/src/main/java/com/google/samples/apps/iosched/ar/ArActivity.kt
google/iosched@f5762bef79dc6cc9fd69011fd49d2e18d005a304,benchmark/src/androidTest/AndroidManifest.xml,XML,Android Views,xmlns:android=,https://github.com/google/iosched/blob/f5762bef79dc6cc9fd69011fd49d2e18d005a304/benchmark/src/androidTest/AndroidManifest.xml
google/iosched@f5762bef79dc6cc9fd69011fd49d2e18d005a304,benchmark/src/main/AndroidManifest.xml,XML,Android Views,xmlns:android=,https://github.com/google/iosched/blob/f5762bef79dc6cc9fd69011fd49d2e18d005a304/benchmark/src/main/AndroidManifest.xml
google/iosched@f5762bef79dc6cc9fd69011fd49d2e18d005a304,mobile/build.gradle.kts,Kotlin,Android Views,DataBinding,https://github.com/google/iosched/blob/f5762bef79dc6cc9fd69011fd49d2e18d005a304/mobile/build.gradle.kts
google/iosched@f5762bef79dc6cc9fd69011fd49d2e18d005a304,mobile/src/androidTest/java/com/google/samples/apps/iosched/tests/ui/AgendaTest.kt,Kotlin,Android Views,android.widget.TextView,https://github.com/google/iosched/blob/f5762bef79dc6cc9fd69011fd49d2e18d005a304/mobile/src/androidTest/java/com/google/samples/apps/iosched/tests/ui/AgendaTest.kt
google/iosched@f5762bef79dc6cc9fd69011fd49d2e18d005a304,mobile/src/androidTest/java/com/google/samples/apps/iosched/tests/ui/CodelabTest.kt,Kotlin,Android Views,android.widget.TextView,https://github.com/google/iosched/blob/f5762bef79dc6cc9fd69011fd49d2e18d005a304/mobile/src/androidTest/java/com/google/samples/apps/iosched/tests/ui/CodelabTest.kt
google/iosched@f5762bef79dc6cc9fd69011fd49d2e18d005a304,mobile/src/androidTest/java/com/google/samples/apps/iosched/tests/ui/HomeTest.kt,Kotlin,Android Views,android.widget.TextView; RecyclerView.ViewHolder,https://github.com/google/iosched/blob/f5762bef79dc6cc9fd69011fd49d2e18d005a304/mobile/src/androidTest/java/com/google/samples/apps/iosched/tests/ui/HomeTest.kt
google/iosched@f5762bef79dc6cc9fd69011fd49d2e18d005a304,mobile/src/androidTest/java/com/google/samples/apps/iosched/tests/ui/InfoTest.kt,Kotlin,Android Views,android.widget.TextView,https://github.com/google/iosched/blob/f5762bef79dc6cc9fd69011fd49d2e18d005a304/mobile/src/androidTest/java/com/google/samples/apps/iosched/tests/ui/InfoTest.kt
google/iosched@f5762bef79dc6cc9fd69011fd49d2e18d005a304,mobile/src/androidTest/java/com/google/samples/apps/iosched/tests/ui/MapTest.kt,Kotlin,Android Views,android.widget.TextView,https://github.com/google/iosched/blob/f5762bef79dc6cc9fd69011fd49d2e18d005a304/mobile/src/androidTest/java/com/google/samples/apps/iosched/tests/ui/MapTest.kt
google/iosched@f5762bef79dc6cc9fd69011fd49d2e18d005a304,mobile/src/androidTest/java/com/google/samples/apps/iosched/tests/ui/SettingsTest.kt,Kotlin,Android Views,android.widget.TextView,https://github.com/google/iosched/blob/f5762bef79dc6cc9fd69011fd49d2e18d005a304/mobile/src/androidTest/java/com/google/samples/apps/iosched/tests/ui/SettingsTest.kt
google/iosched@f5762bef79dc6cc9fd69011fd49d2e18d005a304,mobile/src/main/AndroidManifest.xml,XML,Android Views,xmlns:android=,https://github.com/google/iosched/blob/f5762bef79dc6cc9fd69011fd49d2e18d005a304/mobile/src/main/AndroidManifest.xml
google/iosched@f5762bef79dc6cc9fd69011fd49d2e18d005a304,mobile/src/main/java/com/google/samples/apps/iosched/ui/DispatchInsetsNavHostFragment.kt,Kotlin,Android Views,android.view.View; android.view.ViewGroup,https://github.com/google/iosched/blob/f5762bef79dc6cc9fd69011fd49d2e18d005a304/mobile/src/main/java/com/google/samples/apps/iosched/ui/DispatchInsetsNavHostFragment.kt
google/iosched@f5762bef79dc6cc9fd69011fd49d2e18d005a304,mobile/src/main/java/com/google/samples/apps/iosched/ui/MainActivity.kt,Kotlin,Android Views,findViewById; setContentView; android.view.View; databinding,https://github.com/google/iosched/blob/f5762bef79dc6cc9fd69011fd49d2e18d005a304/mobile/src/main/java/com/google/samples/apps/iosched/ui/MainActivity.kt
google/iosched@f5762bef79dc6cc9fd69011fd49d2e18d005a304,mobile/src/main/java/com/google/samples/apps/iosched/ui/MainNavigation.kt,Kotlin,Android Views,findViewById; android.view.View,https://github.com/google/iosched/blob/f5762bef79dc6cc9fd69011fd49d2e18d005a304/mobile/src/main/java/com/google/samples/apps/iosched/ui/MainNavigation.kt
google/iosched@f5762bef79dc6cc9fd69011fd49d2e18d005a304,mobile/src/main/java/com/google/samples/apps/iosched/ui/agenda/AgendaAdapter.kt,Kotlin,Android Views,LayoutInflater; RecyclerView.ViewHolder; android.view.View; android.view.ViewGroup; DataBinding; databinding,https://github.com/google/iosched/blob/f5762bef79dc6cc9fd69011fd49d2e18d005a304/mobile/src/main/java/com/google/samples/apps/iosched/ui/agenda/AgendaAdapter.kt
google/iosched@f5762bef79dc6cc9fd69011fd49d2e18d005a304,mobile/src/main/java/com/google/samples/apps/iosched/ui/agenda/AgendaFragment.kt,Kotlin,Android Views,LayoutInflater; android.view.View; android.view.ViewGroup; databinding,https://github.com/google/iosched/blob/f5762bef79dc6cc9fd69011fd49d2e18d005a304/mobile/src/main/java/com/google/samples/apps/iosched/ui/agenda/AgendaFragment.kt
google/iosched@f5762bef79dc6cc9fd69011fd49d2e18d005a304,mobile/src/main/java/com/google/samples/apps/iosched/ui/agenda/AgendaHeadersDecoration.kt,Kotlin,Android Views,android.view.View,https://github.com/google/iosched/blob/f5762bef79dc6cc9fd69011fd49d2e18d005a304/mobile/src/main/java/com/google/samples/apps/iosched/ui/agenda/AgendaHeadersDecoration.kt
google/iosched@f5762bef79dc6cc9fd69011fd49d2e18d005a304,mobile/src/main/java/com/google/samples/apps/iosched/ui/agenda/AgendaItemBindingAdapter.kt,Kotlin,Android Views,android.widget.TextView; android.widget.ImageView; android.view.View; databinding,https://github.com/google/iosched/blob/f5762bef79dc6cc9fd69011fd49d2e18d005a304/mobile/src/main/java/com/google/samples/apps/iosched/ui/agenda/AgendaItemBindingAdapter.kt
google/iosched@f5762bef79dc6cc9fd69011fd49d2e18d005a304,mobile/src/main/java/com/google/samples/apps/iosched/ui/ar/ArCoreNotSupportedFragment.kt,Kotlin,Android Views,LayoutInflater; android.view.View; android.view.ViewGroup; inflater.inflate,https://github.com/google/iosched/blob/f5762bef79dc6cc9fd69011fd49d2e18d005a304/mobile/src/main/java/com/google/samples/apps/iosched/ui/ar/ArCoreNotSupportedFragment.kt
google/iosched@f5762bef79dc6cc9fd69011fd49d2e18d005a304,mobile/src/main/java/com/google/samples/apps/iosched/ui/ar/NoNetworkConnectionFragment.kt,Kotlin,Android Views,LayoutInflater; android.view.View; android.view.ViewGroup; inflater.inflate,https://github.com/google/iosched/blob/f5762bef79dc6cc9fd69011fd49d2e18d005a304/mobile/src/main/java/com/google/samples/apps/iosched/ui/ar/NoNetworkConnectionFragment.kt
google/iosched@f5762bef79dc6cc9fd69011fd49d2e18d005a304,mobile/src/main/java/com/google/samples/apps/iosched/ui/codelabs/CodelabsAdapter.kt,Kotlin,Android Views,LayoutInflater; android.widget.TextView; RecyclerView.ViewHolder; android.view.View; android.view.ViewGroup; setOnClickListener; databinding,https://github.com/google/iosched/blob/f5762bef79dc6cc9fd69011fd49d2e18d005a304/mobile/src/main/java/com/google/samples/apps/iosched/ui/codelabs/CodelabsAdapter.kt
google/iosched@f5762bef79dc6cc9fd69011fd49d2e18d005a304,mobile/src/main/java/com/google/samples/apps/iosched/ui/codelabs/CodelabsFragment.kt,Kotlin,Android Views,LayoutInflater; android.view.View; android.view.ViewGroup; databinding,https://github.com/google/iosched/blob/f5762bef79dc6cc9fd69011fd49d2e18d005a304/mobile/src/main/java/com/google/samples/apps/iosched/ui/codelabs/CodelabsFragment.kt
google/iosched@f5762bef79dc6cc9fd69011fd49d2e18d005a304,mobile/src/main/java/com/google/samples/apps/iosched/ui/feed/AnnouncementsFragment.kt,Kotlin,Android Views,LayoutInflater; android.view.View; android.view.ViewGroup; databinding,https://github.com/google/iosched/blob/f5762bef79dc6cc9fd69011fd49d2e18d005a304/mobile/src/main/java/com/google/samples/apps/iosched/ui/feed/AnnouncementsFragment.kt
google/iosched@f5762bef79dc6cc9fd69011fd49d2e18d005a304,mobile/src/main/java/com/google/samples/apps/iosched/ui/feed/FeedAdapter.kt,Kotlin,Android Views,RecyclerView.ViewHolder; android.view.View; android.view.ViewGroup,https://github.com/google/iosched/blob/f5762bef79dc6cc9fd69011fd49d2e18d005a304/mobile/src/main/java/com/google/samples/apps/iosched/ui/feed/FeedAdapter.kt
google/iosched@f5762bef79dc6cc9fd69011fd49d2e18d005a304,mobile/src/main/java/com/google/samples/apps/iosched/ui/feed/FeedAnnouncementViewBinders.kt,Kotlin,Android Views,LayoutInflater; android.widget.TextView; RecyclerView.ViewHolder; android.view.View; android.view.ViewGroup; databinding,https://github.com/google/iosched/blob/f5762bef79dc6cc9fd69011fd49d2e18d005a304/mobile/src/main/java/com/google/samples/apps/iosched/ui/feed/FeedAnnouncementViewBinders.kt
google/iosched@f5762bef79dc6cc9fd69011fd49d2e18d005a304,mobile/src/main/java/com/google/samples/apps/iosched/ui/feed/FeedFragment.kt,Kotlin,Android Views,LayoutInflater; android.view.View; android.view.ViewGroup; databinding,https://github.com/google/iosched/blob/f5762bef79dc6cc9fd69011fd49d2e18d005a304/mobile/src/main/java/com/google/samples/apps/iosched/ui/feed/FeedFragment.kt
google/iosched@f5762bef79dc6cc9fd69011fd49d2e18d005a304,mobile/src/main/java/com/google/samples/apps/iosched/ui/feed/FeedHeaderViewBinders.kt,Kotlin,Android Views,LayoutInflater; android.widget.Button; RecyclerView.ViewHolder; android.view.View; android.view.ViewGroup; setOnClickListener; databinding,https://github.com/google/iosched/blob/f5762bef79dc6cc9fd69011fd49d2e18d005a304/mobile/src/main/java/com/google/samples/apps/iosched/ui/feed/FeedHeaderViewBinders.kt
google/iosched@f5762bef79dc6cc9fd69011fd49d2e18d005a304,mobile/src/main/java/com/google/samples/apps/iosched/ui/feed/FeedSectionHeaderViewBinder.kt,Kotlin,Android Views,LayoutInflater; RecyclerView.ViewHolder; android.view.View; android.view.ViewGroup; databinding,https://github.com/google/iosched/blob/f5762bef79dc6cc9fd69011fd49d2e18d005a304/mobile/src/main/java/com/google/samples/apps/iosched/ui/feed/FeedSectionHeaderViewBinder.kt
google/iosched@f5762bef79dc6cc9fd69011fd49d2e18d005a304,mobile/src/main/java/com/google/samples/apps/iosched/ui/feed/FeedSessionsViewBinder.kt,Kotlin,Android Views,LayoutInflater; android.widget.TextView; RecyclerView.ViewHolder; android.view.View; android.view.ViewGroup; setOnClickListener; databinding,https://github.com/google/iosched/blob/f5762bef79dc6cc9fd69011fd49d2e18d005a304/mobile/src/main/java/com/google/samples/apps/iosched/ui/feed/FeedSessionsViewBinder.kt
google/iosched@f5762bef79dc6cc9fd69011fd49d2e18d005a304,mobile/src/main/java/com/google/samples/apps/iosched/ui/feed/FeedSocialChannelsSectionViewBinder.kt,Kotlin,Android Views,LayoutInflater; RecyclerView.ViewHolder; android.view.View; android.view.ViewGroup; databinding,https://github.com/google/iosched/blob/f5762bef79dc6cc9fd69011fd49d2e18d005a304/mobile/src/main/java/com/google/samples/apps/iosched/ui/feed/FeedSocialChannelsSectionViewBinder.kt
google/iosched@f5762bef79dc6cc9fd69011fd49d2e18d005a304,mobile/src/main/java/com/google/samples/apps/iosched/ui/feed/FeedSustainabilitySectionViewBinder.kt,Kotlin,Android Views,LayoutInflater; RecyclerView.ViewHolder; android.view.View; android.view.ViewGroup; databinding,https://github.com/google/iosched/blob/f5762bef79dc6cc9fd69011fd49d2e18d005a304/mobile/src/main/java/com/google/samples/apps/iosched/ui/feed/FeedSustainabilitySectionViewBinder.kt
google/iosched@f5762bef79dc6cc9fd69011fd49d2e18d005a304,mobile/src/main/java/com/google/samples/apps/iosched/ui/filters/CloseableFilterChipAdapter.kt,Kotlin,Android Views,LayoutInflater; RecyclerView.ViewHolder; android.view.View; android.view.ViewGroup; databinding,https://github.com/google/iosched/blob/f5762bef79dc6cc9fd69011fd49d2e18d005a304/mobile/src/main/java/com/google/samples/apps/iosched/ui/filters/CloseableFilterChipAdapter.kt
google/iosched@f5762bef79dc6cc9fd69011fd49d2e18d005a304,mobile/src/main/java/com/google/samples/apps/iosched/ui/filters/FiltersFragment.kt,Kotlin,Android Views,LayoutInflater; android.view.View; android.view.ViewGroup; setOnClickListener; databinding,https://github.com/google/iosched/blob/f5762bef79dc6cc9fd69011fd49d2e18d005a304/mobile/src/main/java/com/google/samples/apps/iosched/ui/filters/FiltersFragment.kt
google/iosched@f5762bef79dc6cc9fd69011fd49d2e18d005a304,mobile/src/main/java/com/google/samples/apps/iosched/ui/filters/FiltersViewBindingAdapters.kt,Kotlin,Android Views,android.widget.TextView; setOnClickListener; databinding,https://github.com/google/iosched/blob/f5762bef79dc6cc9fd69011fd49d2e18d005a304/mobile/src/main/java/com/google/samples/apps/iosched/ui/filters/FiltersViewBindingAdapters.kt
google/iosched@f5762bef79dc6cc9fd69011fd49d2e18d005a304,mobile/src/main/java/com/google/samples/apps/iosched/ui/filters/SelectableFilterChipAdapter.kt,Kotlin,Android Views,LayoutInflater; RecyclerView.ViewHolder; android.view.View; android.view.ViewGroup; databinding,https://github.com/google/iosched/blob/f5762bef79dc6cc9fd69011fd49d2e18d005a304/mobile/src/main/java/com/google/samples/apps/iosched/ui/filters/SelectableFilterChipAdapter.kt
google/iosched@f5762bef79dc6cc9fd69011fd49d2e18d005a304,mobile/src/main/java/com/google/samples/apps/iosched/ui/info/EventFragment.kt,Kotlin,Android Views,findViewById; LayoutInflater; android.widget.TextView; android.view.View; android.view.ViewGroup; databinding,https://github.com/google/iosched/blob/f5762bef79dc6cc9fd69011fd49d2e18d005a304/mobile/src/main/java/com/google/samples/apps/iosched/ui/info/EventFragment.kt
google/iosched@f5762bef79dc6cc9fd69011fd49d2e18d005a304,mobile/src/main/java/com/google/samples/apps/iosched/ui/info/FaqFragment.kt,Kotlin,Android Views,LayoutInflater; android.view.View; android.view.ViewGroup; inflater.inflate,https://github.com/google/iosched/blob/f5762bef79dc6cc9fd69011fd49d2e18d005a304/mobile/src/main/java/com/google/samples/apps/iosched/ui/info/FaqFragment.kt
google/iosched@f5762bef79dc6cc9fd69011fd49d2e18d005a304,mobile/src/main/java/com/google/samples/apps/iosched/ui/info/InfoFragment.kt,Kotlin,Android Views,LayoutInflater; android.view.View; android.view.ViewGroup; databinding,https://github.com/google/iosched/blob/f5762bef79dc6cc9fd69011fd49d2e18d005a304/mobile/src/main/java/com/google/samples/apps/iosched/ui/info/InfoFragment.kt
google/iosched@f5762bef79dc6cc9fd69011fd49d2e18d005a304,mobile/src/main/java/com/google/samples/apps/iosched/ui/info/TravelFragment.kt,Kotlin,Android Views,LayoutInflater; android.view.View; android.view.ViewGroup; inflater.inflate,https://github.com/google/iosched/blob/f5762bef79dc6cc9fd69011fd49d2e18d005a304/mobile/src/main/java/com/google/samples/apps/iosched/ui/info/TravelFragment.kt
google/iosched@f5762bef79dc6cc9fd69011fd49d2e18d005a304,mobile/src/main/java/com/google/samples/apps/iosched/ui/map/MapFragment.kt,Kotlin,Android Views,LayoutInflater; android.view.View; android.view.ViewGroup; setOnClickListener; databinding,https://github.com/google/iosched/blob/f5762bef79dc6cc9fd69011fd49d2e18d005a304/mobile/src/main/java/com/google/samples/apps/iosched/ui/map/MapFragment.kt
google/iosched@f5762bef79dc6cc9fd69011fd49d2e18d005a304,mobile/src/main/java/com/google/samples/apps/iosched/ui/map/MapVariantAdapter.kt,Kotlin,Android Views,LayoutInflater; android.widget.TextView; RecyclerView.Adapter; RecyclerView.ViewHolder; android.view.View; android.view.ViewGroup; setOnClickListener; databinding,https://github.com/google/iosched/blob/f5762bef79dc6cc9fd69011fd49d2e18d005a304/mobile/src/main/java/com/google/samples/apps/iosched/ui/map/MapVariantAdapter.kt
google/iosched@f5762bef79dc6cc9fd69011fd49d2e18d005a304,mobile/src/main/java/com/google/samples/apps/iosched/ui/map/MapVariantSelectionDialogFragment.kt,Kotlin,Android Views,findViewById; LayoutInflater; android.view.View; android.view.ViewGroup; inflater.inflate,https://github.com/google/iosched/blob/f5762bef79dc6cc9fd69011fd49d2e18d005a304/mobile/src/main/java/com/google/samples/apps/iosched/ui/map/MapVariantSelectionDialogFragment.kt
google/iosched@f5762bef79dc6cc9fd69011fd49d2e18d005a304,mobile/src/main/java/com/google/samples/apps/iosched/ui/map/MapViewBindingAdapters.kt,Kotlin,Android Views,android.view.View; databinding,https://github.com/google/iosched/blob/f5762bef79dc6cc9fd69011fd49d2e18d005a304/mobile/src/main/java/com/google/samples/apps/iosched/ui/map/MapViewBindingAdapters.kt
google/iosched@f5762bef79dc6cc9fd69011fd49d2e18d005a304,mobile/src/main/java/com/google/samples/apps/iosched/ui/onboarding/OnboardingActivity.kt,Kotlin,Android Views,findViewById; setContentView; android.view.View,https://github.com/google/iosched/blob/f5762bef79dc6cc9fd69011fd49d2e18d005a304/mobile/src/main/java/com/google/samples/apps/iosched/ui/onboarding/OnboardingActivity.kt
google/iosched@f5762bef79dc6cc9fd69011fd49d2e18d005a304,mobile/src/main/java/com/google/samples/apps/iosched/ui/onboarding/OnboardingFragment.kt,Kotlin,Android Views,LayoutInflater; android.view.View; android.view.ViewGroup; databinding,https://github.com/google/iosched/blob/f5762bef79dc6cc9fd69011fd49d2e18d005a304/mobile/src/main/java/com/google/samples/apps/iosched/ui/onboarding/OnboardingFragment.kt
google/iosched@f5762bef79dc6cc9fd69011fd49d2e18d005a304,mobile/src/main/java/com/google/samples/apps/iosched/ui/onboarding/OnboardingSignInFragment.kt,Kotlin,Android Views,LayoutInflater; android.view.View; android.view.ViewGroup; databinding,https://github.com/google/iosched/blob/f5762bef79dc6cc9fd69011fd49d2e18d005a304/mobile/src/main/java/com/google/samples/apps/iosched/ui/onboarding/OnboardingSignInFragment.kt
google/iosched@f5762bef79dc6cc9fd69011fd49d2e18d005a304,mobile/src/main/java/com/google/samples/apps/iosched/ui/onboarding/WelcomeDuringConferenceFragment.kt,Kotlin,Android Views,LayoutInflater; android.view.View; android.view.ViewGroup; databinding,https://github.com/google/iosched/blob/f5762bef79dc6cc9fd69011fd49d2e18d005a304/mobile/src/main/java/com/google/samples/apps/iosched/ui/onboarding/WelcomeDuringConferenceFragment.kt
google/iosched@f5762bef79dc6cc9fd69011fd49d2e18d005a304,mobile/src/main/java/com/google/samples/apps/iosched/ui/onboarding/WelcomePostConferenceFragment.kt,Kotlin,Android Views,LayoutInflater; android.view.View; android.view.ViewGroup; inflater.inflate,https://github.com/google/iosched/blob/f5762bef79dc6cc9fd69011fd49d2e18d005a304/mobile/src/main/java/com/google/samples/apps/iosched/ui/onboarding/WelcomePostConferenceFragment.kt
google/iosched@f5762bef79dc6cc9fd69011fd49d2e18d005a304,mobile/src/main/java/com/google/samples/apps/iosched/ui/onboarding/WelcomePreConferenceFragment.kt,Kotlin,Android Views,LayoutInflater; android.view.View; android.view.ViewGroup; databinding,https://github.com/google/iosched/blob/f5762bef79dc6cc9fd69011fd49d2e18d005a304/mobile/src/main/java/com/google/samples/apps/iosched/ui/onboarding/WelcomePreConferenceFragment.kt
google/iosched@f5762bef79dc6cc9fd69011fd49d2e18d005a304,mobile/src/main/java/com/google/samples/apps/iosched/ui/reservation/RemoveReservationDialogFragment.kt,Kotlin,Android Views,LayoutInflater; android.view.View; android.view.ViewGroup,https://github.com/google/iosched/blob/f5762bef79dc6cc9fd69011fd49d2e18d005a304/mobile/src/main/java/com/google/samples/apps/iosched/ui/reservation/RemoveReservationDialogFragment.kt
google/iosched@f5762bef79dc6cc9fd69011fd49d2e18d005a304,mobile/src/main/java/com/google/samples/apps/iosched/ui/schedule/DayIndicatorAdapter.kt,Kotlin,Android Views,LayoutInflater; android.widget.TextView; RecyclerView.ViewHolder; android.view.View; android.view.ViewGroup; databinding,https://github.com/google/iosched/blob/f5762bef79dc6cc9fd69011fd49d2e18d005a304/mobile/src/main/java/com/google/samples/apps/iosched/ui/schedule/DayIndicatorAdapter.kt
google/iosched@f5762bef79dc6cc9fd69011fd49d2e18d005a304,mobile/src/main/java/com/google/samples/apps/iosched/ui/schedule/DaySeparatorItemDecoration.kt,Kotlin,Android Views,android.view.View,https://github.com/google/iosched/blob/f5762bef79dc6cc9fd69011fd49d2e18d005a304/mobile/src/main/java/com/google/samples/apps/iosched/ui/schedule/DaySeparatorItemDecoration.kt
google/iosched@f5762bef79dc6cc9fd69011fd49d2e18d005a304,mobile/src/main/java/com/google/samples/apps/iosched/ui/schedule/ScheduleFragment.kt,Kotlin,Android Views,LayoutInflater; android.view.View; android.view.ViewGroup; databinding,https://github.com/google/iosched/blob/f5762bef79dc6cc9fd69011fd49d2e18d005a304/mobile/src/main/java/com/google/samples/apps/iosched/ui/schedule/ScheduleFragment.kt
google/iosched@f5762bef79dc6cc9fd69011fd49d2e18d005a304,mobile/src/main/java/com/google/samples/apps/iosched/ui/schedule/ScheduleItemBindingAdapter.kt,Kotlin,Android Views,android.widget.TextView; android.view.View; databinding,https://github.com/google/iosched/blob/f5762bef79dc6cc9fd69011fd49d2e18d005a304/mobile/src/main/java/com/google/samples/apps/iosched/ui/schedule/ScheduleItemBindingAdapter.kt
google/iosched@f5762bef79dc6cc9fd69011fd49d2e18d005a304,mobile/src/main/java/com/google/samples/apps/iosched/ui/schedule/ScheduleTimeHeadersDecoration.kt,Kotlin,Android Views,android.view.View,https://github.com/google/iosched/blob/f5762bef79dc6cc9fd69011fd49d2e18d005a304/mobile/src/main/java/com/google/samples/apps/iosched/ui/schedule/ScheduleTimeHeadersDecoration.kt
google/iosched@f5762bef79dc6cc9fd69011fd49d2e18d005a304,mobile/src/main/java/com/google/samples/apps/iosched/ui/search/SearchFragment.kt,Kotlin,Android Views,LayoutInflater; android.view.View; android.view.ViewGroup; databinding,https://github.com/google/iosched/blob/f5762bef79dc6cc9fd69011fd49d2e18d005a304/mobile/src/main/java/com/google/samples/apps/iosched/ui/search/SearchFragment.kt
google/iosched@f5762bef79dc6cc9fd69011fd49d2e18d005a304,mobile/src/main/java/com/google/samples/apps/iosched/ui/sessioncommon/SessionsAdapter.kt,Kotlin,Android Views,LayoutInflater; RecyclerView.ViewHolder; android.view.View; android.view.ViewGroup; databinding,https://github.com/google/iosched/blob/f5762bef79dc6cc9fd69011fd49d2e18d005a304/mobile/src/main/java/com/google/samples/apps/iosched/ui/sessioncommon/SessionsAdapter.kt
google/iosched@f5762bef79dc6cc9fd69011fd49d2e18d005a304,mobile/src/main/java/com/google/samples/apps/iosched/ui/sessioncommon/TagAdapter.kt,Kotlin,Android Views,LayoutInflater; RecyclerView.Adapter; RecyclerView.ViewHolder; android.view.View; android.view.ViewGroup; databinding,https://github.com/google/iosched/blob/f5762bef79dc6cc9fd69011fd49d2e18d005a304/mobile/src/main/java/com/google/samples/apps/iosched/ui/sessioncommon/TagAdapter.kt
google/iosched@f5762bef79dc6cc9fd69011fd49d2e18d005a304,mobile/src/main/java/com/google/samples/apps/iosched/ui/sessioncommon/TagBindingAdapters.kt,Kotlin,Android Views,android.widget.TextView; databinding,https://github.com/google/iosched/blob/f5762bef79dc6cc9fd69011fd49d2e18d005a304/mobile/src/main/java/com/google/samples/apps/iosched/ui/sessioncommon/TagBindingAdapters.kt
google/iosched@f5762bef79dc6cc9fd69011fd49d2e18d005a304,mobile/src/main/java/com/google/samples/apps/iosched/ui/sessiondetail/SessionDetailActivity.kt,Kotlin,Android Views,setContentView,https://github.com/google/iosched/blob/f5762bef79dc6cc9fd69011fd49d2e18d005a304/mobile/src/main/java/com/google/samples/apps/iosched/ui/sessiondetail/SessionDetailActivity.kt
google/iosched@f5762bef79dc6cc9fd69011fd49d2e18d005a304,mobile/src/main/java/com/google/samples/apps/iosched/ui/sessiondetail/SessionDetailAdapter.kt,Kotlin,Android Views,LayoutInflater; RecyclerView.Adapter; RecyclerView.ViewHolder; android.view.View; android.view.ViewGroup; databinding,https://github.com/google/iosched/blob/f5762bef79dc6cc9fd69011fd49d2e18d005a304/mobile/src/main/java/com/google/samples/apps/iosched/ui/sessiondetail/SessionDetailAdapter.kt
google/iosched@f5762bef79dc6cc9fd69011fd49d2e18d005a304,mobile/src/main/java/com/google/samples/apps/iosched/ui/sessiondetail/SessionDetailDataBindingAdapters.kt,Kotlin,Android Views,android.widget.TextView; android.widget.ImageView; android.view.View; setOnClickListener; databinding,https://github.com/google/iosched/blob/f5762bef79dc6cc9fd69011fd49d2e18d005a304/mobile/src/main/java/com/google/samples/apps/iosched/ui/sessiondetail/SessionDetailDataBindingAdapters.kt
google/iosched@f5762bef79dc6cc9fd69011fd49d2e18d005a304,mobile/src/main/java/com/google/samples/apps/iosched/ui/sessiondetail/SessionDetailFragment.kt,Kotlin,Android Views,findViewById; LayoutInflater; android.view.View; android.view.ViewGroup; ViewBinding; databinding,https://github.com/google/iosched/blob/f5762bef79dc6cc9fd69011fd49d2e18d005a304/mobile/src/main/java/com/google/samples/apps/iosched/ui/sessiondetail/SessionDetailFragment.kt
google/iosched@f5762bef79dc6cc9fd69011fd49d2e18d005a304,mobile/src/main/java/com/google/samples/apps/iosched/ui/sessiondetail/SessionFeedbackFragment.kt,Kotlin,Android Views,LayoutInflater; RecyclerView.ViewHolder; android.view.View; android.view.ViewGroup; databinding,https://github.com/google/iosched/blob/f5762bef79dc6cc9fd69011fd49d2e18d005a304/mobile/src/main/java/com/google/samples/apps/iosched/ui/sessiondetail/SessionFeedbackFragment.kt
google/iosched@f5762bef79dc6cc9fd69011fd49d2e18d005a304,mobile/src/main/java/com/google/samples/apps/iosched/ui/settings/SettingsFragment.kt,Kotlin,Android Views,LayoutInflater; android.widget.TextView; android.view.View; android.view.ViewGroup; setOnClickListener; databinding,https://github.com/google/iosched/blob/f5762bef79dc6cc9fd69011fd49d2e18d005a304/mobile/src/main/java/com/google/samples/apps/iosched/ui/settings/SettingsFragment.kt
google/iosched@f5762bef79dc6cc9fd69011fd49d2e18d005a304,mobile/src/main/java/com/google/samples/apps/iosched/ui/signin/SignInDialogFragment.kt,Kotlin,Android Views,LayoutInflater; android.view.View; android.view.ViewGroup; DataBinding; databinding,https://github.com/google/iosched/blob/f5762bef79dc6cc9fd69011fd49d2e18d005a304/mobile/src/main/java/com/google/samples/apps/iosched/ui/signin/SignInDialogFragment.kt
google/iosched@f5762bef79dc6cc9fd69011fd49d2e18d005a304,mobile/src/main/java/com/google/samples/apps/iosched/ui/signin/SignOutDialogFragment.kt,Kotlin,Android Views,LayoutInflater; android.widget.TextView; android.view.View; android.view.ViewGroup; DataBinding; databinding,https://github.com/google/iosched/blob/f5762bef79dc6cc9fd69011fd49d2e18d005a304/mobile/src/main/java/com/google/samples/apps/iosched/ui/signin/SignOutDialogFragment.kt
google/iosched@f5762bef79dc6cc9fd69011fd49d2e18d005a304,mobile/src/main/java/com/google/samples/apps/iosched/ui/speaker/SpeakerAdapter.kt,Kotlin,Android Views,LayoutInflater; RecyclerView.Adapter; RecyclerView.ViewHolder; android.view.View; android.view.ViewGroup; databinding,https://github.com/google/iosched/blob/f5762bef79dc6cc9fd69011fd49d2e18d005a304/mobile/src/main/java/com/google/samples/apps/iosched/ui/speaker/SpeakerAdapter.kt
google/iosched@f5762bef79dc6cc9fd69011fd49d2e18d005a304,mobile/src/main/java/com/google/samples/apps/iosched/ui/speaker/SpeakerBindingAdapters.kt,Kotlin,Android Views,android.widget.ImageView; databinding,https://github.com/google/iosched/blob/f5762bef79dc6cc9fd69011fd49d2e18d005a304/mobile/src/main/java/com/google/samples/apps/iosched/ui/speaker/SpeakerBindingAdapters.kt
google/iosched@f5762bef79dc6cc9fd69011fd49d2e18d005a304,mobile/src/main/java/com/google/samples/apps/iosched/ui/speaker/SpeakerFragment.kt,Kotlin,Android Views,LayoutInflater; android.view.View; android.view.ViewGroup; databinding,https://github.com/google/iosched/blob/f5762bef79dc6cc9fd69011fd49d2e18d005a304/mobile/src/main/java/com/google/samples/apps/iosched/ui/speaker/SpeakerFragment.kt
google/iosched@f5762bef79dc6cc9fd69011fd49d2e18d005a304,mobile/src/main/java/com/google/samples/apps/iosched/util/CircularOutlineProvider.kt,Kotlin,Android Views,android.view.View,https://github.com/google/iosched/blob/f5762bef79dc6cc9fd69011fd49d2e18d005a304/mobile/src/main/java/com/google/samples/apps/iosched/util/CircularOutlineProvider.kt
google/iosched@f5762bef79dc6cc9fd69011fd49d2e18d005a304,mobile/src/main/java/com/google/samples/apps/iosched/util/Extensions.kt,Kotlin,Android Views,android.view.View; DataBinding; databinding,https://github.com/google/iosched/blob/f5762bef79dc6cc9fd69011fd49d2e18d005a304/mobile/src/main/java/com/google/samples/apps/iosched/util/Extensions.kt
google/iosched@f5762bef79dc6cc9fd69011fd49d2e18d005a304,mobile/src/main/java/com/google/samples/apps/iosched/util/NavigationBarScrimBehavior.kt,Kotlin,Android Views,android.view.View,https://github.com/google/iosched/blob/f5762bef79dc6cc9fd69011fd49d2e18d005a304/mobile/src/main/java/com/google/samples/apps/iosched/util/NavigationBarScrimBehavior.kt
google/iosched@f5762bef79dc6cc9fd69011fd49d2e18d005a304,mobile/src/main/java/com/google/samples/apps/iosched/util/StatusBarScrimBehavior.kt,Kotlin,Android Views,android.view.View,https://github.com/google/iosched/blob/f5762bef79dc6cc9fd69011fd49d2e18d005a304/mobile/src/main/java/com/google/samples/apps/iosched/util/StatusBarScrimBehavior.kt
google/iosched@f5762bef79dc6cc9fd69011fd49d2e18d005a304,mobile/src/main/java/com/google/samples/apps/iosched/util/ViewBindingAdapters.kt,Kotlin,Android Views,android.widget.TextView; android.widget.ImageView; android.view.View; setOnClickListener; databinding,https://github.com/google/iosched/blob/f5762bef79dc6cc9fd69011fd49d2e18d005a304/mobile/src/main/java/com/google/samples/apps/iosched/util/ViewBindingAdapters.kt
google/iosched@f5762bef79dc6cc9fd69011fd49d2e18d005a304,mobile/src/main/java/com/google/samples/apps/iosched/util/WindowInsetsListeners.kt,Kotlin,Android Views,android.view.View,https://github.com/google/iosched/blob/f5762bef79dc6cc9fd69011fd49d2e18d005a304/mobile/src/main/java/com/google/samples/apps/iosched/util/WindowInsetsListeners.kt
google/iosched@f5762bef79dc6cc9fd69011fd49d2e18d005a304,mobile/src/main/java/com/google/samples/apps/iosched/widget/BottomSheetBehavior.kt,Kotlin,Android Views,android.view.View; android.view.ViewGroup,https://github.com/google/iosched/blob/f5762bef79dc6cc9fd69011fd49d2e18d005a304/mobile/src/main/java/com/google/samples/apps/iosched/widget/BottomSheetBehavior.kt
google/iosched@f5762bef79dc6cc9fd69011fd49d2e18d005a304,mobile/src/main/java/com/google/samples/apps/iosched/widget/CollapsibleCard.kt,Kotlin,Android Views,findViewById; LayoutInflater; android.widget.TextView; android.widget.ImageView; android.view.View; android.view.ViewGroup; setOnClickListener,https://github.com/google/iosched/blob/f5762bef79dc6cc9fd69011fd49d2e18d005a304/mobile/src/main/java/com/google/samples/apps/iosched/widget/CollapsibleCard.kt
google/iosched@f5762bef79dc6cc9fd69011fd49d2e18d005a304,mobile/src/main/java/com/google/samples/apps/iosched/widget/CountdownView.kt,Kotlin,Android Views,findViewById; LayoutInflater; android.view.View,https://github.com/google/iosched/blob/f5762bef79dc6cc9fd69011fd49d2e18d005a304/mobile/src/main/java/com/google/samples/apps/iosched/widget/CountdownView.kt
google/iosched@f5762bef79dc6cc9fd69011fd49d2e18d005a304,mobile/src/main/java/com/google/samples/apps/iosched/widget/EventCardView.kt,Kotlin,Android Views,findViewById; LayoutInflater; android.widget.TextView; android.widget.ImageView,https://github.com/google/iosched/blob/f5762bef79dc6cc9fd69011fd49d2e18d005a304/mobile/src/main/java/com/google/samples/apps/iosched/widget/EventCardView.kt
google/iosched@f5762bef79dc6cc9fd69011fd49d2e18d005a304,mobile/src/main/java/com/google/samples/apps/iosched/widget/FadingSnackbar.kt,Kotlin,Android Views,findViewById; LayoutInflater; android.widget.TextView; android.widget.Button; setOnClickListener,https://github.com/google/iosched/blob/f5762bef79dc6cc9fd69011fd49d2e18d005a304/mobile/src/main/java/com/google/samples/apps/iosched/widget/FadingSnackbar.kt
google/iosched@f5762bef79dc6cc9fd69011fd49d2e18d005a304,mobile/src/main/java/com/google/samples/apps/iosched/widget/HashtagIoDecoration.kt,Kotlin,Android Views,android.view.View,https://github.com/google/iosched/blob/f5762bef79dc6cc9fd69011fd49d2e18d005a304/mobile/src/main/java/com/google/samples/apps/iosched/widget/HashtagIoDecoration.kt
google/iosched@f5762bef79dc6cc9fd69011fd49d2e18d005a304,mobile/src/main/java/com/google/samples/apps/iosched/widget/SpaceDecoration.kt,Kotlin,Android Views,android.view.View,https://github.com/google/iosched/blob/f5762bef79dc6cc9fd69011fd49d2e18d005a304/mobile/src/main/java/com/google/samples/apps/iosched/widget/SpaceDecoration.kt
google/iosched@f5762bef79dc6cc9fd69011fd49d2e18d005a304,mobile/src/main/java/com/google/samples/apps/iosched/widget/transition/RotateX.kt,Kotlin,Android Views,android.view.View; android.view.ViewGroup,https://github.com/google/iosched/blob/f5762bef79dc6cc9fd69011fd49d2e18d005a304/mobile/src/main/java/com/google/samples/apps/iosched/widget/transition/RotateX.kt
google/iosched@f5762bef79dc6cc9fd69011fd49d2e18d005a304,mobile/src/main/res/animator/active_alpha.xml,XML,Android Views,xmlns:android=,https://github.com/google/iosched/blob/f5762bef79dc6cc9fd69011fd49d2e18d005a304/mobile/src/main/res/animator/active_alpha.xml
google/iosched@f5762bef79dc6cc9fd69011fd49d2e18d005a304,mobile/src/main/res/color/chip_bg.xml,XML,Android Views,xmlns:android=,https://github.com/google/iosched/blob/f5762bef79dc6cc9fd69011fd49d2e18d005a304/mobile/src/main/res/color/chip_bg.xml
google/iosched@f5762bef79dc6cc9fd69011fd49d2e18d005a304,mobile/src/main/res/color/chip_stroke.xml,XML,Android Views,xmlns:android=,https://github.com/google/iosched/blob/f5762bef79dc6cc9fd69011fd49d2e18d005a304/mobile/src/main/res/color/chip_stroke.xml
google/iosched@f5762bef79dc6cc9fd69011fd49d2e18d005a304,mobile/src/main/res/color/map_variant_icon.xml,XML,Android Views,xmlns:android=,https://github.com/google/iosched/blob/f5762bef79dc6cc9fd69011fd49d2e18d005a304/mobile/src/main/res/color/map_variant_icon.xml
google/iosched@f5762bef79dc6cc9fd69011fd49d2e18d005a304,mobile/src/main/res/color/map_variant_text.xml,XML,Android Views,xmlns:android=,https://github.com/google/iosched/blob/f5762bef79dc6cc9fd69011fd49d2e18d005a304/mobile/src/main/res/color/map_variant_text.xml
google/iosched@f5762bef79dc6cc9fd69011fd49d2e18d005a304,mobile/src/main/res/color/navigation_item_background_tint.xml,XML,Android Views,xmlns:android=,https://github.com/google/iosched/blob/f5762bef79dc6cc9fd69011fd49d2e18d005a304/mobile/src/main/res/color/navigation_item_background_tint.xml
google/iosched@f5762bef79dc6cc9fd69011fd49d2e18d005a304,mobile/src/main/res/color/schedule_day_indicator_text.xml,XML,Android Views,xmlns:android=,https://github.com/google/iosched/blob/f5762bef79dc6cc9fd69011fd49d2e18d005a304/mobile/src/main/res/color/schedule_day_indicator_text.xml
google/iosched@f5762bef79dc6cc9fd69011fd49d2e18d005a304,mobile/src/main/res/drawable-anydpi-v23/preview_window.xml,XML,Android Views,xmlns:android=,https://github.com/google/iosched/blob/f5762bef79dc6cc9fd69011fd49d2e18d005a304/mobile/src/main/res/drawable-anydpi-v23/preview_window.xml
google/iosched@f5762bef79dc6cc9fd69011fd49d2e18d005a304,mobile/src/main/res/drawable-anydpi-v23/preview_window_logo.xml,XML,Android Views,xmlns:android=,https://github.com/google/iosched/blob/f5762bef79dc6cc9fd69011fd49d2e18d005a304/mobile/src/main/res/drawable-anydpi-v23/preview_window_logo.xml
google/iosched@f5762bef79dc6cc9fd69011fd49d2e18d005a304,mobile/src/main/res/drawable/arcore_gray.xml,XML,Android Views,xmlns:android=,https://github.com/google/iosched/blob/f5762bef79dc6cc9fd69011fd49d2e18d005a304/mobile/src/main/res/drawable/arcore_gray.xml
google/iosched@f5762bef79dc6cc9fd69011fd49d2e18d005a304,mobile/src/main/res/drawable/asld_chip_icon.xml,XML,Android Views,xmlns:android=,https://github.com/google/iosched/blob/f5762bef79dc6cc9fd69011fd49d2e18d005a304/mobile/src/main/res/drawable/asld_chip_icon.xml
google/iosched@f5762bef79dc6cc9fd69011fd49d2e18d005a304,mobile/src/main/res/drawable/asld_reservation.xml,XML,Android Views,xmlns:android=,https://github.com/google/iosched/blob/f5762bef79dc6cc9fd69011fd49d2e18d005a304/mobile/src/main/res/drawable/asld_reservation.xml
google/iosched@f5762bef79dc6cc9fd69011fd49d2e18d005a304,mobile/src/main/res/drawable/asld_star_event.xml,XML,Android Views,xmlns:android=,https://github.com/google/iosched/blob/f5762bef79dc6cc9fd69011fd49d2e18d005a304/mobile/src/main/res/drawable/asld_star_event.xml
google/iosched@f5762bef79dc6cc9fd69011fd49d2e18d005a304,mobile/src/main/res/drawable/avd_chip_check_to_dot.xml,XML,Android Views,xmlns:android=,https://github.com/google/iosched/blob/f5762bef79dc6cc9fd69011fd49d2e18d005a304/mobile/src/main/res/drawable/avd_chip_check_to_dot.xml
google/iosched@f5762bef79dc6cc9fd69011fd49d2e18d005a304,mobile/src/main/res/drawable/avd_chip_dot_to_check.xml,XML,Android Views,xmlns:android=,https://github.com/google/iosched/blob/f5762bef79dc6cc9fd69011fd49d2e18d005a304/mobile/src/main/res/drawable/avd_chip_dot_to_check.xml
google/iosched@f5762bef79dc6cc9fd69011fd49d2e18d005a304,mobile/src/main/res/drawable/avd_pending_to_reservable.xml,XML,Android Views,xmlns:android=,https://github.com/google/iosched/blob/f5762bef79dc6cc9fd69011fd49d2e18d005a304/mobile/src/main/res/drawable/avd_pending_to_reservable.xml
google/iosched@f5762bef79dc6cc9fd69011fd49d2e18d005a304,mobile/src/main/res/drawable/avd_pending_to_reserved.xml,XML,Android Views,xmlns:android=,https://github.com/google/iosched/blob/f5762bef79dc6cc9fd69011fd49d2e18d005a304/mobile/src/main/res/drawable/avd_pending_to_reserved.xml
google/iosched@f5762bef79dc6cc9fd69011fd49d2e18d005a304,mobile/src/main/res/drawable/avd_pending_to_waitlisted.xml,XML,Android Views,xmlns:android=,https://github.com/google/iosched/blob/f5762bef79dc6cc9fd69011fd49d2e18d005a304/mobile/src/main/res/drawable/avd_pending_to_waitlisted.xml
google/iosched@f5762bef79dc6cc9fd69011fd49d2e18d005a304,mobile/src/main/res/drawable/avd_reservable_to_pending.xml,XML,Android Views,xmlns:android=,https://github.com/google/iosched/blob/f5762bef79dc6cc9fd69011fd49d2e18d005a304/mobile/src/main/res/drawable/avd_reservable_to_pending.xml
google/iosched@f5762bef79dc6cc9fd69011fd49d2e18d005a304,mobile/src/main/res/drawable/avd_reserved_to_pending.xml,XML,Android Views,xmlns:android=,https://github.com/google/iosched/blob/f5762bef79dc6cc9fd69011fd49d2e18d005a304/mobile/src/main/res/drawable/avd_reserved_to_pending.xml
google/iosched@f5762bef79dc6cc9fd69011fd49d2e18d005a304,mobile/src/main/res/drawable/avd_star_event.xml,XML,Android Views,xmlns:android=,https://github.com/google/iosched/blob/f5762bef79dc6cc9fd69011fd49d2e18d005a304/mobile/src/main/res/drawable/avd_star_event.xml
google/iosched@f5762bef79dc6cc9fd69011fd49d2e18d005a304,mobile/src/main/res/drawable/avd_unstar_event.xml,XML,Android Views,xmlns:android=,https://github.com/google/iosched/blob/f5762bef79dc6cc9fd69011fd49d2e18d005a304/mobile/src/main/res/drawable/avd_unstar_event.xml
google/iosched@f5762bef79dc6cc9fd69011fd49d2e18d005a304,mobile/src/main/res/drawable/avd_waitlisted_to_pending.xml,XML,Android Views,xmlns:android=,https://github.com/google/iosched/blob/f5762bef79dc6cc9fd69011fd49d2e18d005a304/mobile/src/main/res/drawable/avd_waitlisted_to_pending.xml
google/iosched@f5762bef79dc6cc9fd69011fd49d2e18d005a304,mobile/src/main/res/drawable/bullet_small.xml,XML,Android Views,xmlns:android=,https://github.com/google/iosched/blob/f5762bef79dc6cc9fd69011fd49d2e18d005a304/mobile/src/main/res/drawable/bullet_small.xml
google/iosched@f5762bef79dc6cc9fd69011fd49d2e18d005a304,mobile/src/main/res/drawable/chip_check.xml,XML,Android Views,xmlns:android=,https://github.com/google/iosched/blob/f5762bef79dc6cc9fd69011fd49d2e18d005a304/mobile/src/main/res/drawable/chip_check.xml
google/iosched@f5762bef79dc6cc9fd69011fd49d2e18d005a304,mobile/src/main/res/drawable/chip_dot.xml,XML,Android Views,xmlns:android=,https://github.com/google/iosched/blob/f5762bef79dc6cc9fd69011fd49d2e18d005a304/mobile/src/main/res/drawable/chip_dot.xml
google/iosched@f5762bef79dc6cc9fd69011fd49d2e18d005a304,mobile/src/main/res/drawable/divider_empty_margin_normal.xml,XML,Android Views,xmlns:android=,https://github.com/google/iosched/blob/f5762bef79dc6cc9fd69011fd49d2e18d005a304/mobile/src/main/res/drawable/divider_empty_margin_normal.xml
google/iosched@f5762bef79dc6cc9fd69011fd49d2e18d005a304,mobile/src/main/res/drawable/divider_empty_margin_small.xml,XML,Android Views,xmlns:android=,https://github.com/google/iosched/blob/f5762bef79dc6cc9fd69011fd49d2e18d005a304/mobile/src/main/res/drawable/divider_empty_margin_small.xml
google/iosched@f5762bef79dc6cc9fd69011fd49d2e18d005a304,mobile/src/main/res/drawable/divider_slash.xml,XML,Android Views,xmlns:android=,https://github.com/google/iosched/blob/f5762bef79dc6cc9fd69011fd49d2e18d005a304/mobile/src/main/res/drawable/divider_slash.xml
google/iosched@f5762bef79dc6cc9fd69011fd49d2e18d005a304,mobile/src/main/res/drawable/event_header_afterhours.xml,XML,Android Views,xmlns:android=,https://github.com/google/iosched/blob/f5762bef79dc6cc9fd69011fd49d2e18d005a304/mobile/src/main/res/drawable/event_header_afterhours.xml
google/iosched@f5762bef79dc6cc9fd69011fd49d2e18d005a304,mobile/src/main/res/drawable/event_header_codelabs.xml,XML,Android Views,xmlns:android=,https://github.com/google/iosched/blob/f5762bef79dc6cc9fd69011fd49d2e18d005a304/mobile/src/main/res/drawable/event_header_codelabs.xml
google/iosched@f5762bef79dc6cc9fd69011fd49d2e18d005a304,mobile/src/main/res/drawable/event_header_meals.xml,XML,Android Views,xmlns:android=,https://github.com/google/iosched/blob/f5762bef79dc6cc9fd69011fd49d2e18d005a304/mobile/src/main/res/drawable/event_header_meals.xml
google/iosched@f5762bef79dc6cc9fd69011fd49d2e18d005a304,mobile/src/main/res/drawable/event_header_office_hours.xml,XML,Android Views,xmlns:android=,https://github.com/google/iosched/blob/f5762bef79dc6cc9fd69011fd49d2e18d005a304/mobile/src/main/res/drawable/event_header_office_hours.xml
google/iosched@f5762bef79dc6cc9fd69011fd49d2e18d005a304,mobile/src/main/res/drawable/event_header_sandbox.xml,XML,Android Views,xmlns:android=,https://github.com/google/iosched/blob/f5762bef79dc6cc9fd69011fd49d2e18d005a304/mobile/src/main/res/drawable/event_header_sandbox.xml
google/iosched@f5762bef79dc6cc9fd69011fd49d2e18d005a304,mobile/src/main/res/drawable/event_header_sessions.xml,XML,Android Views,xmlns:android=,https://github.com/google/iosched/blob/f5762bef79dc6cc9fd69011fd49d2e18d005a304/mobile/src/main/res/drawable/event_header_sessions.xml
google/iosched@f5762bef79dc6cc9fd69011fd49d2e18d005a304,mobile/src/main/res/drawable/event_narrow_afterhours.xml,XML,Android Views,xmlns:android=,https://github.com/google/iosched/blob/f5762bef79dc6cc9fd69011fd49d2e18d005a304/mobile/src/main/res/drawable/event_narrow_afterhours.xml
google/iosched@f5762bef79dc6cc9fd69011fd49d2e18d005a304,mobile/src/main/res/drawable/event_narrow_app_reviews1.xml,XML,Android Views,xmlns:android=,https://github.com/google/iosched/blob/f5762bef79dc6cc9fd69011fd49d2e18d005a304/mobile/src/main/res/drawable/event_narrow_app_reviews1.xml
google/iosched@f5762bef79dc6cc9fd69011fd49d2e18d005a304,mobile/src/main/res/drawable/event_narrow_app_reviews2.xml,XML,Android Views,xmlns:android=,https://github.com/google/iosched/blob/f5762bef79dc6cc9fd69011fd49d2e18d005a304/mobile/src/main/res/drawable/event_narrow_app_reviews2.xml
google/iosched@f5762bef79dc6cc9fd69011fd49d2e18d005a304,mobile/src/main/res/drawable/event_narrow_app_reviews3.xml,XML,Android Views,xmlns:android=,https://github.com/google/iosched/blob/f5762bef79dc6cc9fd69011fd49d2e18d005a304/mobile/src/main/res/drawable/event_narrow_app_reviews3.xml
google/iosched@f5762bef79dc6cc9fd69011fd49d2e18d005a304,mobile/src/main/res/drawable/event_narrow_game_reviews1.xml,XML,Android Views,xmlns:android=,https://github.com/google/iosched/blob/f5762bef79dc6cc9fd69011fd49d2e18d005a304/mobile/src/main/res/drawable/event_narrow_game_reviews1.xml
google/iosched@f5762bef79dc6cc9fd69011fd49d2e18d005a304,mobile/src/main/res/drawable/event_narrow_game_reviews2.xml,XML,Android Views,xmlns:android=,https://github.com/google/iosched/blob/f5762bef79dc6cc9fd69011fd49d2e18d005a304/mobile/src/main/res/drawable/event_narrow_game_reviews2.xml
google/iosched@f5762bef79dc6cc9fd69011fd49d2e18d005a304,mobile/src/main/res/drawable/event_narrow_game_reviews3.xml,XML,Android Views,xmlns:android=,https://github.com/google/iosched/blob/f5762bef79dc6cc9fd69011fd49d2e18d005a304/mobile/src/main/res/drawable/event_narrow_game_reviews3.xml
google/iosched@f5762bef79dc6cc9fd69011fd49d2e18d005a304,mobile/src/main/res/drawable/event_narrow_keynote.xml,XML,Android Views,xmlns:android=,https://github.com/google/iosched/blob/f5762bef79dc6cc9fd69011fd49d2e18d005a304/mobile/src/main/res/drawable/event_narrow_keynote.xml
google/iosched@f5762bef79dc6cc9fd69011fd49d2e18d005a304,mobile/src/main/res/drawable/event_narrow_office_hours1.xml,XML,Android Views,xmlns:android=,https://github.com/google/iosched/blob/f5762bef79dc6cc9fd69011fd49d2e18d005a304/mobile/src/main/res/drawable/event_narrow_office_hours1.xml
google/iosched@f5762bef79dc6cc9fd69011fd49d2e18d005a304,mobile/src/main/res/drawable/event_narrow_office_hours2.xml,XML,Android Views,xmlns:android=,https://github.com/google/iosched/blob/f5762bef79dc6cc9fd69011fd49d2e18d005a304/mobile/src/main/res/drawable/event_narrow_office_hours2.xml
google/iosched@f5762bef79dc6cc9fd69011fd49d2e18d005a304,mobile/src/main/res/drawable/event_narrow_office_hours3.xml,XML,Android Views,xmlns:android=,https://github.com/google/iosched/blob/f5762bef79dc6cc9fd69011fd49d2e18d005a304/mobile/src/main/res/drawable/event_narrow_office_hours3.xml
google/iosched@f5762bef79dc6cc9fd69011fd49d2e18d005a304,mobile/src/main/res/drawable/event_narrow_other.xml,XML,Android Views,xmlns:android=,https://github.com/google/iosched/blob/f5762bef79dc6cc9fd69011fd49d2e18d005a304/mobile/src/main/res/drawable/event_narrow_other.xml
google/iosched@f5762bef79dc6cc9fd69011fd49d2e18d005a304,mobile/src/main/res/drawable/event_narrow_session1.xml,XML,Android Views,xmlns:android=,https://github.com/google/iosched/blob/f5762bef79dc6cc9fd69011fd49d2e18d005a304/mobile/src/main/res/drawable/event_narrow_session1.xml
google/iosched@f5762bef79dc6cc9fd69011fd49d2e18d005a304,mobile/src/main/res/drawable/event_narrow_session2.xml,XML,Android Views,xmlns:android=,https://github.com/google/iosched/blob/f5762bef79dc6cc9fd69011fd49d2e18d005a304/mobile/src/main/res/drawable/event_narrow_session2.xml
google/iosched@f5762bef79dc6cc9fd69011fd49d2e18d005a304,mobile/src/main/res/drawable/event_narrow_session3.xml,XML,Android Views,xmlns:android=,https://github.com/google/iosched/blob/f5762bef79dc6cc9fd69011fd49d2e18d005a304/mobile/src/main/res/drawable/event_narrow_session3.xml
google/iosched@f5762bef79dc6cc9fd69011fd49d2e18d005a304,mobile/src/main/res/drawable/event_narrow_session4.xml,XML,Android Views,xmlns:android=,https://github.com/google/iosched/blob/f5762bef79dc6cc9fd69011fd49d2e18d005a304/mobile/src/main/res/drawable/event_narrow_session4.xml
google/iosched@f5762bef79dc6cc9fd69011fd49d2e18d005a304,mobile/src/main/res/drawable/event_placeholder_keynote.xml,XML,Android Views,xmlns:android=,https://github.com/google/iosched/blob/f5762bef79dc6cc9fd69011fd49d2e18d005a304/mobile/src/main/res/drawable/event_placeholder_keynote.xml
google/iosched@f5762bef79dc6cc9fd69011fd49d2e18d005a304,mobile/src/main/res/drawable/event_placeholder_session1.xml,XML,Android Views,xmlns:android=,https://github.com/google/iosched/blob/f5762bef79dc6cc9fd69011fd49d2e18d005a304/mobile/src/main/res/drawable/event_placeholder_session1.xml
google/iosched@f5762bef79dc6cc9fd69011fd49d2e18d005a304,mobile/src/main/res/drawable/event_placeholder_session2.xml,XML,Android Views,xmlns:android=,https://github.com/google/iosched/blob/f5762bef79dc6cc9fd69011fd49d2e18d005a304/mobile/src/main/res/drawable/event_placeholder_session2.xml
google/iosched@f5762bef79dc6cc9fd69011fd49d2e18d005a304,mobile/src/main/res/drawable/event_placeholder_session3.xml,XML,Android Views,xmlns:android=,https://github.com/google/iosched/blob/f5762bef79dc6cc9fd69011fd49d2e18d005a304/mobile/src/main/res/drawable/event_placeholder_session3.xml
google/iosched@f5762bef79dc6cc9fd69011fd49d2e18d005a304,mobile/src/main/res/drawable/event_placeholder_session4.xml,XML,Android Views,xmlns:android=,https://github.com/google/iosched/blob/f5762bef79dc6cc9fd69011fd49d2e18d005a304/mobile/src/main/res/drawable/event_placeholder_session4.xml
google/iosched@f5762bef79dc6cc9fd69011fd49d2e18d005a304,mobile/src/main/res/drawable/fading_snackbar_background.xml,XML,Android Views,xmlns:android=,https://github.com/google/iosched/blob/f5762bef79dc6cc9fd69011fd49d2e18d005a304/mobile/src/main/res/drawable/fading_snackbar_background.xml
google/iosched@f5762bef79dc6cc9fd69011fd49d2e18d005a304,mobile/src/main/res/drawable/filters_sheet_background.xml,XML,Android Views,xmlns:android=,https://github.com/google/iosched/blob/f5762bef79dc6cc9fd69011fd49d2e18d005a304/mobile/src/main/res/drawable/filters_sheet_background.xml
google/iosched@f5762bef79dc6cc9fd69011fd49d2e18d005a304,mobile/src/main/res/drawable/filters_sheet_header_shadow.xml,XML,Android Views,xmlns:android=,https://github.com/google/iosched/blob/f5762bef79dc6cc9fd69011fd49d2e18d005a304/mobile/src/main/res/drawable/filters_sheet_header_shadow.xml
google/iosched@f5762bef79dc6cc9fd69011fd49d2e18d005a304,mobile/src/main/res/drawable/generic_placeholder.xml,XML,Android Views,xmlns:android=,https://github.com/google/iosched/blob/f5762bef79dc6cc9fd69011fd49d2e18d005a304/mobile/src/main/res/drawable/generic_placeholder.xml
google/iosched@f5762bef79dc6cc9fd69011fd49d2e18d005a304,mobile/src/main/res/drawable/hashtag_io19.xml,XML,Android Views,xmlns:android=,https://github.com/google/iosched/blob/f5762bef79dc6cc9fd69011fd49d2e18d005a304/mobile/src/main/res/drawable/hashtag_io19.xml
google/iosched@f5762bef79dc6cc9fd69011fd49d2e18d005a304,mobile/src/main/res/drawable/ic_agenda_after_hours.xml,XML,Android Views,xmlns:android=,https://github.com/google/iosched/blob/f5762bef79dc6cc9fd69011fd49d2e18d005a304/mobile/src/main/res/drawable/ic_agenda_after_hours.xml
google/iosched@f5762bef79dc6cc9fd69011fd49d2e18d005a304,mobile/src/main/res/drawable/ic_agenda_badge.xml,XML,Android Views,xmlns:android=,https://github.com/google/iosched/blob/f5762bef79dc6cc9fd69011fd49d2e18d005a304/mobile/src/main/res/drawable/ic_agenda_badge.xml
google/iosched@f5762bef79dc6cc9fd69011fd49d2e18d005a304,mobile/src/main/res/drawable/ic_agenda_codelab.xml,XML,Android Views,xmlns:android=,https://github.com/google/iosched/blob/f5762bef79dc6cc9fd69011fd49d2e18d005a304/mobile/src/main/res/drawable/ic_agenda_codelab.xml
google/iosched@f5762bef79dc6cc9fd69011fd49d2e18d005a304,mobile/src/main/res/drawable/ic_agenda_concert.xml,XML,Android Views,xmlns:android=,https://github.com/google/iosched/blob/f5762bef79dc6cc9fd69011fd49d2e18d005a304/mobile/src/main/res/drawable/ic_agenda_concert.xml
google/iosched@f5762bef79dc6cc9fd69011fd49d2e18d005a304,mobile/src/main/res/drawable/ic_agenda_keynote.xml,XML,Android Views,xmlns:android=,https://github.com/google/iosched/blob/f5762bef79dc6cc9fd69011fd49d2e18d005a304/mobile/src/main/res/drawable/ic_agenda_keynote.xml
google/iosched@f5762bef79dc6cc9fd69011fd49d2e18d005a304,mobile/src/main/res/drawable/ic_agenda_meal.xml,XML,Android Views,xmlns:android=,https://github.com/google/iosched/blob/f5762bef79dc6cc9fd69011fd49d2e18d005a304/mobile/src/main/res/drawable/ic_agenda_meal.xml
google/iosched@f5762bef79dc6cc9fd69011fd49d2e18d005a304,mobile/src/main/res/drawable/ic_agenda_office_hours.xml,XML,Android Views,xmlns:android=,https://github.com/google/iosched/blob/f5762bef79dc6cc9fd69011fd49d2e18d005a304/mobile/src/main/res/drawable/ic_agenda_office_hours.xml
google/iosched@f5762bef79dc6cc9fd69011fd49d2e18d005a304,mobile/src/main/res/drawable/ic_agenda_sandbox.xml,XML,Android Views,xmlns:android=,https://github.com/google/iosched/blob/f5762bef79dc6cc9fd69011fd49d2e18d005a304/mobile/src/main/res/drawable/ic_agenda_sandbox.xml
google/iosched@f5762bef79dc6cc9fd69011fd49d2e18d005a304,mobile/src/main/res/drawable/ic_agenda_session.xml,XML,Android Views,xmlns:android=,https://github.com/google/iosched/blob/f5762bef79dc6cc9fd69011fd49d2e18d005a304/mobile/src/main/res/drawable/ic_agenda_session.xml
google/iosched@f5762bef79dc6cc9fd69011fd49d2e18d005a304,mobile/src/main/res/drawable/ic_agenda_store.xml,XML,Android Views,xmlns:android=,https://github.com/google/iosched/blob/f5762bef79dc6cc9fd69011fd49d2e18d005a304/mobile/src/main/res/drawable/ic_agenda_store.xml
google/iosched@f5762bef79dc6cc9fd69011fd49d2e18d005a304,mobile/src/main/res/drawable/ic_arrow_back.xml,XML,Android Views,xmlns:android=,https://github.com/google/iosched/blob/f5762bef79dc6cc9fd69011fd49d2e18d005a304/mobile/src/main/res/drawable/ic_arrow_back.xml
google/iosched@f5762bef79dc6cc9fd69011fd49d2e18d005a304,mobile/src/main/res/drawable/ic_arrow_right.xml,XML,Android Views,xmlns:android=,https://github.com/google/iosched/blob/f5762bef79dc6cc9fd69011fd49d2e18d005a304/mobile/src/main/res/drawable/ic_arrow_right.xml
google/iosched@f5762bef79dc6cc9fd69011fd49d2e18d005a304,mobile/src/main/res/drawable/ic_clear_all.xml,XML,Android Views,xmlns:android=,https://github.com/google/iosched/blob/f5762bef79dc6cc9fd69011fd49d2e18d005a304/mobile/src/main/res/drawable/ic_clear_all.xml
google/iosched@f5762bef79dc6cc9fd69011fd49d2e18d005a304,mobile/src/main/res/drawable/ic_default_avatar_1.xml,XML,Android Views,xmlns:android=,https://github.com/google/iosched/blob/f5762bef79dc6cc9fd69011fd49d2e18d005a304/mobile/src/main/res/drawable/ic_default_avatar_1.xml
google/iosched@f5762bef79dc6cc9fd69011fd49d2e18d005a304,mobile/src/main/res/drawable/ic_default_avatar_2.xml,XML,Android Views,xmlns:android=,https://github.com/google/iosched/blob/f5762bef79dc6cc9fd69011fd49d2e18d005a304/mobile/src/main/res/drawable/ic_default_avatar_2.xml
google/iosched@f5762bef79dc6cc9fd69011fd49d2e18d005a304,mobile/src/main/res/drawable/ic_default_avatar_3.xml,XML,Android Views,xmlns:android=,https://github.com/google/iosched/blob/f5762bef79dc6cc9fd69011fd49d2e18d005a304/mobile/src/main/res/drawable/ic_default_avatar_3.xml
google/iosched@f5762bef79dc6cc9fd69011fd49d2e18d005a304,mobile/src/main/res/drawable/ic_default_profile_avatar.xml,XML,Android Views,xmlns:android=,https://github.com/google/iosched/blob/f5762bef79dc6cc9fd69011fd49d2e18d005a304/mobile/src/main/res/drawable/ic_default_profile_avatar.xml
google/iosched@f5762bef79dc6cc9fd69011fd49d2e18d005a304,mobile/src/main/res/drawable/ic_expand_more.xml,XML,Android Views,xmlns:android=,https://github.com/google/iosched/blob/f5762bef79dc6cc9fd69011fd49d2e18d005a304/mobile/src/main/res/drawable/ic_expand_more.xml
google/iosched@f5762bef79dc6cc9fd69011fd49d2e18d005a304,mobile/src/main/res/drawable/ic_feed_social_button_bg.xml,XML,Android Views,xmlns:android=,https://github.com/google/iosched/blob/f5762bef79dc6cc9fd69011fd49d2e18d005a304/mobile/src/main/res/drawable/ic_feed_social_button_bg.xml
google/iosched@f5762bef79dc6cc9fd69011fd49d2e18d005a304,mobile/src/main/res/drawable/ic_filter.xml,XML,Android Views,xmlns:android=,https://github.com/google/iosched/blob/f5762bef79dc6cc9fd69011fd49d2e18d005a304/mobile/src/main/res/drawable/ic_filter.xml
google/iosched@f5762bef79dc6cc9fd69011fd49d2e18d005a304,mobile/src/main/res/drawable/ic_filter_clear.xml,XML,Android Views,xmlns:android=,https://github.com/google/iosched/blob/f5762bef79dc6cc9fd69011fd49d2e18d005a304/mobile/src/main/res/drawable/ic_filter_clear.xml
google/iosched@f5762bef79dc6cc9fd69011fd49d2e18d005a304,mobile/src/main/res/drawable/ic_launch.xml,XML,Android Views,xmlns:android=,https://github.com/google/iosched/blob/f5762bef79dc6cc9fd69011fd49d2e18d005a304/mobile/src/main/res/drawable/ic_launch.xml
google/iosched@f5762bef79dc6cc9fd69011fd49d2e18d005a304,mobile/src/main/res/drawable/ic_layers.xml,XML,Android Views,xmlns:android=,https://github.com/google/iosched/blob/f5762bef79dc6cc9fd69011fd49d2e18d005a304/mobile/src/main/res/drawable/ic_layers.xml
google/iosched@f5762bef79dc6cc9fd69011fd49d2e18d005a304,mobile/src/main/res/drawable/ic_login.xml,XML,Android Views,xmlns:android=,https://github.com/google/iosched/blob/f5762bef79dc6cc9fd69011fd49d2e18d005a304/mobile/src/main/res/drawable/ic_login.xml
google/iosched@f5762bef79dc6cc9fd69011fd49d2e18d005a304,mobile/src/main/res/drawable/ic_logo_assistant.xml,XML,Android Views,xmlns:android=,https://github.com/google/iosched/blob/f5762bef79dc6cc9fd69011fd49d2e18d005a304/mobile/src/main/res/drawable/ic_logo_assistant.xml
google/iosched@f5762bef79dc6cc9fd69011fd49d2e18d005a304,mobile/src/main/res/drawable/ic_logo_components.xml,XML,Android Views,xmlns:android=,https://github.com/google/iosched/blob/f5762bef79dc6cc9fd69011fd49d2e18d005a304/mobile/src/main/res/drawable/ic_logo_components.xml
google/iosched@f5762bef79dc6cc9fd69011fd49d2e18d005a304,mobile/src/main/res/drawable/ic_logo_facebook.xml,XML,Android Views,xmlns:android=,https://github.com/google/iosched/blob/f5762bef79dc6cc9fd69011fd49d2e18d005a304/mobile/src/main/res/drawable/ic_logo_facebook.xml
google/iosched@f5762bef79dc6cc9fd69011fd49d2e18d005a304,mobile/src/main/res/drawable/ic_logo_google_developers.xml,XML,Android Views,xmlns:android=,https://github.com/google/iosched/blob/f5762bef79dc6cc9fd69011fd49d2e18d005a304/mobile/src/main/res/drawable/ic_logo_google_developers.xml
google/iosched@f5762bef79dc6cc9fd69011fd49d2e18d005a304,mobile/src/main/res/drawable/ic_logo_instagram.xml,XML,Android Views,xmlns:android=,https://github.com/google/iosched/blob/f5762bef79dc6cc9fd69011fd49d2e18d005a304/mobile/src/main/res/drawable/ic_logo_instagram.xml
google/iosched@f5762bef79dc6cc9fd69011fd49d2e18d005a304,mobile/src/main/res/drawable/ic_logo_twitter.xml,XML,Android Views,xmlns:android=,https://github.com/google/iosched/blob/f5762bef79dc6cc9fd69011fd49d2e18d005a304/mobile/src/main/res/drawable/ic_logo_twitter.xml
google/iosched@f5762bef79dc6cc9fd69011fd49d2e18d005a304,mobile/src/main/res/drawable/ic_logo_youtube.xml,XML,Android Views,xmlns:android=,https://github.com/google/iosched/blob/f5762bef79dc6cc9fd69011fd49d2e18d005a304/mobile/src/main/res/drawable/ic_logo_youtube.xml
google/iosched@f5762bef79dc6cc9fd69011fd49d2e18d005a304,mobile/src/main/res/drawable/ic_logout.xml,XML,Android Views,xmlns:android=,https://github.com/google/iosched/blob/f5762bef79dc6cc9fd69011fd49d2e18d005a304/mobile/src/main/res/drawable/ic_logout.xml
google/iosched@f5762bef79dc6cc9fd69011fd49d2e18d005a304,mobile/src/main/res/drawable/ic_map_after_dark.xml,XML,Android Views,xmlns:android=,https://github.com/google/iosched/blob/f5762bef79dc6cc9fd69011fd49d2e18d005a304/mobile/src/main/res/drawable/ic_map_after_dark.xml
google/iosched@f5762bef79dc6cc9fd69011fd49d2e18d005a304,mobile/src/main/res/drawable/ic_map_concert.xml,XML,Android Views,xmlns:android=,https://github.com/google/iosched/blob/f5762bef79dc6cc9fd69011fd49d2e18d005a304/mobile/src/main/res/drawable/ic_map_concert.xml
google/iosched@f5762bef79dc6cc9fd69011fd49d2e18d005a304,mobile/src/main/res/drawable/ic_map_daytime.xml,XML,Android Views,xmlns:android=,https://github.com/google/iosched/blob/f5762bef79dc6cc9fd69011fd49d2e18d005a304/mobile/src/main/res/drawable/ic_map_daytime.xml
google/iosched@f5762bef79dc6cc9fd69011fd49d2e18d005a304,mobile/src/main/res/drawable/ic_menu.xml,XML,Android Views,xmlns:android=,https://github.com/google/iosched/blob/f5762bef79dc6cc9fd69011fd49d2e18d005a304/mobile/src/main/res/drawable/ic_menu.xml
google/iosched@f5762bef79dc6cc9fd69011fd49d2e18d005a304,mobile/src/main/res/drawable/ic_my_location.xml,XML,Android Views,xmlns:android=,https://github.com/google/iosched/blob/f5762bef79dc6cc9fd69011fd49d2e18d005a304/mobile/src/main/res/drawable/ic_my_location.xml
google/iosched@f5762bef79dc6cc9fd69011fd49d2e18d005a304,mobile/src/main/res/drawable/ic_nav_agenda.xml,XML,Android Views,xmlns:android=,https://github.com/google/iosched/blob/f5762bef79dc6cc9fd69011fd49d2e18d005a304/mobile/src/main/res/drawable/ic_nav_agenda.xml
google/iosched@f5762bef79dc6cc9fd69011fd49d2e18d005a304,mobile/src/main/res/drawable/ic_nav_codelabs.xml,XML,Android Views,xmlns:android=,https://github.com/google/iosched/blob/f5762bef79dc6cc9fd69011fd49d2e18d005a304/mobile/src/main/res/drawable/ic_nav_codelabs.xml
google/iosched@f5762bef79dc6cc9fd69011fd49d2e18d005a304,mobile/src/main/res/drawable/ic_nav_home.xml,XML,Android Views,xmlns:android=,https://github.com/google/iosched/blob/f5762bef79dc6cc9fd69011fd49d2e18d005a304/mobile/src/main/res/drawable/ic_nav_home.xml
google/iosched@f5762bef79dc6cc9fd69011fd49d2e18d005a304,mobile/src/main/res/drawable/ic_nav_info.xml,XML,Android Views,xmlns:android=,https://github.com/google/iosched/blob/f5762bef79dc6cc9fd69011fd49d2e18d005a304/mobile/src/main/res/drawable/ic_nav_info.xml
google/iosched@f5762bef79dc6cc9fd69011fd49d2e18d005a304,mobile/src/main/res/drawable/ic_nav_map.xml,XML,Android Views,xmlns:android=,https://github.com/google/iosched/blob/f5762bef79dc6cc9fd69011fd49d2e18d005a304/mobile/src/main/res/drawable/ic_nav_map.xml
google/iosched@f5762bef79dc6cc9fd69011fd49d2e18d005a304,mobile/src/main/res/drawable/ic_nav_schedule.xml,XML,Android Views,xmlns:android=,https://github.com/google/iosched/blob/f5762bef79dc6cc9fd69011fd49d2e18d005a304/mobile/src/main/res/drawable/ic_nav_schedule.xml
google/iosched@f5762bef79dc6cc9fd69011fd49d2e18d005a304,mobile/src/main/res/drawable/ic_nav_settings.xml,XML,Android Views,xmlns:android=,https://github.com/google/iosched/blob/f5762bef79dc6cc9fd69011fd49d2e18d005a304/mobile/src/main/res/drawable/ic_nav_settings.xml
google/iosched@f5762bef79dc6cc9fd69011fd49d2e18d005a304,mobile/src/main/res/drawable/ic_nav_signpost.xml,XML,Android Views,xmlns:android=,https://github.com/google/iosched/blob/f5762bef79dc6cc9fd69011fd49d2e18d005a304/mobile/src/main/res/drawable/ic_nav_signpost.xml
google/iosched@f5762bef79dc6cc9fd69011fd49d2e18d005a304,mobile/src/main/res/drawable/ic_play.xml,XML,Android Views,xmlns:android=,https://github.com/google/iosched/blob/f5762bef79dc6cc9fd69011fd49d2e18d005a304/mobile/src/main/res/drawable/ic_play.xml
google/iosched@f5762bef79dc6cc9fd69011fd49d2e18d005a304,mobile/src/main/res/drawable/ic_play_circle_outline.xml,XML,Android Views,xmlns:android=,https://github.com/google/iosched/blob/f5762bef79dc6cc9fd69011fd49d2e18d005a304/mobile/src/main/res/drawable/ic_play_circle_outline.xml
google/iosched@f5762bef79dc6cc9fd69011fd49d2e18d005a304,mobile/src/main/res/drawable/ic_question_answer.xml,XML,Android Views,xmlns:android=,https://github.com/google/iosched/blob/f5762bef79dc6cc9fd69011fd49d2e18d005a304/mobile/src/main/res/drawable/ic_question_answer.xml
google/iosched@f5762bef79dc6cc9fd69011fd49d2e18d005a304,mobile/src/main/res/drawable/ic_reservable.xml,XML,Android Views,xmlns:android=,https://github.com/google/iosched/blob/f5762bef79dc6cc9fd69011fd49d2e18d005a304/mobile/src/main/res/drawable/ic_reservable.xml
google/iosched@f5762bef79dc6cc9fd69011fd49d2e18d005a304,mobile/src/main/res/drawable/ic_reservation.xml,XML,Android Views,xmlns:android=,https://github.com/google/iosched/blob/f5762bef79dc6cc9fd69011fd49d2e18d005a304/mobile/src/main/res/drawable/ic_reservation.xml
google/iosched@f5762bef79dc6cc9fd69011fd49d2e18d005a304,mobile/src/main/res/drawable/ic_reservation_disabled.xml,XML,Android Views,xmlns:android=,https://github.com/google/iosched/blob/f5762bef79dc6cc9fd69011fd49d2e18d005a304/mobile/src/main/res/drawable/ic_reservation_disabled.xml
google/iosched@f5762bef79dc6cc9fd69011fd49d2e18d005a304,mobile/src/main/res/drawable/ic_reservation_pending.xml,XML,Android Views,xmlns:android=,https://github.com/google/iosched/blob/f5762bef79dc6cc9fd69011fd49d2e18d005a304/mobile/src/main/res/drawable/ic_reservation_pending.xml
google/iosched@f5762bef79dc6cc9fd69011fd49d2e18d005a304,mobile/src/main/res/drawable/ic_reserved.xml,XML,Android Views,xmlns:android=,https://github.com/google/iosched/blob/f5762bef79dc6cc9fd69011fd49d2e18d005a304/mobile/src/main/res/drawable/ic_reserved.xml
google/iosched@f5762bef79dc6cc9fd69011fd49d2e18d005a304,mobile/src/main/res/drawable/ic_search.xml,XML,Android Views,xmlns:android=,https://github.com/google/iosched/blob/f5762bef79dc6cc9fd69011fd49d2e18d005a304/mobile/src/main/res/drawable/ic_search.xml
google/iosched@f5762bef79dc6cc9fd69011fd49d2e18d005a304,mobile/src/main/res/drawable/ic_share.xml,XML,Android Views,xmlns:android=,https://github.com/google/iosched/blob/f5762bef79dc6cc9fd69011fd49d2e18d005a304/mobile/src/main/res/drawable/ic_share.xml
google/iosched@f5762bef79dc6cc9fd69011fd49d2e18d005a304,mobile/src/main/res/drawable/ic_sustainability_art.xml,XML,Android Views,xmlns:android=,https://github.com/google/iosched/blob/f5762bef79dc6cc9fd69011fd49d2e18d005a304/mobile/src/main/res/drawable/ic_sustainability_art.xml
google/iosched@f5762bef79dc6cc9fd69011fd49d2e18d005a304,mobile/src/main/res/drawable/ic_tune.xml,XML,Android Views,xmlns:android=,https://github.com/google/iosched/blob/f5762bef79dc6cc9fd69011fd49d2e18d005a304/mobile/src/main/res/drawable/ic_tune.xml
google/iosched@f5762bef79dc6cc9fd69011fd49d2e18d005a304,mobile/src/main/res/drawable/ic_waitlist_available.xml,XML,Android Views,xmlns:android=,https://github.com/google/iosched/blob/f5762bef79dc6cc9fd69011fd49d2e18d005a304/mobile/src/main/res/drawable/ic_waitlist_available.xml
google/iosched@f5762bef79dc6cc9fd69011fd49d2e18d005a304,mobile/src/main/res/drawable/ic_waitlisted.xml,XML,Android Views,xmlns:android=,https://github.com/google/iosched/blob/f5762bef79dc6cc9fd69011fd49d2e18d005a304/mobile/src/main/res/drawable/ic_waitlisted.xml
google/iosched@f5762bef79dc6cc9fd69011fd49d2e18d005a304,mobile/src/main/res/drawable/io_logo_color.xml,XML,Android Views,xmlns:android=,https://github.com/google/iosched/blob/f5762bef79dc6cc9fd69011fd49d2e18d005a304/mobile/src/main/res/drawable/io_logo_color.xml
google/iosched@f5762bef79dc6cc9fd69011fd49d2e18d005a304,mobile/src/main/res/drawable/list_divider.xml,XML,Android Views,xmlns:android=,https://github.com/google/iosched/blob/f5762bef79dc6cc9fd69011fd49d2e18d005a304/mobile/src/main/res/drawable/list_divider.xml
google/iosched@f5762bef79dc6cc9fd69011fd49d2e18d005a304,mobile/src/main/res/drawable/map_marker_1.xml,XML,Android Views,xmlns:android=,https://github.com/google/iosched/blob/f5762bef79dc6cc9fd69011fd49d2e18d005a304/mobile/src/main/res/drawable/map_marker_1.xml
google/iosched@f5762bef79dc6cc9fd69011fd49d2e18d005a304,mobile/src/main/res/drawable/map_marker_2.xml,XML,Android Views,xmlns:android=,https://github.com/google/iosched/blob/f5762bef79dc6cc9fd69011fd49d2e18d005a304/mobile/src/main/res/drawable/map_marker_2.xml
google/iosched@f5762bef79dc6cc9fd69011fd49d2e18d005a304,mobile/src/main/res/drawable/map_marker_3.xml,XML,Android Views,xmlns:android=,https://github.com/google/iosched/blob/f5762bef79dc6cc9fd69011fd49d2e18d005a304/mobile/src/main/res/drawable/map_marker_3.xml
google/iosched@f5762bef79dc6cc9fd69011fd49d2e18d005a304,mobile/src/main/res/drawable/map_marker_4.xml,XML,Android Views,xmlns:android=,https://github.com/google/iosched/blob/f5762bef79dc6cc9fd69011fd49d2e18d005a304/mobile/src/main/res/drawable/map_marker_4.xml
google/iosched@f5762bef79dc6cc9fd69011fd49d2e18d005a304,mobile/src/main/res/drawable/map_marker_5.xml,XML,Android Views,xmlns:android=,https://github.com/google/iosched/blob/f5762bef79dc6cc9fd69011fd49d2e18d005a304/mobile/src/main/res/drawable/map_marker_5.xml
google/iosched@f5762bef79dc6cc9fd69011fd49d2e18d005a304,mobile/src/main/res/drawable/map_marker_6.xml,XML,Android Views,xmlns:android=,https://github.com/google/iosched/blob/f5762bef79dc6cc9fd69011fd49d2e18d005a304/mobile/src/main/res/drawable/map_marker_6.xml
google/iosched@f5762bef79dc6cc9fd69011fd49d2e18d005a304,mobile/src/main/res/drawable/map_marker_7.xml,XML,Android Views,xmlns:android=,https://github.com/google/iosched/blob/f5762bef79dc6cc9fd69011fd49d2e18d005a304/mobile/src/main/res/drawable/map_marker_7.xml
google/iosched@f5762bef79dc6cc9fd69011fd49d2e18d005a304,mobile/src/main/res/drawable/map_marker_8.xml,XML,Android Views,xmlns:android=,https://github.com/google/iosched/blob/f5762bef79dc6cc9fd69011fd49d2e18d005a304/mobile/src/main/res/drawable/map_marker_8.xml
google/iosched@f5762bef79dc6cc9fd69011fd49d2e18d005a304,mobile/src/main/res/drawable/map_marker_a.xml,XML,Android Views,xmlns:android=,https://github.com/google/iosched/blob/f5762bef79dc6cc9fd69011fd49d2e18d005a304/mobile/src/main/res/drawable/map_marker_a.xml
google/iosched@f5762bef79dc6cc9fd69011fd49d2e18d005a304,mobile/src/main/res/drawable/map_marker_b.xml,XML,Android Views,xmlns:android=,https://github.com/google/iosched/blob/f5762bef79dc6cc9fd69011fd49d2e18d005a304/mobile/src/main/res/drawable/map_marker_b.xml
google/iosched@f5762bef79dc6cc9fd69011fd49d2e18d005a304,mobile/src/main/res/drawable/map_marker_bike.xml,XML,Android Views,xmlns:android=,https://github.com/google/iosched/blob/f5762bef79dc6cc9fd69011fd49d2e18d005a304/mobile/src/main/res/drawable/map_marker_bike.xml
google/iosched@f5762bef79dc6cc9fd69011fd49d2e18d005a304,mobile/src/main/res/drawable/map_marker_c.xml,XML,Android Views,xmlns:android=,https://github.com/google/iosched/blob/f5762bef79dc6cc9fd69011fd49d2e18d005a304/mobile/src/main/res/drawable/map_marker_c.xml
google/iosched@f5762bef79dc6cc9fd69011fd49d2e18d005a304,mobile/src/main/res/drawable/map_marker_charging.xml,XML,Android Views,xmlns:android=,https://github.com/google/iosched/blob/f5762bef79dc6cc9fd69011fd49d2e18d005a304/mobile/src/main/res/drawable/map_marker_charging.xml
google/iosched@f5762bef79dc6cc9fd69011fd49d2e18d005a304,mobile/src/main/res/drawable/map_marker_d.xml,XML,Android Views,xmlns:android=,https://github.com/google/iosched/blob/f5762bef79dc6cc9fd69011fd49d2e18d005a304/mobile/src/main/res/drawable/map_marker_d.xml
google/iosched@f5762bef79dc6cc9fd69011fd49d2e18d005a304,mobile/src/main/res/drawable/map_marker_drink.xml,XML,Android Views,xmlns:android=,https://github.com/google/iosched/blob/f5762bef79dc6cc9fd69011fd49d2e18d005a304/mobile/src/main/res/drawable/map_marker_drink.xml
google/iosched@f5762bef79dc6cc9fd69011fd49d2e18d005a304,mobile/src/main/res/drawable/map_marker_e.xml,XML,Android Views,xmlns:android=,https://github.com/google/iosched/blob/f5762bef79dc6cc9fd69011fd49d2e18d005a304/mobile/src/main/res/drawable/map_marker_e.xml
google/iosched@f5762bef79dc6cc9fd69011fd49d2e18d005a304,mobile/src/main/res/drawable/map_marker_f.xml,XML,Android Views,xmlns:android=,https://github.com/google/iosched/blob/f5762bef79dc6cc9fd69011fd49d2e18d005a304/mobile/src/main/res/drawable/map_marker_f.xml
google/iosched@f5762bef79dc6cc9fd69011fd49d2e18d005a304,mobile/src/main/res/drawable/map_marker_food.xml,XML,Android Views,xmlns:android=,https://github.com/google/iosched/blob/f5762bef79dc6cc9fd69011fd49d2e18d005a304/mobile/src/main/res/drawable/map_marker_food.xml
google/iosched@f5762bef79dc6cc9fd69011fd49d2e18d005a304,mobile/src/main/res/drawable/map_marker_g.xml,XML,Android Views,xmlns:android=,https://github.com/google/iosched/blob/f5762bef79dc6cc9fd69011fd49d2e18d005a304/mobile/src/main/res/drawable/map_marker_g.xml
google/iosched@f5762bef79dc6cc9fd69011fd49d2e18d005a304,mobile/src/main/res/drawable/map_marker_h.xml,XML,Android Views,xmlns:android=,https://github.com/google/iosched/blob/f5762bef79dc6cc9fd69011fd49d2e18d005a304/mobile/src/main/res/drawable/map_marker_h.xml
google/iosched@f5762bef79dc6cc9fd69011fd49d2e18d005a304,mobile/src/main/res/drawable/map_marker_handicap.xml,XML,Android Views,xmlns:android=,https://github.com/google/iosched/blob/f5762bef79dc6cc9fd69011fd49d2e18d005a304/mobile/src/main/res/drawable/map_marker_handicap.xml
google/iosched@f5762bef79dc6cc9fd69011fd49d2e18d005a304,mobile/src/main/res/drawable/map_marker_i.xml,XML,Android Views,xmlns:android=,https://github.com/google/iosched/blob/f5762bef79dc6cc9fd69011fd49d2e18d005a304/mobile/src/main/res/drawable/map_marker_i.xml
google/iosched@f5762bef79dc6cc9fd69011fd49d2e18d005a304,mobile/src/main/res/drawable/map_marker_info.xml,XML,Android Views,xmlns:android=,https://github.com/google/iosched/blob/f5762bef79dc6cc9fd69011fd49d2e18d005a304/mobile/src/main/res/drawable/map_marker_info.xml
google/iosched@f5762bef79dc6cc9fd69011fd49d2e18d005a304,mobile/src/main/res/drawable/map_marker_label_background.xml,XML,Android Views,xmlns:android=,https://github.com/google/iosched/blob/f5762bef79dc6cc9fd69011fd49d2e18d005a304/mobile/src/main/res/drawable/map_marker_label_background.xml
google/iosched@f5762bef79dc6cc9fd69011fd49d2e18d005a304,mobile/src/main/res/drawable/map_marker_lounge.xml,XML,Android Views,xmlns:android=,https://github.com/google/iosched/blob/f5762bef79dc6cc9fd69011fd49d2e18d005a304/mobile/src/main/res/drawable/map_marker_lounge.xml
google/iosched@f5762bef79dc6cc9fd69011fd49d2e18d005a304,mobile/src/main/res/drawable/map_marker_medical.xml,XML,Android Views,xmlns:android=,https://github.com/google/iosched/blob/f5762bef79dc6cc9fd69011fd49d2e18d005a304/mobile/src/main/res/drawable/map_marker_medical.xml
google/iosched@f5762bef79dc6cc9fd69011fd49d2e18d005a304,mobile/src/main/res/drawable/map_marker_mothers_room.xml,XML,Android Views,xmlns:android=,https://github.com/google/iosched/blob/f5762bef79dc6cc9fd69011fd49d2e18d005a304/mobile/src/main/res/drawable/map_marker_mothers_room.xml
google/iosched@f5762bef79dc6cc9fd69011fd49d2e18d005a304,mobile/src/main/res/drawable/map_marker_parking.xml,XML,Android Views,xmlns:android=,https://github.com/google/iosched/blob/f5762bef79dc6cc9fd69011fd49d2e18d005a304/mobile/src/main/res/drawable/map_marker_parking.xml
google/iosched@f5762bef79dc6cc9fd69011fd49d2e18d005a304,mobile/src/main/res/drawable/map_marker_restroom.xml,XML,Android Views,xmlns:android=,https://github.com/google/iosched/blob/f5762bef79dc6cc9fd69011fd49d2e18d005a304/mobile/src/main/res/drawable/map_marker_restroom.xml
google/iosched@f5762bef79dc6cc9fd69011fd49d2e18d005a304,mobile/src/main/res/drawable/map_marker_rideshare.xml,XML,Android Views,xmlns:android=,https://github.com/google/iosched/blob/f5762bef79dc6cc9fd69011fd49d2e18d005a304/mobile/src/main/res/drawable/map_marker_rideshare.xml
google/iosched@f5762bef79dc6cc9fd69011fd49d2e18d005a304,mobile/src/main/res/drawable/map_marker_service_dog.xml,XML,Android Views,xmlns:android=,https://github.com/google/iosched/blob/f5762bef79dc6cc9fd69011fd49d2e18d005a304/mobile/src/main/res/drawable/map_marker_service_dog.xml
google/iosched@f5762bef79dc6cc9fd69011fd49d2e18d005a304,mobile/src/main/res/drawable/map_marker_shuttle.xml,XML,Android Views,xmlns:android=,https://github.com/google/iosched/blob/f5762bef79dc6cc9fd69011fd49d2e18d005a304/mobile/src/main/res/drawable/map_marker_shuttle.xml
google/iosched@f5762bef79dc6cc9fd69011fd49d2e18d005a304,mobile/src/main/res/drawable/map_marker_star.xml,XML,Android Views,xmlns:android=,https://github.com/google/iosched/blob/f5762bef79dc6cc9fd69011fd49d2e18d005a304/mobile/src/main/res/drawable/map_marker_star.xml
google/iosched@f5762bef79dc6cc9fd69011fd49d2e18d005a304,mobile/src/main/res/drawable/map_marker_store.xml,XML,Android Views,xmlns:android=,https://github.com/google/iosched/blob/f5762bef79dc6cc9fd69011fd49d2e18d005a304/mobile/src/main/res/drawable/map_marker_store.xml
google/iosched@f5762bef79dc6cc9fd69011fd49d2e18d005a304,mobile/src/main/res/drawable/map_marker_water.xml,XML,Android Views,xmlns:android=,https://github.com/google/iosched/blob/f5762bef79dc6cc9fd69011fd49d2e18d005a304/mobile/src/main/res/drawable/map_marker_water.xml
google/iosched@f5762bef79dc6cc9fd69011fd49d2e18d005a304,mobile/src/main/res/drawable/navigation_item_background.xml,XML,Android Views,xmlns:android=,https://github.com/google/iosched/blob/f5762bef79dc6cc9fd69011fd49d2e18d005a304/mobile/src/main/res/drawable/navigation_item_background.xml
google/iosched@f5762bef79dc6cc9fd69011fd49d2e18d005a304,mobile/src/main/res/drawable/no_items_found_204.xml,XML,Android Views,xmlns:android=,https://github.com/google/iosched/blob/f5762bef79dc6cc9fd69011fd49d2e18d005a304/mobile/src/main/res/drawable/no_items_found_204.xml
google/iosched@f5762bef79dc6cc9fd69011fd49d2e18d005a304,mobile/src/main/res/drawable/onboarding_io_19.xml,XML,Android Views,xmlns:android=,https://github.com/google/iosched/blob/f5762bef79dc6cc9fd69011fd49d2e18d005a304/mobile/src/main/res/drawable/onboarding_io_19.xml
google/iosched@f5762bef79dc6cc9fd69011fd49d2e18d005a304,mobile/src/main/res/drawable/onboarding_io_date_2019.xml,XML,Android Views,xmlns:android=,https://github.com/google/iosched/blob/f5762bef79dc6cc9fd69011fd49d2e18d005a304/mobile/src/main/res/drawable/onboarding_io_date_2019.xml
google/iosched@f5762bef79dc6cc9fd69011fd49d2e18d005a304,mobile/src/main/res/drawable/onboarding_schedule.xml,XML,Android Views,xmlns:android=,https://github.com/google/iosched/blob/f5762bef79dc6cc9fd69011fd49d2e18d005a304/mobile/src/main/res/drawable/onboarding_schedule.xml
google/iosched@f5762bef79dc6cc9fd69011fd49d2e18d005a304,mobile/src/main/res/drawable/page_margin.xml,XML,Android Views,xmlns:android=,https://github.com/google/iosched/blob/f5762bef79dc6cc9fd69011fd49d2e18d005a304/mobile/src/main/res/drawable/page_margin.xml
google/iosched@f5762bef79dc6cc9fd69011fd49d2e18d005a304,mobile/src/main/res/drawable/preview_window.xml,XML,Android Views,xmlns:android=,https://github.com/google/iosched/blob/f5762bef79dc6cc9fd69011fd49d2e18d005a304/mobile/src/main/res/drawable/preview_window.xml
google/iosched@f5762bef79dc6cc9fd69011fd49d2e18d005a304,mobile/src/main/res/drawable/signal_wifi_off.xml,XML,Android Views,xmlns:android=,https://github.com/google/iosched/blob/f5762bef79dc6cc9fd69011fd49d2e18d005a304/mobile/src/main/res/drawable/signal_wifi_off.xml
google/iosched@f5762bef79dc6cc9fd69011fd49d2e18d005a304,mobile/src/main/res/drawable/tab_indicator.xml,XML,Android Views,xmlns:android=,https://github.com/google/iosched/blob/f5762bef79dc6cc9fd69011fd49d2e18d005a304/mobile/src/main/res/drawable/tab_indicator.xml
google/iosched@f5762bef79dc6cc9fd69011fd49d2e18d005a304,mobile/src/main/res/drawable/unrated_thumb.xml,XML,Android Views,xmlns:android=,https://github.com/google/iosched/blob/f5762bef79dc6cc9fd69011fd49d2e18d005a304/mobile/src/main/res/drawable/unrated_thumb.xml
google/iosched@f5762bef79dc6cc9fd69011fd49d2e18d005a304,mobile/src/main/res/layout-land/include_schedule_appbar.xml,XML,Android Views,xmlns:android=; android:layout_width,https://github.com/google/iosched/blob/f5762bef79dc6cc9fd69011fd49d2e18d005a304/mobile/src/main/res/layout-land/include_schedule_appbar.xml
google/iosched@f5762bef79dc6cc9fd69011fd49d2e18d005a304,mobile/src/main/res/layout-land/include_search_appbar.xml,XML,Android Views,xmlns:android=; android:layout_width; <LinearLayout,https://github.com/google/iosched/blob/f5762bef79dc6cc9fd69011fd49d2e18d005a304/mobile/src/main/res/layout-land/include_search_appbar.xml
google/iosched@f5762bef79dc6cc9fd69011fd49d2e18d005a304,mobile/src/main/res/layout-w500dp/event_card_content.xml,XML,Android Views,xmlns:android=; android:layout_width; <TextView; <Button; <ImageView; <merge,https://github.com/google/iosched/blob/f5762bef79dc6cc9fd69011fd49d2e18d005a304/mobile/src/main/res/layout-w500dp/event_card_content.xml
google/iosched@f5762bef79dc6cc9fd69011fd49d2e18d005a304,mobile/src/main/res/layout/activity_main.xml,XML,Android Views,xmlns:android=; android:layout_width; <FrameLayout,https://github.com/google/iosched/blob/f5762bef79dc6cc9fd69011fd49d2e18d005a304/mobile/src/main/res/layout/activity_main.xml
google/iosched@f5762bef79dc6cc9fd69011fd49d2e18d005a304,mobile/src/main/res/layout/activity_onboarding.xml,XML,Android Views,xmlns:android=; android:layout_width; <FrameLayout,https://github.com/google/iosched/blob/f5762bef79dc6cc9fd69011fd49d2e18d005a304/mobile/src/main/res/layout/activity_onboarding.xml
google/iosched@f5762bef79dc6cc9fd69011fd49d2e18d005a304,mobile/src/main/res/layout/activity_session_detail.xml,XML,Android Views,xmlns:android=; android:layout_width; <FrameLayout,https://github.com/google/iosched/blob/f5762bef79dc6cc9fd69011fd49d2e18d005a304/mobile/src/main/res/layout/activity_session_detail.xml
google/iosched@f5762bef79dc6cc9fd69011fd49d2e18d005a304,mobile/src/main/res/layout/collapsible_card_content.xml,XML,Android Views,xmlns:android=; android:layout_width; <LinearLayout; <TextView; <ImageView; <merge; android.widget,https://github.com/google/iosched/blob/f5762bef79dc6cc9fd69011fd49d2e18d005a304/mobile/src/main/res/layout/collapsible_card_content.xml
google/iosched@f5762bef79dc6cc9fd69011fd49d2e18d005a304,mobile/src/main/res/layout/countdown.xml,XML,Android Views,xmlns:android=; android:layout_width; <TextView; <merge,https://github.com/google/iosched/blob/f5762bef79dc6cc9fd69011fd49d2e18d005a304/mobile/src/main/res/layout/countdown.xml
google/iosched@f5762bef79dc6cc9fd69011fd49d2e18d005a304,mobile/src/main/res/layout/dialog_schedule_hints.xml,XML,Android Views,xmlns:android=; android:layout_width; <LinearLayout; <TextView,https://github.com/google/iosched/blob/f5762bef79dc6cc9fd69011fd49d2e18d005a304/mobile/src/main/res/layout/dialog_schedule_hints.xml
google/iosched@f5762bef79dc6cc9fd69011fd49d2e18d005a304,mobile/src/main/res/layout/dialog_sign_in.xml,XML,Android Views,xmlns:android=; android:layout_width; <TextView; <Button; <ImageView,https://github.com/google/iosched/blob/f5762bef79dc6cc9fd69011fd49d2e18d005a304/mobile/src/main/res/layout/dialog_sign_in.xml
google/iosched@f5762bef79dc6cc9fd69011fd49d2e18d005a304,mobile/src/main/res/layout/dialog_sign_out.xml,XML,Android Views,xmlns:android=; android:layout_width; <LinearLayout; <TextView; <Button; <ImageView,https://github.com/google/iosched/blob/f5762bef79dc6cc9fd69011fd49d2e18d005a304/mobile/src/main/res/layout/dialog_sign_out.xml
google/iosched@f5762bef79dc6cc9fd69011fd49d2e18d005a304,mobile/src/main/res/layout/event_card_content.xml,XML,Android Views,xmlns:android=; android:layout_width; <TextView; <Button; <ImageView; <merge,https://github.com/google/iosched/blob/f5762bef79dc6cc9fd69011fd49d2e18d005a304/mobile/src/main/res/layout/event_card_content.xml
google/iosched@f5762bef79dc6cc9fd69011fd49d2e18d005a304,mobile/src/main/res/layout/fading_snackbar_layout.xml,XML,Android Views,xmlns:android=; android:layout_width; <LinearLayout; <TextView; <Button; <merge,https://github.com/google/iosched/blob/f5762bef79dc6cc9fd69011fd49d2e18d005a304/mobile/src/main/res/layout/fading_snackbar_layout.xml
google/iosched@f5762bef79dc6cc9fd69011fd49d2e18d005a304,mobile/src/main/res/layout/fragment_agenda.xml,XML,Android Views,xmlns:android=; android:layout_width,https://github.com/google/iosched/blob/f5762bef79dc6cc9fd69011fd49d2e18d005a304/mobile/src/main/res/layout/fragment_agenda.xml
google/iosched@f5762bef79dc6cc9fd69011fd49d2e18d005a304,mobile/src/main/res/layout/fragment_announcements.xml,XML,Android Views,xmlns:android=; android:layout_width; <LinearLayout; android.view,https://github.com/google/iosched/blob/f5762bef79dc6cc9fd69011fd49d2e18d005a304/mobile/src/main/res/layout/fragment_announcements.xml
google/iosched@f5762bef79dc6cc9fd69011fd49d2e18d005a304,mobile/src/main/res/layout/fragment_arcore_not_supported.xml,XML,Android Views,xmlns:android=; android:layout_width; <TextView; <ImageView,https://github.com/google/iosched/blob/f5762bef79dc6cc9fd69011fd49d2e18d005a304/mobile/src/main/res/layout/fragment_arcore_not_supported.xml
google/iosched@f5762bef79dc6cc9fd69011fd49d2e18d005a304,mobile/src/main/res/layout/fragment_codelabs.xml,XML,Android Views,xmlns:android=; android:layout_width,https://github.com/google/iosched/blob/f5762bef79dc6cc9fd69011fd49d2e18d005a304/mobile/src/main/res/layout/fragment_codelabs.xml
google/iosched@f5762bef79dc6cc9fd69011fd49d2e18d005a304,mobile/src/main/res/layout/fragment_feed.xml,XML,Android Views,xmlns:android=; android:layout_width; android.view,https://github.com/google/iosched/blob/f5762bef79dc6cc9fd69011fd49d2e18d005a304/mobile/src/main/res/layout/fragment_feed.xml
google/iosched@f5762bef79dc6cc9fd69011fd49d2e18d005a304,mobile/src/main/res/layout/fragment_filters.xml,XML,Android Views,xmlns:android=; android:layout_width; <TextView; <Button,https://github.com/google/iosched/blob/f5762bef79dc6cc9fd69011fd49d2e18d005a304/mobile/src/main/res/layout/fragment_filters.xml
google/iosched@f5762bef79dc6cc9fd69011fd49d2e18d005a304,mobile/src/main/res/layout/fragment_info.xml,XML,Android Views,xmlns:android=; android:layout_width,https://github.com/google/iosched/blob/f5762bef79dc6cc9fd69011fd49d2e18d005a304/mobile/src/main/res/layout/fragment_info.xml
google/iosched@f5762bef79dc6cc9fd69011fd49d2e18d005a304,mobile/src/main/res/layout/fragment_info_event.xml,XML,Android Views,xmlns:android=; android:layout_width; <TextView; <ImageView; <include,https://github.com/google/iosched/blob/f5762bef79dc6cc9fd69011fd49d2e18d005a304/mobile/src/main/res/layout/fragment_info_event.xml
google/iosched@f5762bef79dc6cc9fd69011fd49d2e18d005a304,mobile/src/main/res/layout/fragment_info_faq.xml,XML,Android Views,xmlns:android=; android:layout_width; <LinearLayout,https://github.com/google/iosched/blob/f5762bef79dc6cc9fd69011fd49d2e18d005a304/mobile/src/main/res/layout/fragment_info_faq.xml
google/iosched@f5762bef79dc6cc9fd69011fd49d2e18d005a304,mobile/src/main/res/layout/fragment_info_travel.xml,XML,Android Views,xmlns:android=; android:layout_width; <LinearLayout,https://github.com/google/iosched/blob/f5762bef79dc6cc9fd69011fd49d2e18d005a304/mobile/src/main/res/layout/fragment_info_travel.xml
google/iosched@f5762bef79dc6cc9fd69011fd49d2e18d005a304,mobile/src/main/res/layout/fragment_map.xml,XML,Android Views,xmlns:android=; android:layout_width; <TextView; <ImageView,https://github.com/google/iosched/blob/f5762bef79dc6cc9fd69011fd49d2e18d005a304/mobile/src/main/res/layout/fragment_map.xml
google/iosched@f5762bef79dc6cc9fd69011fd49d2e18d005a304,mobile/src/main/res/layout/fragment_map_variant_select.xml,XML,Android Views,xmlns:android=; android:layout_width,https://github.com/google/iosched/blob/f5762bef79dc6cc9fd69011fd49d2e18d005a304/mobile/src/main/res/layout/fragment_map_variant_select.xml
google/iosched@f5762bef79dc6cc9fd69011fd49d2e18d005a304,mobile/src/main/res/layout/fragment_no_network.xml,XML,Android Views,xmlns:android=; android:layout_width; <TextView; <ImageView,https://github.com/google/iosched/blob/f5762bef79dc6cc9fd69011fd49d2e18d005a304/mobile/src/main/res/layout/fragment_no_network.xml
google/iosched@f5762bef79dc6cc9fd69011fd49d2e18d005a304,mobile/src/main/res/layout/fragment_onboarding.xml,XML,Android Views,xmlns:android=; android:layout_width; <Button,https://github.com/google/iosched/blob/f5762bef79dc6cc9fd69011fd49d2e18d005a304/mobile/src/main/res/layout/fragment_onboarding.xml
google/iosched@f5762bef79dc6cc9fd69011fd49d2e18d005a304,mobile/src/main/res/layout/fragment_onboarding_signin.xml,XML,Android Views,xmlns:android=; android:layout_width; <TextView; <Button; <ImageView,https://github.com/google/iosched/blob/f5762bef79dc6cc9fd69011fd49d2e18d005a304/mobile/src/main/res/layout/fragment_onboarding_signin.xml
google/iosched@f5762bef79dc6cc9fd69011fd49d2e18d005a304,mobile/src/main/res/layout/fragment_onboarding_welcome_during.xml,XML,Android Views,xmlns:android=; android:layout_width; <TextView; <Button; <ImageView,https://github.com/google/iosched/blob/f5762bef79dc6cc9fd69011fd49d2e18d005a304/mobile/src/main/res/layout/fragment_onboarding_welcome_during.xml
google/iosched@f5762bef79dc6cc9fd69011fd49d2e18d005a304,mobile/src/main/res/layout/fragment_onboarding_welcome_post.xml,XML,Android Views,xmlns:android=; android:layout_width; <TextView; <ImageView,https://github.com/google/iosched/blob/f5762bef79dc6cc9fd69011fd49d2e18d005a304/mobile/src/main/res/layout/fragment_onboarding_welcome_post.xml
google/iosched@f5762bef79dc6cc9fd69011fd49d2e18d005a304,mobile/src/main/res/layout/fragment_onboarding_welcome_pre.xml,XML,Android Views,xmlns:android=; android:layout_width; <TextView; <Button; <ImageView,https://github.com/google/iosched/blob/f5762bef79dc6cc9fd69011fd49d2e18d005a304/mobile/src/main/res/layout/fragment_onboarding_welcome_pre.xml
google/iosched@f5762bef79dc6cc9fd69011fd49d2e18d005a304,mobile/src/main/res/layout/fragment_schedule.xml,XML,Android Views,xmlns:android=; android:layout_width; <FrameLayout; <TextView; <include,https://github.com/google/iosched/blob/f5762bef79dc6cc9fd69011fd49d2e18d005a304/mobile/src/main/res/layout/fragment_schedule.xml
google/iosched@f5762bef79dc6cc9fd69011fd49d2e18d005a304,mobile/src/main/res/layout/fragment_search.xml,XML,Android Views,xmlns:android=; android:layout_width; <TextView; <include,https://github.com/google/iosched/blob/f5762bef79dc6cc9fd69011fd49d2e18d005a304/mobile/src/main/res/layout/fragment_search.xml
google/iosched@f5762bef79dc6cc9fd69011fd49d2e18d005a304,mobile/src/main/res/layout/fragment_session_detail.xml,XML,Android Views,xmlns:android=; android:layout_width; <ImageView,https://github.com/google/iosched/blob/f5762bef79dc6cc9fd69011fd49d2e18d005a304/mobile/src/main/res/layout/fragment_session_detail.xml
google/iosched@f5762bef79dc6cc9fd69011fd49d2e18d005a304,mobile/src/main/res/layout/fragment_session_feedback.xml,XML,Android Views,xmlns:android=; android:layout_width,https://github.com/google/iosched/blob/f5762bef79dc6cc9fd69011fd49d2e18d005a304/mobile/src/main/res/layout/fragment_session_feedback.xml
google/iosched@f5762bef79dc6cc9fd69011fd49d2e18d005a304,mobile/src/main/res/layout/fragment_settings.xml,XML,Android Views,xmlns:android=; android:layout_width; <LinearLayout; <TextView,https://github.com/google/iosched/blob/f5762bef79dc6cc9fd69011fd49d2e18d005a304/mobile/src/main/res/layout/fragment_settings.xml
google/iosched@f5762bef79dc6cc9fd69011fd49d2e18d005a304,mobile/src/main/res/layout/fragment_speaker.xml,XML,Android Views,xmlns:android=; android:layout_width; <ImageView,https://github.com/google/iosched/blob/f5762bef79dc6cc9fd69011fd49d2e18d005a304/mobile/src/main/res/layout/fragment_speaker.xml
google/iosched@f5762bef79dc6cc9fd69011fd49d2e18d005a304,mobile/src/main/res/layout/include_agenda_contents.xml,XML,Android Views,xmlns:android=; android:layout_width; <TextView; <ImageView; <merge,https://github.com/google/iosched/blob/f5762bef79dc6cc9fd69011fd49d2e18d005a304/mobile/src/main/res/layout/include_agenda_contents.xml
google/iosched@f5762bef79dc6cc9fd69011fd49d2e18d005a304,mobile/src/main/res/layout/include_schedule_appbar.xml,XML,Android Views,xmlns:android=; android:layout_width,https://github.com/google/iosched/blob/f5762bef79dc6cc9fd69011fd49d2e18d005a304/mobile/src/main/res/layout/include_schedule_appbar.xml
google/iosched@f5762bef79dc6cc9fd69011fd49d2e18d005a304,mobile/src/main/res/layout/include_search_appbar.xml,XML,Android Views,xmlns:android=; android:layout_width,https://github.com/google/iosched/blob/f5762bef79dc6cc9fd69011fd49d2e18d005a304/mobile/src/main/res/layout/include_search_appbar.xml
google/iosched@f5762bef79dc6cc9fd69011fd49d2e18d005a304,mobile/src/main/res/layout/info_wifi_card.xml,XML,Android Views,xmlns:android=; android:layout_width; <LinearLayout; <TextView; <Button,https://github.com/google/iosched/blob/f5762bef79dc6cc9fd69011fd49d2e18d005a304/mobile/src/main/res/layout/info_wifi_card.xml
google/iosched@f5762bef79dc6cc9fd69011fd49d2e18d005a304,mobile/src/main/res/layout/item_agenda_dark.xml,XML,Android Views,xmlns:android=; android:layout_width; <include,https://github.com/google/iosched/blob/f5762bef79dc6cc9fd69011fd49d2e18d005a304/mobile/src/main/res/layout/item_agenda_dark.xml
google/iosched@f5762bef79dc6cc9fd69011fd49d2e18d005a304,mobile/src/main/res/layout/item_agenda_light.xml,XML,Android Views,xmlns:android=; android:layout_width; <include,https://github.com/google/iosched/blob/f5762bef79dc6cc9fd69011fd49d2e18d005a304/mobile/src/main/res/layout/item_agenda_light.xml
google/iosched@f5762bef79dc6cc9fd69011fd49d2e18d005a304,mobile/src/main/res/layout/item_codelab.xml,XML,Android Views,xmlns:android=; android:layout_width; <TextView; <Button; <ImageView,https://github.com/google/iosched/blob/f5762bef79dc6cc9fd69011fd49d2e18d005a304/mobile/src/main/res/layout/item_codelab.xml
google/iosched@f5762bef79dc6cc9fd69011fd49d2e18d005a304,mobile/src/main/res/layout/item_codelabs_header.xml,XML,Android Views,xmlns:android=; android:layout_width; <Button,https://github.com/google/iosched/blob/f5762bef79dc6cc9fd69011fd49d2e18d005a304/mobile/src/main/res/layout/item_codelabs_header.xml
google/iosched@f5762bef79dc6cc9fd69011fd49d2e18d005a304,mobile/src/main/res/layout/item_codelabs_information_card.xml,XML,Android Views,xmlns:android=; android:layout_width; <LinearLayout; <TextView; <Button,https://github.com/google/iosched/blob/f5762bef79dc6cc9fd69011fd49d2e18d005a304/mobile/src/main/res/layout/item_codelabs_information_card.xml
google/iosched@f5762bef79dc6cc9fd69011fd49d2e18d005a304,mobile/src/main/res/layout/item_feed_announcement.xml,XML,Android Views,xmlns:android=; android:layout_width; <TextView; <ImageView,https://github.com/google/iosched/blob/f5762bef79dc6cc9fd69011fd49d2e18d005a304/mobile/src/main/res/layout/item_feed_announcement.xml
google/iosched@f5762bef79dc6cc9fd69011fd49d2e18d005a304,mobile/src/main/res/layout/item_feed_announcements_empty.xml,XML,Android Views,xmlns:android=; android:layout_width; <TextView,https://github.com/google/iosched/blob/f5762bef79dc6cc9fd69011fd49d2e18d005a304/mobile/src/main/res/layout/item_feed_announcements_empty.xml
google/iosched@f5762bef79dc6cc9fd69011fd49d2e18d005a304,mobile/src/main/res/layout/item_feed_announcements_header.xml,XML,Android Views,xmlns:android=; android:layout_width; <TextView; <Button,https://github.com/google/iosched/blob/f5762bef79dc6cc9fd69011fd49d2e18d005a304/mobile/src/main/res/layout/item_feed_announcements_header.xml
google/iosched@f5762bef79dc6cc9fd69011fd49d2e18d005a304,mobile/src/main/res/layout/item_feed_announcements_loading.xml,XML,Android Views,xmlns:android=; android:layout_width,https://github.com/google/iosched/blob/f5762bef79dc6cc9fd69011fd49d2e18d005a304/mobile/src/main/res/layout/item_feed_announcements_loading.xml
google/iosched@f5762bef79dc6cc9fd69011fd49d2e18d005a304,mobile/src/main/res/layout/item_feed_countdown.xml,XML,Android Views,xmlns:android=; android:layout_width,https://github.com/google/iosched/blob/f5762bef79dc6cc9fd69011fd49d2e18d005a304/mobile/src/main/res/layout/item_feed_countdown.xml
google/iosched@f5762bef79dc6cc9fd69011fd49d2e18d005a304,mobile/src/main/res/layout/item_feed_moment.xml,XML,Android Views,xmlns:android=; android:layout_width; <Button; <ImageView,https://github.com/google/iosched/blob/f5762bef79dc6cc9fd69011fd49d2e18d005a304/mobile/src/main/res/layout/item_feed_moment.xml
google/iosched@f5762bef79dc6cc9fd69011fd49d2e18d005a304,mobile/src/main/res/layout/item_feed_session.xml,XML,Android Views,xmlns:android=; android:layout_width; <LinearLayout; <TextView; <Button; <ImageView; android.view,https://github.com/google/iosched/blob/f5762bef79dc6cc9fd69011fd49d2e18d005a304/mobile/src/main/res/layout/item_feed_session.xml
google/iosched@f5762bef79dc6cc9fd69011fd49d2e18d005a304,mobile/src/main/res/layout/item_feed_sessions_container.xml,XML,Android Views,xmlns:android=; android:layout_width; <LinearLayout; <TextView; <Button,https://github.com/google/iosched/blob/f5762bef79dc6cc9fd69011fd49d2e18d005a304/mobile/src/main/res/layout/item_feed_sessions_container.xml
google/iosched@f5762bef79dc6cc9fd69011fd49d2e18d005a304,mobile/src/main/res/layout/item_feed_social_channels.xml,XML,Android Views,xmlns:android=; android:layout_width; <TextView,https://github.com/google/iosched/blob/f5762bef79dc6cc9fd69011fd49d2e18d005a304/mobile/src/main/res/layout/item_feed_social_channels.xml
google/iosched@f5762bef79dc6cc9fd69011fd49d2e18d005a304,mobile/src/main/res/layout/item_feed_sustainability.xml,XML,Android Views,xmlns:android=; android:layout_width; <TextView; <Button,https://github.com/google/iosched/blob/f5762bef79dc6cc9fd69011fd49d2e18d005a304/mobile/src/main/res/layout/item_feed_sustainability.xml
google/iosched@f5762bef79dc6cc9fd69011fd49d2e18d005a304,mobile/src/main/res/layout/item_filter_chip_closeable.xml,XML,Android Views,xmlns:android=; android:layout_width,https://github.com/google/iosched/blob/f5762bef79dc6cc9fd69011fd49d2e18d005a304/mobile/src/main/res/layout/item_filter_chip_closeable.xml
google/iosched@f5762bef79dc6cc9fd69011fd49d2e18d005a304,mobile/src/main/res/layout/item_filter_chip_selectable.xml,XML,Android Views,xmlns:android=; android:layout_width,https://github.com/google/iosched/blob/f5762bef79dc6cc9fd69011fd49d2e18d005a304/mobile/src/main/res/layout/item_filter_chip_selectable.xml
google/iosched@f5762bef79dc6cc9fd69011fd49d2e18d005a304,mobile/src/main/res/layout/item_generic_section_header.xml,XML,Android Views,xmlns:android=; android:layout_width; <TextView,https://github.com/google/iosched/blob/f5762bef79dc6cc9fd69011fd49d2e18d005a304/mobile/src/main/res/layout/item_generic_section_header.xml
google/iosched@f5762bef79dc6cc9fd69011fd49d2e18d005a304,mobile/src/main/res/layout/item_inline_tag.xml,XML,Android Views,xmlns:android=; android:layout_width; <TextView,https://github.com/google/iosched/blob/f5762bef79dc6cc9fd69011fd49d2e18d005a304/mobile/src/main/res/layout/item_inline_tag.xml
google/iosched@f5762bef79dc6cc9fd69011fd49d2e18d005a304,mobile/src/main/res/layout/item_map_variant.xml,XML,Android Views,xmlns:android=; android:layout_width,https://github.com/google/iosched/blob/f5762bef79dc6cc9fd69011fd49d2e18d005a304/mobile/src/main/res/layout/item_map_variant.xml
google/iosched@f5762bef79dc6cc9fd69011fd49d2e18d005a304,mobile/src/main/res/layout/item_question.xml,XML,Android Views,xmlns:android=; android:layout_width; <TextView,https://github.com/google/iosched/blob/f5762bef79dc6cc9fd69011fd49d2e18d005a304/mobile/src/main/res/layout/item_question.xml
google/iosched@f5762bef79dc6cc9fd69011fd49d2e18d005a304,mobile/src/main/res/layout/item_schedule_day_indicator.xml,XML,Android Views,xmlns:android=; android:layout_width,https://github.com/google/iosched/blob/f5762bef79dc6cc9fd69011fd49d2e18d005a304/mobile/src/main/res/layout/item_schedule_day_indicator.xml
google/iosched@f5762bef79dc6cc9fd69011fd49d2e18d005a304,mobile/src/main/res/layout/item_session.xml,XML,Android Views,xmlns:android=; android:layout_width; <TextView; <ImageView,https://github.com/google/iosched/blob/f5762bef79dc6cc9fd69011fd49d2e18d005a304/mobile/src/main/res/layout/item_session.xml
google/iosched@f5762bef79dc6cc9fd69011fd49d2e18d005a304,mobile/src/main/res/layout/item_session_info.xml,XML,Android Views,xmlns:android=; android:layout_width; <TextView; <Button; <ImageView,https://github.com/google/iosched/blob/f5762bef79dc6cc9fd69011fd49d2e18d005a304/mobile/src/main/res/layout/item_session_info.xml
google/iosched@f5762bef79dc6cc9fd69011fd49d2e18d005a304,mobile/src/main/res/layout/item_speaker.xml,XML,Android Views,xmlns:android=; android:layout_width; <TextView; <ImageView,https://github.com/google/iosched/blob/f5762bef79dc6cc9fd69011fd49d2e18d005a304/mobile/src/main/res/layout/item_speaker.xml
google/iosched@f5762bef79dc6cc9fd69011fd49d2e18d005a304,mobile/src/main/res/layout/item_speaker_info.xml,XML,Android Views,xmlns:android=; android:layout_width; <TextView; <Button,https://github.com/google/iosched/blob/f5762bef79dc6cc9fd69011fd49d2e18d005a304/mobile/src/main/res/layout/item_speaker_info.xml
google/iosched@f5762bef79dc6cc9fd69011fd49d2e18d005a304,mobile/src/main/res/layout/navigation_header.xml,XML,Android Views,xmlns:android=; android:layout_width; <LinearLayout; <ImageView,https://github.com/google/iosched/blob/f5762bef79dc6cc9fd69011fd49d2e18d005a304/mobile/src/main/res/layout/navigation_header.xml
google/iosched@f5762bef79dc6cc9fd69011fd49d2e18d005a304,mobile/src/main/res/menu/map_menu.xml,XML,Android Views,xmlns:android=,https://github.com/google/iosched/blob/f5762bef79dc6cc9fd69011fd49d2e18d005a304/mobile/src/main/res/menu/map_menu.xml
google/iosched@f5762bef79dc6cc9fd69011fd49d2e18d005a304,mobile/src/main/res/menu/navigation.xml,XML,Android Views,xmlns:android=,https://github.com/google/iosched/blob/f5762bef79dc6cc9fd69011fd49d2e18d005a304/mobile/src/main/res/menu/navigation.xml
google/iosched@f5762bef79dc6cc9fd69011fd49d2e18d005a304,mobile/src/main/res/menu/profile.xml,XML,Android Views,xmlns:android=,https://github.com/google/iosched/blob/f5762bef79dc6cc9fd69011fd49d2e18d005a304/mobile/src/main/res/menu/profile.xml
google/iosched@f5762bef79dc6cc9fd69011fd49d2e18d005a304,mobile/src/main/res/menu/schedule_menu.xml,XML,Android Views,xmlns:android=,https://github.com/google/iosched/blob/f5762bef79dc6cc9fd69011fd49d2e18d005a304/mobile/src/main/res/menu/schedule_menu.xml
google/iosched@f5762bef79dc6cc9fd69011fd49d2e18d005a304,mobile/src/main/res/menu/search_menu.xml,XML,Android Views,xmlns:android=,https://github.com/google/iosched/blob/f5762bef79dc6cc9fd69011fd49d2e18d005a304/mobile/src/main/res/menu/search_menu.xml
google/iosched@f5762bef79dc6cc9fd69011fd49d2e18d005a304,mobile/src/main/res/menu/session_detail_menu.xml,XML,Android Views,xmlns:android=,https://github.com/google/iosched/blob/f5762bef79dc6cc9fd69011fd49d2e18d005a304/mobile/src/main/res/menu/session_detail_menu.xml
google/iosched@f5762bef79dc6cc9fd69011fd49d2e18d005a304,mobile/src/main/res/navigation/nav_graph.xml,XML,Android Views,xmlns:android=,https://github.com/google/iosched/blob/f5762bef79dc6cc9fd69011fd49d2e18d005a304/mobile/src/main/res/navigation/nav_graph.xml
google/iosched@f5762bef79dc6cc9fd69011fd49d2e18d005a304,mobile/src/main/res/transition/codelab_toggle.xml,XML,Android Views,xmlns:android=,https://github.com/google/iosched/blob/f5762bef79dc6cc9fd69011fd49d2e18d005a304/mobile/src/main/res/transition/codelab_toggle.xml
google/iosched@f5762bef79dc6cc9fd69011fd49d2e18d005a304,mobile/src/main/res/transition/info_card_toggle.xml,XML,Android Views,xmlns:android=,https://github.com/google/iosched/blob/f5762bef79dc6cc9fd69011fd49d2e18d005a304/mobile/src/main/res/transition/info_card_toggle.xml
google/iosched@f5762bef79dc6cc9fd69011fd49d2e18d005a304,mobile/src/main/res/transition/speaker_shared_enter.xml,XML,Android Views,xmlns:android=,https://github.com/google/iosched/blob/f5762bef79dc6cc9fd69011fd49d2e18d005a304/mobile/src/main/res/transition/speaker_shared_enter.xml
google/iosched@f5762bef79dc6cc9fd69011fd49d2e18d005a304,mobile/src/main/res/values/dimens.xml,XML,Android Views,android.view,https://github.com/google/iosched/blob/f5762bef79dc6cc9fd69011fd49d2e18d005a304/mobile/src/main/res/values/dimens.xml
google/iosched@f5762bef79dc6cc9fd69011fd49d2e18d005a304,mobile/src/main/res/values/styles.xml,XML,Android Views,android:layout_width,https://github.com/google/iosched/blob/f5762bef79dc6cc9fd69011fd49d2e18d005a304/mobile/src/main/res/values/styles.xml
google/iosched,androidTest-shared/src/main/AndroidManifest.xml,XML,Android Views,xmlns:android=,https://github.com/google/iosched/blob/HEAD/androidTest-shared/src/main/AndroidManifest.xml
google/iosched,ar/src/main/AndroidManifest.xml,XML,Android Views,xmlns:android=,https://github.com/google/iosched/blob/HEAD/ar/src/main/AndroidManifest.xml
google/iosched,ar/src/main/java/com/google/samples/apps/iosched/ar/ArActivity.kt,Kotlin,Android Views,setContentView,https://github.com/google/iosched/blob/HEAD/ar/src/main/java/com/google/samples/apps/iosched/ar/ArActivity.kt
google/iosched,benchmark/src/androidTest/AndroidManifest.xml,XML,Android Views,xmlns:android=,https://github.com/google/iosched/blob/HEAD/benchmark/src/androidTest/AndroidManifest.xml
google/iosched,benchmark/src/main/AndroidManifest.xml,XML,Android Views,xmlns:android=,https://github.com/google/iosched/blob/HEAD/benchmark/src/main/AndroidManifest.xml
google/iosched,buildSrc/src/main/java/Libs.kt,Kotlin,Jetpack Compose,androidx.compose,https://github.com/google/iosched/blob/HEAD/buildSrc/src/main/java/Libs.kt
google/iosched,macrobenchmark/src/main/AndroidManifest.xml,XML,Android Views,xmlns:android=,https://github.com/google/iosched/blob/HEAD/macrobenchmark/src/main/AndroidManifest.xml
google/iosched,mobile/build.gradle.kts,Kotlin,Android Views,DataBinding; viewBinding,https://github.com/google/iosched/blob/HEAD/mobile/build.gradle.kts
google/iosched,mobile/src/androidTest/AndroidManifest.xml,XML,Android Views,xmlns:android=,https://github.com/google/iosched/blob/HEAD/mobile/src/androidTest/AndroidManifest.xml
google/iosched,mobile/src/androidTest/java/com/google/samples/apps/iosched/tests/ui/AgendaTest.kt,Kotlin,Android Views,android.widget.TextView,https://github.com/google/iosched/blob/HEAD/mobile/src/androidTest/java/com/google/samples/apps/iosched/tests/ui/AgendaTest.kt
google/iosched,mobile/src/androidTest/java/com/google/samples/apps/iosched/tests/ui/CodelabTest.kt,Kotlin,Android Views,android.widget.TextView,https://github.com/google/iosched/blob/HEAD/mobile/src/androidTest/java/com/google/samples/apps/iosched/tests/ui/CodelabTest.kt
google/iosched,mobile/src/androidTest/java/com/google/samples/apps/iosched/tests/ui/HomeTest.kt,Kotlin,Android Views,android.widget.TextView; RecyclerView.ViewHolder,https://github.com/google/iosched/blob/HEAD/mobile/src/androidTest/java/com/google/samples/apps/iosched/tests/ui/HomeTest.kt
google/iosched,mobile/src/androidTest/java/com/google/samples/apps/iosched/tests/ui/InfoTest.kt,Kotlin,Android Views,android.widget.TextView,https://github.com/google/iosched/blob/HEAD/mobile/src/androidTest/java/com/google/samples/apps/iosched/tests/ui/InfoTest.kt
google/iosched,mobile/src/androidTest/java/com/google/samples/apps/iosched/tests/ui/MapTest.kt,Kotlin,Android Views,android.widget.TextView,https://github.com/google/iosched/blob/HEAD/mobile/src/androidTest/java/com/google/samples/apps/iosched/tests/ui/MapTest.kt
google/iosched,mobile/src/androidTest/java/com/google/samples/apps/iosched/tests/ui/SettingsTest.kt,Kotlin,Android Views,android.widget.TextView,https://github.com/google/iosched/blob/HEAD/mobile/src/androidTest/java/com/google/samples/apps/iosched/tests/ui/SettingsTest.kt
google/iosched,mobile/src/main/AndroidManifest.xml,XML,Android Views,xmlns:android=,https://github.com/google/iosched/blob/HEAD/mobile/src/main/AndroidManifest.xml
google/iosched,mobile/src/main/java/com/google/samples/apps/iosched/ui/DispatchInsetsNavHostFragment.kt,Kotlin,Android Views,android.view.View; android.view.ViewGroup,https://github.com/google/iosched/blob/HEAD/mobile/src/main/java/com/google/samples/apps/iosched/ui/DispatchInsetsNavHostFragment.kt
google/iosched,mobile/src/main/java/com/google/samples/apps/iosched/ui/MainActivity.kt,Kotlin,Android Views,setContentView; databinding; ActivityMainBinding,https://github.com/google/iosched/blob/HEAD/mobile/src/main/java/com/google/samples/apps/iosched/ui/MainActivity.kt
google/iosched,mobile/src/main/java/com/google/samples/apps/iosched/ui/MainNavigation.kt,Kotlin,Android Views,findViewById; android.view.View,https://github.com/google/iosched/blob/HEAD/mobile/src/main/java/com/google/samples/apps/iosched/ui/MainNavigation.kt
google/iosched,mobile/src/main/java/com/google/samples/apps/iosched/ui/agenda/AgendaAdapter.kt,Kotlin,Android Views,LayoutInflater; RecyclerView.ViewHolder; android.view.View; android.view.ViewGroup; DataBinding; databinding,https://github.com/google/iosched/blob/HEAD/mobile/src/main/java/com/google/samples/apps/iosched/ui/agenda/AgendaAdapter.kt
google/iosched,mobile/src/main/java/com/google/samples/apps/iosched/ui/agenda/AgendaFragment.kt,Kotlin,Android Views,LayoutInflater; android.view.View; android.view.ViewGroup; databinding,https://github.com/google/iosched/blob/HEAD/mobile/src/main/java/com/google/samples/apps/iosched/ui/agenda/AgendaFragment.kt
google/iosched,mobile/src/main/java/com/google/samples/apps/iosched/ui/agenda/AgendaHeadersDecoration.kt,Kotlin,Android Views,android.view.View,https://github.com/google/iosched/blob/HEAD/mobile/src/main/java/com/google/samples/apps/iosched/ui/agenda/AgendaHeadersDecoration.kt
google/iosched,mobile/src/main/java/com/google/samples/apps/iosched/ui/agenda/AgendaItemBindingAdapter.kt,Kotlin,Android Views,android.widget.TextView; android.widget.ImageView; android.view.View; databinding,https://github.com/google/iosched/blob/HEAD/mobile/src/main/java/com/google/samples/apps/iosched/ui/agenda/AgendaItemBindingAdapter.kt
google/iosched,mobile/src/main/java/com/google/samples/apps/iosched/ui/ar/ArCoreNotSupportedFragment.kt,Kotlin,Android Views,LayoutInflater; android.view.View; android.view.ViewGroup; inflater.inflate,https://github.com/google/iosched/blob/HEAD/mobile/src/main/java/com/google/samples/apps/iosched/ui/ar/ArCoreNotSupportedFragment.kt
google/iosched,mobile/src/main/java/com/google/samples/apps/iosched/ui/ar/NoNetworkConnectionFragment.kt,Kotlin,Android Views,LayoutInflater; android.view.View; android.view.ViewGroup; inflater.inflate,https://github.com/google/iosched/blob/HEAD/mobile/src/main/java/com/google/samples/apps/iosched/ui/ar/NoNetworkConnectionFragment.kt
google/iosched,mobile/src/main/java/com/google/samples/apps/iosched/ui/codelabs/CodelabsAdapter.kt,Kotlin,Android Views,LayoutInflater; android.widget.TextView; RecyclerView.ViewHolder; android.view.View; android.view.ViewGroup; setOnClickListener; databinding,https://github.com/google/iosched/blob/HEAD/mobile/src/main/java/com/google/samples/apps/iosched/ui/codelabs/CodelabsAdapter.kt
google/iosched,mobile/src/main/java/com/google/samples/apps/iosched/ui/codelabs/CodelabsFragment.kt,Kotlin,Android Views,LayoutInflater; android.view.View; android.view.ViewGroup; databinding,https://github.com/google/iosched/blob/HEAD/mobile/src/main/java/com/google/samples/apps/iosched/ui/codelabs/CodelabsFragment.kt
google/iosched,mobile/src/main/java/com/google/samples/apps/iosched/ui/feed/AnnouncementsFragment.kt,Kotlin,Android Views,LayoutInflater; android.view.View; android.view.ViewGroup; databinding,https://github.com/google/iosched/blob/HEAD/mobile/src/main/java/com/google/samples/apps/iosched/ui/feed/AnnouncementsFragment.kt
google/iosched,mobile/src/main/java/com/google/samples/apps/iosched/ui/feed/FeedAdapter.kt,Kotlin,Android Views,RecyclerView.ViewHolder; android.view.View; android.view.ViewGroup,https://github.com/google/iosched/blob/HEAD/mobile/src/main/java/com/google/samples/apps/iosched/ui/feed/FeedAdapter.kt
google/iosched,mobile/src/main/java/com/google/samples/apps/iosched/ui/feed/FeedAnnouncementViewBinders.kt,Kotlin,Android Views,LayoutInflater; android.widget.TextView; RecyclerView.ViewHolder; android.view.View; android.view.ViewGroup; databinding,https://github.com/google/iosched/blob/HEAD/mobile/src/main/java/com/google/samples/apps/iosched/ui/feed/FeedAnnouncementViewBinders.kt
google/iosched,mobile/src/main/java/com/google/samples/apps/iosched/ui/feed/FeedFragment.kt,Kotlin,Android Views,LayoutInflater; android.view.View; android.view.ViewGroup; databinding,https://github.com/google/iosched/blob/HEAD/mobile/src/main/java/com/google/samples/apps/iosched/ui/feed/FeedFragment.kt
google/iosched,mobile/src/main/java/com/google/samples/apps/iosched/ui/feed/FeedHeaderViewBinders.kt,Kotlin,Android Views,LayoutInflater; android.widget.Button; RecyclerView.ViewHolder; android.view.View; android.view.ViewGroup; setOnClickListener; databinding,https://github.com/google/iosched/blob/HEAD/mobile/src/main/java/com/google/samples/apps/iosched/ui/feed/FeedHeaderViewBinders.kt
google/iosched,mobile/src/main/java/com/google/samples/apps/iosched/ui/feed/FeedSectionHeaderViewBinder.kt,Kotlin,Android Views,LayoutInflater; RecyclerView.ViewHolder; android.view.View; android.view.ViewGroup; databinding,https://github.com/google/iosched/blob/HEAD/mobile/src/main/java/com/google/samples/apps/iosched/ui/feed/FeedSectionHeaderViewBinder.kt
google/iosched,mobile/src/main/java/com/google/samples/apps/iosched/ui/feed/FeedSessionsViewBinder.kt,Kotlin,Android Views,LayoutInflater; android.widget.TextView; RecyclerView.ViewHolder; android.view.View; android.view.ViewGroup; setOnClickListener; databinding,https://github.com/google/iosched/blob/HEAD/mobile/src/main/java/com/google/samples/apps/iosched/ui/feed/FeedSessionsViewBinder.kt
google/iosched,mobile/src/main/java/com/google/samples/apps/iosched/ui/feed/FeedSocialChannelsSectionViewBinder.kt,Kotlin,Android Views,LayoutInflater; RecyclerView.ViewHolder; android.view.View; android.view.ViewGroup; databinding,https://github.com/google/iosched/blob/HEAD/mobile/src/main/java/com/google/samples/apps/iosched/ui/feed/FeedSocialChannelsSectionViewBinder.kt
google/iosched,mobile/src/main/java/com/google/samples/apps/iosched/ui/feed/FeedSustainabilitySectionViewBinder.kt,Kotlin,Android Views,LayoutInflater; RecyclerView.ViewHolder; android.view.View; android.view.ViewGroup; databinding,https://github.com/google/iosched/blob/HEAD/mobile/src/main/java/com/google/samples/apps/iosched/ui/feed/FeedSustainabilitySectionViewBinder.kt
google/iosched,mobile/src/main/java/com/google/samples/apps/iosched/ui/filters/CloseableFilterChipAdapter.kt,Kotlin,Android Views,LayoutInflater; RecyclerView.ViewHolder; android.view.View; android.view.ViewGroup; databinding,https://github.com/google/iosched/blob/HEAD/mobile/src/main/java/com/google/samples/apps/iosched/ui/filters/CloseableFilterChipAdapter.kt
google/iosched,mobile/src/main/java/com/google/samples/apps/iosched/ui/filters/FiltersFragment.kt,Kotlin,Android Views,LayoutInflater; android.view.View; android.view.ViewGroup; setOnClickListener; databinding,https://github.com/google/iosched/blob/HEAD/mobile/src/main/java/com/google/samples/apps/iosched/ui/filters/FiltersFragment.kt
google/iosched,mobile/src/main/java/com/google/samples/apps/iosched/ui/filters/FiltersViewBindingAdapters.kt,Kotlin,Android Views,android.widget.TextView; setOnClickListener; databinding,https://github.com/google/iosched/blob/HEAD/mobile/src/main/java/com/google/samples/apps/iosched/ui/filters/FiltersViewBindingAdapters.kt
google/iosched,mobile/src/main/java/com/google/samples/apps/iosched/ui/filters/SelectableFilterChipAdapter.kt,Kotlin,Android Views,LayoutInflater; RecyclerView.ViewHolder; android.view.View; android.view.ViewGroup; databinding,https://github.com/google/iosched/blob/HEAD/mobile/src/main/java/com/google/samples/apps/iosched/ui/filters/SelectableFilterChipAdapter.kt
google/iosched,mobile/src/main/java/com/google/samples/apps/iosched/ui/info/EventFragment.kt,Kotlin,Android Views,findViewById; LayoutInflater; android.widget.TextView; android.view.View; android.view.ViewGroup; databinding,https://github.com/google/iosched/blob/HEAD/mobile/src/main/java/com/google/samples/apps/iosched/ui/info/EventFragment.kt
google/iosched,mobile/src/main/java/com/google/samples/apps/iosched/ui/info/FaqFragment.kt,Kotlin,Android Views,LayoutInflater; android.view.View; android.view.ViewGroup; inflater.inflate,https://github.com/google/iosched/blob/HEAD/mobile/src/main/java/com/google/samples/apps/iosched/ui/info/FaqFragment.kt
google/iosched,mobile/src/main/java/com/google/samples/apps/iosched/ui/info/InfoFragment.kt,Kotlin,Android Views,LayoutInflater; android.view.View; android.view.ViewGroup; databinding,https://github.com/google/iosched/blob/HEAD/mobile/src/main/java/com/google/samples/apps/iosched/ui/info/InfoFragment.kt
google/iosched,mobile/src/main/java/com/google/samples/apps/iosched/ui/info/TravelFragment.kt,Kotlin,Android Views,LayoutInflater; android.view.View; android.view.ViewGroup; inflater.inflate,https://github.com/google/iosched/blob/HEAD/mobile/src/main/java/com/google/samples/apps/iosched/ui/info/TravelFragment.kt
google/iosched,mobile/src/main/java/com/google/samples/apps/iosched/ui/map/MapFragment.kt,Kotlin,Android Views,LayoutInflater; android.view.View; android.view.ViewGroup; setOnClickListener; databinding,https://github.com/google/iosched/blob/HEAD/mobile/src/main/java/com/google/samples/apps/iosched/ui/map/MapFragment.kt
google/iosched,mobile/src/main/java/com/google/samples/apps/iosched/ui/map/MapVariantAdapter.kt,Kotlin,Android Views,LayoutInflater; android.widget.TextView; RecyclerView.Adapter; RecyclerView.ViewHolder; android.view.View; android.view.ViewGroup; setOnClickListener; databinding,https://github.com/google/iosched/blob/HEAD/mobile/src/main/java/com/google/samples/apps/iosched/ui/map/MapVariantAdapter.kt
google/iosched,mobile/src/main/java/com/google/samples/apps/iosched/ui/map/MapVariantSelectionDialogFragment.kt,Kotlin,Android Views,findViewById; LayoutInflater; android.view.View; android.view.ViewGroup; inflater.inflate,https://github.com/google/iosched/blob/HEAD/mobile/src/main/java/com/google/samples/apps/iosched/ui/map/MapVariantSelectionDialogFragment.kt
google/iosched,mobile/src/main/java/com/google/samples/apps/iosched/ui/map/MapViewBindingAdapters.kt,Kotlin,Android Views,databinding,https://github.com/google/iosched/blob/HEAD/mobile/src/main/java/com/google/samples/apps/iosched/ui/map/MapViewBindingAdapters.kt
google/iosched,mobile/src/main/java/com/google/samples/apps/iosched/ui/onboarding/OnboardingActivity.kt,Kotlin,Android Views,findViewById; setContentView,https://github.com/google/iosched/blob/HEAD/mobile/src/main/java/com/google/samples/apps/iosched/ui/onboarding/OnboardingActivity.kt
google/iosched,mobile/src/main/java/com/google/samples/apps/iosched/ui/onboarding/OnboardingFragment.kt,Kotlin,Android Views,LayoutInflater; android.view.View; android.view.ViewGroup; databinding,https://github.com/google/iosched/blob/HEAD/mobile/src/main/java/com/google/samples/apps/iosched/ui/onboarding/OnboardingFragment.kt
google/iosched,mobile/src/main/java/com/google/samples/apps/iosched/ui/onboarding/OnboardingSignInFragment.kt,Kotlin,Android Views,LayoutInflater; android.view.View; android.view.ViewGroup; databinding,https://github.com/google/iosched/blob/HEAD/mobile/src/main/java/com/google/samples/apps/iosched/ui/onboarding/OnboardingSignInFragment.kt
google/iosched,mobile/src/main/java/com/google/samples/apps/iosched/ui/onboarding/WelcomeDuringConferenceFragment.kt,Kotlin,Android Views,LayoutInflater; android.view.View; android.view.ViewGroup; databinding,https://github.com/google/iosched/blob/HEAD/mobile/src/main/java/com/google/samples/apps/iosched/ui/onboarding/WelcomeDuringConferenceFragment.kt
google/iosched,mobile/src/main/java/com/google/samples/apps/iosched/ui/onboarding/WelcomePostConferenceFragment.kt,Kotlin,Android Views,LayoutInflater; android.view.View; android.view.ViewGroup; inflater.inflate,https://github.com/google/iosched/blob/HEAD/mobile/src/main/java/com/google/samples/apps/iosched/ui/onboarding/WelcomePostConferenceFragment.kt
google/iosched,mobile/src/main/java/com/google/samples/apps/iosched/ui/onboarding/WelcomePreConferenceFragment.kt,Kotlin,Android Views,LayoutInflater; android.view.View; android.view.ViewGroup; databinding,https://github.com/google/iosched/blob/HEAD/mobile/src/main/java/com/google/samples/apps/iosched/ui/onboarding/WelcomePreConferenceFragment.kt
google/iosched,mobile/src/main/java/com/google/samples/apps/iosched/ui/reservation/RemoveReservationDialogFragment.kt,Kotlin,Android Views,LayoutInflater; android.view.View; android.view.ViewGroup,https://github.com/google/iosched/blob/HEAD/mobile/src/main/java/com/google/samples/apps/iosched/ui/reservation/RemoveReservationDialogFragment.kt
google/iosched,mobile/src/main/java/com/google/samples/apps/iosched/ui/schedule/DayIndicatorAdapter.kt,Kotlin,Android Views,LayoutInflater; android.widget.TextView; RecyclerView.ViewHolder; android.view.View; android.view.ViewGroup; databinding,https://github.com/google/iosched/blob/HEAD/mobile/src/main/java/com/google/samples/apps/iosched/ui/schedule/DayIndicatorAdapter.kt
google/iosched,mobile/src/main/java/com/google/samples/apps/iosched/ui/schedule/DaySeparatorItemDecoration.kt,Kotlin,Android Views,android.view.View,https://github.com/google/iosched/blob/HEAD/mobile/src/main/java/com/google/samples/apps/iosched/ui/schedule/DaySeparatorItemDecoration.kt
google/iosched,mobile/src/main/java/com/google/samples/apps/iosched/ui/schedule/ScheduleFragment.kt,Kotlin,Android Views,LayoutInflater; android.view.View; android.view.ViewGroup; databinding,https://github.com/google/iosched/blob/HEAD/mobile/src/main/java/com/google/samples/apps/iosched/ui/schedule/ScheduleFragment.kt
google/iosched,mobile/src/main/java/com/google/samples/apps/iosched/ui/schedule/ScheduleItemBindingAdapter.kt,Kotlin,Android Views,android.widget.TextView; android.view.View; databinding,https://github.com/google/iosched/blob/HEAD/mobile/src/main/java/com/google/samples/apps/iosched/ui/schedule/ScheduleItemBindingAdapter.kt
google/iosched,mobile/src/main/java/com/google/samples/apps/iosched/ui/schedule/ScheduleTimeHeadersDecoration.kt,Kotlin,Android Views,android.view.View,https://github.com/google/iosched/blob/HEAD/mobile/src/main/java/com/google/samples/apps/iosched/ui/schedule/ScheduleTimeHeadersDecoration.kt
google/iosched,mobile/src/main/java/com/google/samples/apps/iosched/ui/schedule/ScheduleTwoPaneFragment.kt,Kotlin,Android Views,LayoutInflater; android.view.View; android.view.ViewGroup; databinding,https://github.com/google/iosched/blob/HEAD/mobile/src/main/java/com/google/samples/apps/iosched/ui/schedule/ScheduleTwoPaneFragment.kt
google/iosched,mobile/src/main/java/com/google/samples/apps/iosched/ui/search/SearchFragment.kt,Kotlin,Android Views,LayoutInflater; android.view.View; android.view.ViewGroup; databinding,https://github.com/google/iosched/blob/HEAD/mobile/src/main/java/com/google/samples/apps/iosched/ui/search/SearchFragment.kt
google/iosched,mobile/src/main/java/com/google/samples/apps/iosched/ui/sessioncommon/SessionsAdapter.kt,Kotlin,Android Views,LayoutInflater; RecyclerView.ViewHolder; android.view.View; android.view.ViewGroup; databinding,https://github.com/google/iosched/blob/HEAD/mobile/src/main/java/com/google/samples/apps/iosched/ui/sessioncommon/SessionsAdapter.kt
google/iosched,mobile/src/main/java/com/google/samples/apps/iosched/ui/sessioncommon/TagAdapter.kt,Kotlin,Android Views,LayoutInflater; RecyclerView.Adapter; RecyclerView.ViewHolder; android.view.View; android.view.ViewGroup; databinding,https://github.com/google/iosched/blob/HEAD/mobile/src/main/java/com/google/samples/apps/iosched/ui/sessioncommon/TagAdapter.kt
google/iosched,mobile/src/main/java/com/google/samples/apps/iosched/ui/sessioncommon/TagBindingAdapters.kt,Kotlin,Android Views,android.widget.TextView; databinding,https://github.com/google/iosched/blob/HEAD/mobile/src/main/java/com/google/samples/apps/iosched/ui/sessioncommon/TagBindingAdapters.kt
google/iosched,mobile/src/main/java/com/google/samples/apps/iosched/ui/sessiondetail/SessionDetailAdapter.kt,Kotlin,Android Views,LayoutInflater; RecyclerView.Adapter; RecyclerView.ViewHolder; android.view.View; android.view.ViewGroup; databinding,https://github.com/google/iosched/blob/HEAD/mobile/src/main/java/com/google/samples/apps/iosched/ui/sessiondetail/SessionDetailAdapter.kt
google/iosched,mobile/src/main/java/com/google/samples/apps/iosched/ui/sessiondetail/SessionDetailDataBindingAdapters.kt,Kotlin,Android Views,android.widget.TextView; android.widget.ImageView; android.view.View; setOnClickListener; databinding,https://github.com/google/iosched/blob/HEAD/mobile/src/main/java/com/google/samples/apps/iosched/ui/sessiondetail/SessionDetailDataBindingAdapters.kt
google/iosched,mobile/src/main/java/com/google/samples/apps/iosched/ui/sessiondetail/SessionDetailFragment.kt,Kotlin,Android Views,findViewById; LayoutInflater; android.view.View; android.view.ViewGroup; ViewBinding; databinding,https://github.com/google/iosched/blob/HEAD/mobile/src/main/java/com/google/samples/apps/iosched/ui/sessiondetail/SessionDetailFragment.kt
google/iosched,mobile/src/main/java/com/google/samples/apps/iosched/ui/sessiondetail/SessionFeedbackFragment.kt,Kotlin,Android Views,LayoutInflater; RecyclerView.ViewHolder; android.view.View; android.view.ViewGroup; databinding,https://github.com/google/iosched/blob/HEAD/mobile/src/main/java/com/google/samples/apps/iosched/ui/sessiondetail/SessionFeedbackFragment.kt
google/iosched,mobile/src/main/java/com/google/samples/apps/iosched/ui/settings/SettingsFragment.kt,Kotlin,Android Views,LayoutInflater; android.widget.TextView; android.view.View; android.view.ViewGroup; setOnClickListener; databinding,https://github.com/google/iosched/blob/HEAD/mobile/src/main/java/com/google/samples/apps/iosched/ui/settings/SettingsFragment.kt
google/iosched,mobile/src/main/java/com/google/samples/apps/iosched/ui/signin/SignInDialogFragment.kt,Kotlin,Android Views,LayoutInflater; android.view.View; android.view.ViewGroup; DataBinding; databinding,https://github.com/google/iosched/blob/HEAD/mobile/src/main/java/com/google/samples/apps/iosched/ui/signin/SignInDialogFragment.kt
google/iosched,mobile/src/main/java/com/google/samples/apps/iosched/ui/signin/SignOutDialogFragment.kt,Kotlin,Android Views,LayoutInflater; android.widget.TextView; android.view.View; android.view.ViewGroup; DataBinding; databinding,https://github.com/google/iosched/blob/HEAD/mobile/src/main/java/com/google/samples/apps/iosched/ui/signin/SignOutDialogFragment.kt
google/iosched,mobile/src/main/java/com/google/samples/apps/iosched/ui/speaker/SpeakerAdapter.kt,Kotlin,Android Views,LayoutInflater; RecyclerView.Adapter; RecyclerView.ViewHolder; android.view.View; android.view.ViewGroup; databinding,https://github.com/google/iosched/blob/HEAD/mobile/src/main/java/com/google/samples/apps/iosched/ui/speaker/SpeakerAdapter.kt
google/iosched,mobile/src/main/java/com/google/samples/apps/iosched/ui/speaker/SpeakerBindingAdapters.kt,Kotlin,Android Views,android.widget.ImageView; databinding,https://github.com/google/iosched/blob/HEAD/mobile/src/main/java/com/google/samples/apps/iosched/ui/speaker/SpeakerBindingAdapters.kt
google/iosched,mobile/src/main/java/com/google/samples/apps/iosched/ui/speaker/SpeakerFragment.kt,Kotlin,Android Views,LayoutInflater; android.view.View; android.view.ViewGroup; databinding,https://github.com/google/iosched/blob/HEAD/mobile/src/main/java/com/google/samples/apps/iosched/ui/speaker/SpeakerFragment.kt
google/iosched,mobile/src/main/java/com/google/samples/apps/iosched/util/CircularOutlineProvider.kt,Kotlin,Android Views,android.view.View,https://github.com/google/iosched/blob/HEAD/mobile/src/main/java/com/google/samples/apps/iosched/util/CircularOutlineProvider.kt
google/iosched,mobile/src/main/java/com/google/samples/apps/iosched/util/Extensions.kt,Kotlin,Android Views,android.view.View; DataBinding; databinding,https://github.com/google/iosched/blob/HEAD/mobile/src/main/java/com/google/samples/apps/iosched/util/Extensions.kt
google/iosched,mobile/src/main/java/com/google/samples/apps/iosched/util/NavigationBarScrimBehavior.kt,Kotlin,Android Views,android.view.View,https://github.com/google/iosched/blob/HEAD/mobile/src/main/java/com/google/samples/apps/iosched/util/NavigationBarScrimBehavior.kt
google/iosched,mobile/src/main/java/com/google/samples/apps/iosched/util/StatusBarScrimBehavior.kt,Kotlin,Android Views,android.view.View,https://github.com/google/iosched/blob/HEAD/mobile/src/main/java/com/google/samples/apps/iosched/util/StatusBarScrimBehavior.kt
google/iosched,mobile/src/main/java/com/google/samples/apps/iosched/util/UiUtils.kt,Kotlin,Android Views,android.view.View,https://github.com/google/iosched/blob/HEAD/mobile/src/main/java/com/google/samples/apps/iosched/util/UiUtils.kt
google/iosched,mobile/src/main/java/com/google/samples/apps/iosched/util/ViewBindingAdapters.kt,Kotlin,Android Views,android.widget.TextView; android.widget.ImageView; android.view.View; setOnClickListener; databinding,https://github.com/google/iosched/blob/HEAD/mobile/src/main/java/com/google/samples/apps/iosched/util/ViewBindingAdapters.kt
google/iosched,mobile/src/main/java/com/google/samples/apps/iosched/util/WindowInsetsListeners.kt,Kotlin,Android Views,android.view.View,https://github.com/google/iosched/blob/HEAD/mobile/src/main/java/com/google/samples/apps/iosched/util/WindowInsetsListeners.kt
google/iosched,mobile/src/main/java/com/google/samples/apps/iosched/widget/BottomSheetBehavior.kt,Kotlin,Android Views,android.view.View; android.view.ViewGroup,https://github.com/google/iosched/blob/HEAD/mobile/src/main/java/com/google/samples/apps/iosched/widget/BottomSheetBehavior.kt
google/iosched,mobile/src/main/java/com/google/samples/apps/iosched/widget/CollapsibleCard.kt,Kotlin,Android Views,findViewById; LayoutInflater; android.widget.TextView; android.widget.ImageView; android.view.View; android.view.ViewGroup; setOnClickListener,https://github.com/google/iosched/blob/HEAD/mobile/src/main/java/com/google/samples/apps/iosched/widget/CollapsibleCard.kt
google/iosched,mobile/src/main/java/com/google/samples/apps/iosched/widget/CountdownView.kt,Kotlin,Android Views,findViewById; LayoutInflater; android.view.View,https://github.com/google/iosched/blob/HEAD/mobile/src/main/java/com/google/samples/apps/iosched/widget/CountdownView.kt
google/iosched,mobile/src/main/java/com/google/samples/apps/iosched/widget/EventCardView.kt,Kotlin,Android Views,findViewById; LayoutInflater; android.widget.TextView; android.widget.ImageView,https://github.com/google/iosched/blob/HEAD/mobile/src/main/java/com/google/samples/apps/iosched/widget/EventCardView.kt
google/iosched,mobile/src/main/java/com/google/samples/apps/iosched/widget/FadingSnackbar.kt,Kotlin,Android Views,findViewById; LayoutInflater; android.widget.TextView; android.widget.Button; setOnClickListener,https://github.com/google/iosched/blob/HEAD/mobile/src/main/java/com/google/samples/apps/iosched/widget/FadingSnackbar.kt
google/iosched,mobile/src/main/java/com/google/samples/apps/iosched/widget/HashtagIoDecoration.kt,Kotlin,Android Views,android.view.View,https://github.com/google/iosched/blob/HEAD/mobile/src/main/java/com/google/samples/apps/iosched/widget/HashtagIoDecoration.kt
google/iosched,mobile/src/main/java/com/google/samples/apps/iosched/widget/SpaceDecoration.kt,Kotlin,Android Views,android.view.View,https://github.com/google/iosched/blob/HEAD/mobile/src/main/java/com/google/samples/apps/iosched/widget/SpaceDecoration.kt
google/iosched,mobile/src/main/java/com/google/samples/apps/iosched/widget/transition/RotateX.kt,Kotlin,Android Views,android.view.View; android.view.ViewGroup,https://github.com/google/iosched/blob/HEAD/mobile/src/main/java/com/google/samples/apps/iosched/widget/transition/RotateX.kt
google/iosched,mobile/src/main/res/animator/active_alpha.xml,XML,Android Views,xmlns:android=,https://github.com/google/iosched/blob/HEAD/mobile/src/main/res/animator/active_alpha.xml
google/iosched,mobile/src/main/res/color/chip_bg.xml,XML,Android Views,xmlns:android=,https://github.com/google/iosched/blob/HEAD/mobile/src/main/res/color/chip_bg.xml
google/iosched,mobile/src/main/res/color/chip_stroke.xml,XML,Android Views,xmlns:android=,https://github.com/google/iosched/blob/HEAD/mobile/src/main/res/color/chip_stroke.xml
google/iosched,mobile/src/main/res/color/map_variant_icon.xml,XML,Android Views,xmlns:android=,https://github.com/google/iosched/blob/HEAD/mobile/src/main/res/color/map_variant_icon.xml
google/iosched,mobile/src/main/res/color/map_variant_text.xml,XML,Android Views,xmlns:android=,https://github.com/google/iosched/blob/HEAD/mobile/src/main/res/color/map_variant_text.xml
google/iosched,mobile/src/main/res/color/navigation_item_background_tint.xml,XML,Android Views,xmlns:android=,https://github.com/google/iosched/blob/HEAD/mobile/src/main/res/color/navigation_item_background_tint.xml
google/iosched,mobile/src/main/res/color/schedule_day_indicator_text.xml,XML,Android Views,xmlns:android=,https://github.com/google/iosched/blob/HEAD/mobile/src/main/res/color/schedule_day_indicator_text.xml
google/iosched,mobile/src/main/res/drawable-anydpi-v23/preview_window.xml,XML,Android Views,xmlns:android=,https://github.com/google/iosched/blob/HEAD/mobile/src/main/res/drawable-anydpi-v23/preview_window.xml
google/iosched,mobile/src/main/res/drawable-anydpi-v23/preview_window_logo.xml,XML,Android Views,xmlns:android=,https://github.com/google/iosched/blob/HEAD/mobile/src/main/res/drawable-anydpi-v23/preview_window_logo.xml
google/iosched,mobile/src/main/res/drawable/arcore_gray.xml,XML,Android Views,xmlns:android=,https://github.com/google/iosched/blob/HEAD/mobile/src/main/res/drawable/arcore_gray.xml
google/iosched,mobile/src/main/res/drawable/asld_chip_icon.xml,XML,Android Views,xmlns:android=,https://github.com/google/iosched/blob/HEAD/mobile/src/main/res/drawable/asld_chip_icon.xml
google/iosched,mobile/src/main/res/drawable/asld_reservation.xml,XML,Android Views,xmlns:android=,https://github.com/google/iosched/blob/HEAD/mobile/src/main/res/drawable/asld_reservation.xml
google/iosched,mobile/src/main/res/drawable/asld_star_event.xml,XML,Android Views,xmlns:android=,https://github.com/google/iosched/blob/HEAD/mobile/src/main/res/drawable/asld_star_event.xml
google/iosched,mobile/src/main/res/drawable/avd_chip_check_to_dot.xml,XML,Android Views,xmlns:android=,https://github.com/google/iosched/blob/HEAD/mobile/src/main/res/drawable/avd_chip_check_to_dot.xml
google/iosched,mobile/src/main/res/drawable/avd_chip_dot_to_check.xml,XML,Android Views,xmlns:android=,https://github.com/google/iosched/blob/HEAD/mobile/src/main/res/drawable/avd_chip_dot_to_check.xml
google/iosched,mobile/src/main/res/drawable/avd_pending_to_reservable.xml,XML,Android Views,xmlns:android=,https://github.com/google/iosched/blob/HEAD/mobile/src/main/res/drawable/avd_pending_to_reservable.xml
google/iosched,mobile/src/main/res/drawable/avd_pending_to_reserved.xml,XML,Android Views,xmlns:android=,https://github.com/google/iosched/blob/HEAD/mobile/src/main/res/drawable/avd_pending_to_reserved.xml
google/iosched,mobile/src/main/res/drawable/avd_pending_to_waitlisted.xml,XML,Android Views,xmlns:android=,https://github.com/google/iosched/blob/HEAD/mobile/src/main/res/drawable/avd_pending_to_waitlisted.xml
google/iosched,mobile/src/main/res/drawable/avd_reservable_to_pending.xml,XML,Android Views,xmlns:android=,https://github.com/google/iosched/blob/HEAD/mobile/src/main/res/drawable/avd_reservable_to_pending.xml
google/iosched,mobile/src/main/res/drawable/avd_reserved_to_pending.xml,XML,Android Views,xmlns:android=,https://github.com/google/iosched/blob/HEAD/mobile/src/main/res/drawable/avd_reserved_to_pending.xml
google/iosched,mobile/src/main/res/drawable/avd_star_event.xml,XML,Android Views,xmlns:android=,https://github.com/google/iosched/blob/HEAD/mobile/src/main/res/drawable/avd_star_event.xml
google/iosched,mobile/src/main/res/drawable/avd_unstar_event.xml,XML,Android Views,xmlns:android=,https://github.com/google/iosched/blob/HEAD/mobile/src/main/res/drawable/avd_unstar_event.xml
google/iosched,mobile/src/main/res/drawable/avd_waitlisted_to_pending.xml,XML,Android Views,xmlns:android=,https://github.com/google/iosched/blob/HEAD/mobile/src/main/res/drawable/avd_waitlisted_to_pending.xml
google/iosched,mobile/src/main/res/drawable/bullet_small.xml,XML,Android Views,xmlns:android=,https://github.com/google/iosched/blob/HEAD/mobile/src/main/res/drawable/bullet_small.xml
google/iosched,mobile/src/main/res/drawable/chip_check.xml,XML,Android Views,xmlns:android=,https://github.com/google/iosched/blob/HEAD/mobile/src/main/res/drawable/chip_check.xml
google/iosched,mobile/src/main/res/drawable/chip_dot.xml,XML,Android Views,xmlns:android=,https://github.com/google/iosched/blob/HEAD/mobile/src/main/res/drawable/chip_dot.xml
google/iosched,mobile/src/main/res/drawable/divider_empty_margin_normal.xml,XML,Android Views,xmlns:android=,https://github.com/google/iosched/blob/HEAD/mobile/src/main/res/drawable/divider_empty_margin_normal.xml
google/iosched,mobile/src/main/res/drawable/divider_empty_margin_small.xml,XML,Android Views,xmlns:android=,https://github.com/google/iosched/blob/HEAD/mobile/src/main/res/drawable/divider_empty_margin_small.xml
google/iosched,mobile/src/main/res/drawable/divider_slash.xml,XML,Android Views,xmlns:android=,https://github.com/google/iosched/blob/HEAD/mobile/src/main/res/drawable/divider_slash.xml
google/iosched,mobile/src/main/res/drawable/event_header_afterhours.xml,XML,Android Views,xmlns:android=,https://github.com/google/iosched/blob/HEAD/mobile/src/main/res/drawable/event_header_afterhours.xml
google/iosched,mobile/src/main/res/drawable/event_header_codelabs.xml,XML,Android Views,xmlns:android=,https://github.com/google/iosched/blob/HEAD/mobile/src/main/res/drawable/event_header_codelabs.xml
google/iosched,mobile/src/main/res/drawable/event_header_meals.xml,XML,Android Views,xmlns:android=,https://github.com/google/iosched/blob/HEAD/mobile/src/main/res/drawable/event_header_meals.xml
google/iosched,mobile/src/main/res/drawable/event_header_office_hours.xml,XML,Android Views,xmlns:android=,https://github.com/google/iosched/blob/HEAD/mobile/src/main/res/drawable/event_header_office_hours.xml
google/iosched,mobile/src/main/res/drawable/event_header_sandbox.xml,XML,Android Views,xmlns:android=,https://github.com/google/iosched/blob/HEAD/mobile/src/main/res/drawable/event_header_sandbox.xml
google/iosched,mobile/src/main/res/drawable/event_header_sessions.xml,XML,Android Views,xmlns:android=,https://github.com/google/iosched/blob/HEAD/mobile/src/main/res/drawable/event_header_sessions.xml
google/iosched,mobile/src/main/res/drawable/event_narrow_afterhours.xml,XML,Android Views,xmlns:android=,https://github.com/google/iosched/blob/HEAD/mobile/src/main/res/drawable/event_narrow_afterhours.xml
google/iosched,mobile/src/main/res/drawable/event_narrow_app_reviews1.xml,XML,Android Views,xmlns:android=,https://github.com/google/iosched/blob/HEAD/mobile/src/main/res/drawable/event_narrow_app_reviews1.xml
google/iosched,mobile/src/main/res/drawable/event_narrow_app_reviews2.xml,XML,Android Views,xmlns:android=,https://github.com/google/iosched/blob/HEAD/mobile/src/main/res/drawable/event_narrow_app_reviews2.xml
google/iosched,mobile/src/main/res/drawable/event_narrow_app_reviews3.xml,XML,Android Views,xmlns:android=,https://github.com/google/iosched/blob/HEAD/mobile/src/main/res/drawable/event_narrow_app_reviews3.xml
google/iosched,mobile/src/main/res/drawable/event_narrow_game_reviews1.xml,XML,Android Views,xmlns:android=,https://github.com/google/iosched/blob/HEAD/mobile/src/main/res/drawable/event_narrow_game_reviews1.xml
google/iosched,mobile/src/main/res/drawable/event_narrow_game_reviews2.xml,XML,Android Views,xmlns:android=,https://github.com/google/iosched/blob/HEAD/mobile/src/main/res/drawable/event_narrow_game_reviews2.xml
google/iosched,mobile/src/main/res/drawable/event_narrow_game_reviews3.xml,XML,Android Views,xmlns:android=,https://github.com/google/iosched/blob/HEAD/mobile/src/main/res/drawable/event_narrow_game_reviews3.xml
google/iosched,mobile/src/main/res/drawable/event_narrow_keynote.xml,XML,Android Views,xmlns:android=,https://github.com/google/iosched/blob/HEAD/mobile/src/main/res/drawable/event_narrow_keynote.xml
google/iosched,mobile/src/main/res/drawable/event_narrow_office_hours1.xml,XML,Android Views,xmlns:android=,https://github.com/google/iosched/blob/HEAD/mobile/src/main/res/drawable/event_narrow_office_hours1.xml
google/iosched,mobile/src/main/res/drawable/event_narrow_office_hours2.xml,XML,Android Views,xmlns:android=,https://github.com/google/iosched/blob/HEAD/mobile/src/main/res/drawable/event_narrow_office_hours2.xml
google/iosched,mobile/src/main/res/drawable/event_narrow_office_hours3.xml,XML,Android Views,xmlns:android=,https://github.com/google/iosched/blob/HEAD/mobile/src/main/res/drawable/event_narrow_office_hours3.xml
google/iosched,mobile/src/main/res/drawable/event_narrow_other.xml,XML,Android Views,xmlns:android=,https://github.com/google/iosched/blob/HEAD/mobile/src/main/res/drawable/event_narrow_other.xml
google/iosched,mobile/src/main/res/drawable/event_narrow_session1.xml,XML,Android Views,xmlns:android=,https://github.com/google/iosched/blob/HEAD/mobile/src/main/res/drawable/event_narrow_session1.xml
google/iosched,mobile/src/main/res/drawable/event_narrow_session2.xml,XML,Android Views,xmlns:android=,https://github.com/google/iosched/blob/HEAD/mobile/src/main/res/drawable/event_narrow_session2.xml
google/iosched,mobile/src/main/res/drawable/event_narrow_session3.xml,XML,Android Views,xmlns:android=,https://github.com/google/iosched/blob/HEAD/mobile/src/main/res/drawable/event_narrow_session3.xml
google/iosched,mobile/src/main/res/drawable/event_narrow_session4.xml,XML,Android Views,xmlns:android=,https://github.com/google/iosched/blob/HEAD/mobile/src/main/res/drawable/event_narrow_session4.xml
google/iosched,mobile/src/main/res/drawable/event_placeholder_keynote.xml,XML,Android Views,xmlns:android=,https://github.com/google/iosched/blob/HEAD/mobile/src/main/res/drawable/event_placeholder_keynote.xml
google/iosched,mobile/src/main/res/drawable/event_placeholder_session1.xml,XML,Android Views,xmlns:android=,https://github.com/google/iosched/blob/HEAD/mobile/src/main/res/drawable/event_placeholder_session1.xml
google/iosched,mobile/src/main/res/drawable/event_placeholder_session2.xml,XML,Android Views,xmlns:android=,https://github.com/google/iosched/blob/HEAD/mobile/src/main/res/drawable/event_placeholder_session2.xml
google/iosched,mobile/src/main/res/drawable/event_placeholder_session3.xml,XML,Android Views,xmlns:android=,https://github.com/google/iosched/blob/HEAD/mobile/src/main/res/drawable/event_placeholder_session3.xml
google/iosched,mobile/src/main/res/drawable/event_placeholder_session4.xml,XML,Android Views,xmlns:android=,https://github.com/google/iosched/blob/HEAD/mobile/src/main/res/drawable/event_placeholder_session4.xml
google/iosched,mobile/src/main/res/drawable/fading_snackbar_background.xml,XML,Android Views,xmlns:android=,https://github.com/google/iosched/blob/HEAD/mobile/src/main/res/drawable/fading_snackbar_background.xml
google/iosched,mobile/src/main/res/drawable/filters_sheet_background.xml,XML,Android Views,xmlns:android=,https://github.com/google/iosched/blob/HEAD/mobile/src/main/res/drawable/filters_sheet_background.xml
google/iosched,mobile/src/main/res/drawable/filters_sheet_header_shadow.xml,XML,Android Views,xmlns:android=,https://github.com/google/iosched/blob/HEAD/mobile/src/main/res/drawable/filters_sheet_header_shadow.xml
google/iosched,mobile/src/main/res/drawable/generic_placeholder.xml,XML,Android Views,xmlns:android=,https://github.com/google/iosched/blob/HEAD/mobile/src/main/res/drawable/generic_placeholder.xml
google/iosched,mobile/src/main/res/drawable/hashtag_io19.xml,XML,Android Views,xmlns:android=,https://github.com/google/iosched/blob/HEAD/mobile/src/main/res/drawable/hashtag_io19.xml
google/iosched,mobile/src/main/res/drawable/ic_agenda_after_hours.xml,XML,Android Views,xmlns:android=,https://github.com/google/iosched/blob/HEAD/mobile/src/main/res/drawable/ic_agenda_after_hours.xml
google/iosched,mobile/src/main/res/drawable/ic_agenda_badge.xml,XML,Android Views,xmlns:android=,https://github.com/google/iosched/blob/HEAD/mobile/src/main/res/drawable/ic_agenda_badge.xml
google/iosched,mobile/src/main/res/drawable/ic_agenda_codelab.xml,XML,Android Views,xmlns:android=,https://github.com/google/iosched/blob/HEAD/mobile/src/main/res/drawable/ic_agenda_codelab.xml
google/iosched,mobile/src/main/res/drawable/ic_agenda_concert.xml,XML,Android Views,xmlns:android=,https://github.com/google/iosched/blob/HEAD/mobile/src/main/res/drawable/ic_agenda_concert.xml
google/iosched,mobile/src/main/res/drawable/ic_agenda_keynote.xml,XML,Android Views,xmlns:android=,https://github.com/google/iosched/blob/HEAD/mobile/src/main/res/drawable/ic_agenda_keynote.xml
google/iosched,mobile/src/main/res/drawable/ic_agenda_meal.xml,XML,Android Views,xmlns:android=,https://github.com/google/iosched/blob/HEAD/mobile/src/main/res/drawable/ic_agenda_meal.xml
google/iosched,mobile/src/main/res/drawable/ic_agenda_office_hours.xml,XML,Android Views,xmlns:android=,https://github.com/google/iosched/blob/HEAD/mobile/src/main/res/drawable/ic_agenda_office_hours.xml
google/iosched,mobile/src/main/res/drawable/ic_agenda_sandbox.xml,XML,Android Views,xmlns:android=,https://github.com/google/iosched/blob/HEAD/mobile/src/main/res/drawable/ic_agenda_sandbox.xml
google/iosched,mobile/src/main/res/drawable/ic_agenda_session.xml,XML,Android Views,xmlns:android=,https://github.com/google/iosched/blob/HEAD/mobile/src/main/res/drawable/ic_agenda_session.xml
google/iosched,mobile/src/main/res/drawable/ic_agenda_store.xml,XML,Android Views,xmlns:android=,https://github.com/google/iosched/blob/HEAD/mobile/src/main/res/drawable/ic_agenda_store.xml
google/iosched,mobile/src/main/res/drawable/ic_arrow_back.xml,XML,Android Views,xmlns:android=,https://github.com/google/iosched/blob/HEAD/mobile/src/main/res/drawable/ic_arrow_back.xml
google/iosched,mobile/src/main/res/drawable/ic_arrow_right.xml,XML,Android Views,xmlns:android=,https://github.com/google/iosched/blob/HEAD/mobile/src/main/res/drawable/ic_arrow_right.xml
google/iosched,mobile/src/main/res/drawable/ic_clear_all.xml,XML,Android Views,xmlns:android=,https://github.com/google/iosched/blob/HEAD/mobile/src/main/res/drawable/ic_clear_all.xml
google/iosched,mobile/src/main/res/drawable/ic_default_avatar_1.xml,XML,Android Views,xmlns:android=,https://github.com/google/iosched/blob/HEAD/mobile/src/main/res/drawable/ic_default_avatar_1.xml
google/iosched,mobile/src/main/res/drawable/ic_default_avatar_2.xml,XML,Android Views,xmlns:android=,https://github.com/google/iosched/blob/HEAD/mobile/src/main/res/drawable/ic_default_avatar_2.xml
google/iosched,mobile/src/main/res/drawable/ic_default_avatar_3.xml,XML,Android Views,xmlns:android=,https://github.com/google/iosched/blob/HEAD/mobile/src/main/res/drawable/ic_default_avatar_3.xml
google/iosched,mobile/src/main/res/drawable/ic_default_profile_avatar.xml,XML,Android Views,xmlns:android=,https://github.com/google/iosched/blob/HEAD/mobile/src/main/res/drawable/ic_default_profile_avatar.xml
google/iosched,mobile/src/main/res/drawable/ic_expand_more.xml,XML,Android Views,xmlns:android=,https://github.com/google/iosched/blob/HEAD/mobile/src/main/res/drawable/ic_expand_more.xml
google/iosched,mobile/src/main/res/drawable/ic_feed_social_button_bg.xml,XML,Android Views,xmlns:android=,https://github.com/google/iosched/blob/HEAD/mobile/src/main/res/drawable/ic_feed_social_button_bg.xml
google/iosched,mobile/src/main/res/drawable/ic_filter.xml,XML,Android Views,xmlns:android=,https://github.com/google/iosched/blob/HEAD/mobile/src/main/res/drawable/ic_filter.xml
google/iosched,mobile/src/main/res/drawable/ic_filter_clear.xml,XML,Android Views,xmlns:android=,https://github.com/google/iosched/blob/HEAD/mobile/src/main/res/drawable/ic_filter_clear.xml
google/iosched,mobile/src/main/res/drawable/ic_launch.xml,XML,Android Views,xmlns:android=,https://github.com/google/iosched/blob/HEAD/mobile/src/main/res/drawable/ic_launch.xml
google/iosched,mobile/src/main/res/drawable/ic_layers.xml,XML,Android Views,xmlns:android=,https://github.com/google/iosched/blob/HEAD/mobile/src/main/res/drawable/ic_layers.xml
google/iosched,mobile/src/main/res/drawable/ic_login.xml,XML,Android Views,xmlns:android=,https://github.com/google/iosched/blob/HEAD/mobile/src/main/res/drawable/ic_login.xml
google/iosched,mobile/src/main/res/drawable/ic_logo_assistant.xml,XML,Android Views,xmlns:android=,https://github.com/google/iosched/blob/HEAD/mobile/src/main/res/drawable/ic_logo_assistant.xml
google/iosched,mobile/src/main/res/drawable/ic_logo_components.xml,XML,Android Views,xmlns:android=,https://github.com/google/iosched/blob/HEAD/mobile/src/main/res/drawable/ic_logo_components.xml
google/iosched,mobile/src/main/res/drawable/ic_logo_facebook.xml,XML,Android Views,xmlns:android=,https://github.com/google/iosched/blob/HEAD/mobile/src/main/res/drawable/ic_logo_facebook.xml
google/iosched,mobile/src/main/res/drawable/ic_logo_google_developers.xml,XML,Android Views,xmlns:android=,https://github.com/google/iosched/blob/HEAD/mobile/src/main/res/drawable/ic_logo_google_developers.xml
google/iosched,mobile/src/main/res/drawable/ic_logo_instagram.xml,XML,Android Views,xmlns:android=,https://github.com/google/iosched/blob/HEAD/mobile/src/main/res/drawable/ic_logo_instagram.xml
google/iosched,mobile/src/main/res/drawable/ic_logo_twitter.xml,XML,Android Views,xmlns:android=,https://github.com/google/iosched/blob/HEAD/mobile/src/main/res/drawable/ic_logo_twitter.xml
google/iosched,mobile/src/main/res/drawable/ic_logo_youtube.xml,XML,Android Views,xmlns:android=,https://github.com/google/iosched/blob/HEAD/mobile/src/main/res/drawable/ic_logo_youtube.xml
google/iosched,mobile/src/main/res/drawable/ic_logout.xml,XML,Android Views,xmlns:android=,https://github.com/google/iosched/blob/HEAD/mobile/src/main/res/drawable/ic_logout.xml
google/iosched,mobile/src/main/res/drawable/ic_map_after_dark.xml,XML,Android Views,xmlns:android=,https://github.com/google/iosched/blob/HEAD/mobile/src/main/res/drawable/ic_map_after_dark.xml
google/iosched,mobile/src/main/res/drawable/ic_map_concert.xml,XML,Android Views,xmlns:android=,https://github.com/google/iosched/blob/HEAD/mobile/src/main/res/drawable/ic_map_concert.xml
google/iosched,mobile/src/main/res/drawable/ic_map_daytime.xml,XML,Android Views,xmlns:android=,https://github.com/google/iosched/blob/HEAD/mobile/src/main/res/drawable/ic_map_daytime.xml
google/iosched,mobile/src/main/res/drawable/ic_menu.xml,XML,Android Views,xmlns:android=,https://github.com/google/iosched/blob/HEAD/mobile/src/main/res/drawable/ic_menu.xml
google/iosched,mobile/src/main/res/drawable/ic_my_location.xml,XML,Android Views,xmlns:android=,https://github.com/google/iosched/blob/HEAD/mobile/src/main/res/drawable/ic_my_location.xml
google/iosched,mobile/src/main/res/drawable/ic_nav_agenda.xml,XML,Android Views,xmlns:android=,https://github.com/google/iosched/blob/HEAD/mobile/src/main/res/drawable/ic_nav_agenda.xml
google/iosched,mobile/src/main/res/drawable/ic_nav_codelabs.xml,XML,Android Views,xmlns:android=,https://github.com/google/iosched/blob/HEAD/mobile/src/main/res/drawable/ic_nav_codelabs.xml
google/iosched,mobile/src/main/res/drawable/ic_nav_home.xml,XML,Android Views,xmlns:android=,https://github.com/google/iosched/blob/HEAD/mobile/src/main/res/drawable/ic_nav_home.xml
google/iosched,mobile/src/main/res/drawable/ic_nav_info.xml,XML,Android Views,xmlns:android=,https://github.com/google/iosched/blob/HEAD/mobile/src/main/res/drawable/ic_nav_info.xml
google/iosched,mobile/src/main/res/drawable/ic_nav_map.xml,XML,Android Views,xmlns:android=,https://github.com/google/iosched/blob/HEAD/mobile/src/main/res/drawable/ic_nav_map.xml
google/iosched,mobile/src/main/res/drawable/ic_nav_schedule.xml,XML,Android Views,xmlns:android=,https://github.com/google/iosched/blob/HEAD/mobile/src/main/res/drawable/ic_nav_schedule.xml
google/iosched,mobile/src/main/res/drawable/ic_nav_settings.xml,XML,Android Views,xmlns:android=,https://github.com/google/iosched/blob/HEAD/mobile/src/main/res/drawable/ic_nav_settings.xml
google/iosched,mobile/src/main/res/drawable/ic_nav_signpost.xml,XML,Android Views,xmlns:android=,https://github.com/google/iosched/blob/HEAD/mobile/src/main/res/drawable/ic_nav_signpost.xml
google/iosched,mobile/src/main/res/drawable/ic_play.xml,XML,Android Views,xmlns:android=,https://github.com/google/iosched/blob/HEAD/mobile/src/main/res/drawable/ic_play.xml
google/iosched,mobile/src/main/res/drawable/ic_play_circle_outline.xml,XML,Android Views,xmlns:android=,https://github.com/google/iosched/blob/HEAD/mobile/src/main/res/drawable/ic_play_circle_outline.xml
google/iosched,mobile/src/main/res/drawable/ic_question_answer.xml,XML,Android Views,xmlns:android=,https://github.com/google/iosched/blob/HEAD/mobile/src/main/res/drawable/ic_question_answer.xml
google/iosched,mobile/src/main/res/drawable/ic_reservable.xml,XML,Android Views,xmlns:android=,https://github.com/google/iosched/blob/HEAD/mobile/src/main/res/drawable/ic_reservable.xml
google/iosched,mobile/src/main/res/drawable/ic_reservation.xml,XML,Android Views,xmlns:android=,https://github.com/google/iosched/blob/HEAD/mobile/src/main/res/drawable/ic_reservation.xml
google/iosched,mobile/src/main/res/drawable/ic_reservation_disabled.xml,XML,Android Views,xmlns:android=,https://github.com/google/iosched/blob/HEAD/mobile/src/main/res/drawable/ic_reservation_disabled.xml
google/iosched,mobile/src/main/res/drawable/ic_reservation_pending.xml,XML,Android Views,xmlns:android=,https://github.com/google/iosched/blob/HEAD/mobile/src/main/res/drawable/ic_reservation_pending.xml
google/iosched,mobile/src/main/res/drawable/ic_reserved.xml,XML,Android Views,xmlns:android=,https://github.com/google/iosched/blob/HEAD/mobile/src/main/res/drawable/ic_reserved.xml
google/iosched,mobile/src/main/res/drawable/ic_search.xml,XML,Android Views,xmlns:android=,https://github.com/google/iosched/blob/HEAD/mobile/src/main/res/drawable/ic_search.xml
google/iosched,mobile/src/main/res/drawable/ic_share.xml,XML,Android Views,xmlns:android=,https://github.com/google/iosched/blob/HEAD/mobile/src/main/res/drawable/ic_share.xml
google/iosched,mobile/src/main/res/drawable/ic_sustainability_art.xml,XML,Android Views,xmlns:android=,https://github.com/google/iosched/blob/HEAD/mobile/src/main/res/drawable/ic_sustainability_art.xml
google/iosched,mobile/src/main/res/drawable/ic_tune.xml,XML,Android Views,xmlns:android=,https://github.com/google/iosched/blob/HEAD/mobile/src/main/res/drawable/ic_tune.xml
google/iosched,mobile/src/main/res/drawable/ic_waitlist_available.xml,XML,Android Views,xmlns:android=,https://github.com/google/iosched/blob/HEAD/mobile/src/main/res/drawable/ic_waitlist_available.xml
google/iosched,mobile/src/main/res/drawable/ic_waitlisted.xml,XML,Android Views,xmlns:android=,https://github.com/google/iosched/blob/HEAD/mobile/src/main/res/drawable/ic_waitlisted.xml
google/iosched,mobile/src/main/res/drawable/io_logo_color.xml,XML,Android Views,xmlns:android=,https://github.com/google/iosched/blob/HEAD/mobile/src/main/res/drawable/io_logo_color.xml
google/iosched,mobile/src/main/res/drawable/list_divider.xml,XML,Android Views,xmlns:android=,https://github.com/google/iosched/blob/HEAD/mobile/src/main/res/drawable/list_divider.xml
google/iosched,mobile/src/main/res/drawable/map_marker_1.xml,XML,Android Views,xmlns:android=,https://github.com/google/iosched/blob/HEAD/mobile/src/main/res/drawable/map_marker_1.xml
google/iosched,mobile/src/main/res/drawable/map_marker_2.xml,XML,Android Views,xmlns:android=,https://github.com/google/iosched/blob/HEAD/mobile/src/main/res/drawable/map_marker_2.xml
google/iosched,mobile/src/main/res/drawable/map_marker_3.xml,XML,Android Views,xmlns:android=,https://github.com/google/iosched/blob/HEAD/mobile/src/main/res/drawable/map_marker_3.xml
google/iosched,mobile/src/main/res/drawable/map_marker_4.xml,XML,Android Views,xmlns:android=,https://github.com/google/iosched/blob/HEAD/mobile/src/main/res/drawable/map_marker_4.xml
google/iosched,mobile/src/main/res/drawable/map_marker_5.xml,XML,Android Views,xmlns:android=,https://github.com/google/iosched/blob/HEAD/mobile/src/main/res/drawable/map_marker_5.xml
google/iosched,mobile/src/main/res/drawable/map_marker_6.xml,XML,Android Views,xmlns:android=,https://github.com/google/iosched/blob/HEAD/mobile/src/main/res/drawable/map_marker_6.xml
google/iosched,mobile/src/main/res/drawable/map_marker_7.xml,XML,Android Views,xmlns:android=,https://github.com/google/iosched/blob/HEAD/mobile/src/main/res/drawable/map_marker_7.xml
google/iosched,mobile/src/main/res/drawable/map_marker_8.xml,XML,Android Views,xmlns:android=,https://github.com/google/iosched/blob/HEAD/mobile/src/main/res/drawable/map_marker_8.xml
google/iosched,mobile/src/main/res/drawable/map_marker_a.xml,XML,Android Views,xmlns:android=,https://github.com/google/iosched/blob/HEAD/mobile/src/main/res/drawable/map_marker_a.xml
google/iosched,mobile/src/main/res/drawable/map_marker_b.xml,XML,Android Views,xmlns:android=,https://github.com/google/iosched/blob/HEAD/mobile/src/main/res/drawable/map_marker_b.xml
google/iosched,mobile/src/main/res/drawable/map_marker_bike.xml,XML,Android Views,xmlns:android=,https://github.com/google/iosched/blob/HEAD/mobile/src/main/res/drawable/map_marker_bike.xml
google/iosched,mobile/src/main/res/drawable/map_marker_c.xml,XML,Android Views,xmlns:android=,https://github.com/google/iosched/blob/HEAD/mobile/src/main/res/drawable/map_marker_c.xml
google/iosched,mobile/src/main/res/drawable/map_marker_charging.xml,XML,Android Views,xmlns:android=,https://github.com/google/iosched/blob/HEAD/mobile/src/main/res/drawable/map_marker_charging.xml
google/iosched,mobile/src/main/res/drawable/map_marker_d.xml,XML,Android Views,xmlns:android=,https://github.com/google/iosched/blob/HEAD/mobile/src/main/res/drawable/map_marker_d.xml
google/iosched,mobile/src/main/res/drawable/map_marker_drink.xml,XML,Android Views,xmlns:android=,https://github.com/google/iosched/blob/HEAD/mobile/src/main/res/drawable/map_marker_drink.xml
google/iosched,mobile/src/main/res/drawable/map_marker_e.xml,XML,Android Views,xmlns:android=,https://github.com/google/iosched/blob/HEAD/mobile/src/main/res/drawable/map_marker_e.xml
google/iosched,mobile/src/main/res/drawable/map_marker_f.xml,XML,Android Views,xmlns:android=,https://github.com/google/iosched/blob/HEAD/mobile/src/main/res/drawable/map_marker_f.xml
google/iosched,mobile/src/main/res/drawable/map_marker_food.xml,XML,Android Views,xmlns:android=,https://github.com/google/iosched/blob/HEAD/mobile/src/main/res/drawable/map_marker_food.xml
google/iosched,mobile/src/main/res/drawable/map_marker_g.xml,XML,Android Views,xmlns:android=,https://github.com/google/iosched/blob/HEAD/mobile/src/main/res/drawable/map_marker_g.xml
google/iosched,mobile/src/main/res/drawable/map_marker_h.xml,XML,Android Views,xmlns:android=,https://github.com/google/iosched/blob/HEAD/mobile/src/main/res/drawable/map_marker_h.xml
google/iosched,mobile/src/main/res/drawable/map_marker_handicap.xml,XML,Android Views,xmlns:android=,https://github.com/google/iosched/blob/HEAD/mobile/src/main/res/drawable/map_marker_handicap.xml
google/iosched,mobile/src/main/res/drawable/map_marker_i.xml,XML,Android Views,xmlns:android=,https://github.com/google/iosched/blob/HEAD/mobile/src/main/res/drawable/map_marker_i.xml
google/iosched,mobile/src/main/res/drawable/map_marker_info.xml,XML,Android Views,xmlns:android=,https://github.com/google/iosched/blob/HEAD/mobile/src/main/res/drawable/map_marker_info.xml
google/iosched,mobile/src/main/res/drawable/map_marker_label_background.xml,XML,Android Views,xmlns:android=,https://github.com/google/iosched/blob/HEAD/mobile/src/main/res/drawable/map_marker_label_background.xml
google/iosched,mobile/src/main/res/drawable/map_marker_lounge.xml,XML,Android Views,xmlns:android=,https://github.com/google/iosched/blob/HEAD/mobile/src/main/res/drawable/map_marker_lounge.xml
google/iosched,mobile/src/main/res/drawable/map_marker_medical.xml,XML,Android Views,xmlns:android=,https://github.com/google/iosched/blob/HEAD/mobile/src/main/res/drawable/map_marker_medical.xml
google/iosched,mobile/src/main/res/drawable/map_marker_mothers_room.xml,XML,Android Views,xmlns:android=,https://github.com/google/iosched/blob/HEAD/mobile/src/main/res/drawable/map_marker_mothers_room.xml
google/iosched,mobile/src/main/res/drawable/map_marker_parking.xml,XML,Android Views,xmlns:android=,https://github.com/google/iosched/blob/HEAD/mobile/src/main/res/drawable/map_marker_parking.xml
google/iosched,mobile/src/main/res/drawable/map_marker_restroom.xml,XML,Android Views,xmlns:android=,https://github.com/google/iosched/blob/HEAD/mobile/src/main/res/drawable/map_marker_restroom.xml
google/iosched,mobile/src/main/res/drawable/map_marker_rideshare.xml,XML,Android Views,xmlns:android=,https://github.com/google/iosched/blob/HEAD/mobile/src/main/res/drawable/map_marker_rideshare.xml
google/iosched,mobile/src/main/res/drawable/map_marker_service_dog.xml,XML,Android Views,xmlns:android=,https://github.com/google/iosched/blob/HEAD/mobile/src/main/res/drawable/map_marker_service_dog.xml
google/iosched,mobile/src/main/res/drawable/map_marker_shuttle.xml,XML,Android Views,xmlns:android=,https://github.com/google/iosched/blob/HEAD/mobile/src/main/res/drawable/map_marker_shuttle.xml
google/iosched,mobile/src/main/res/drawable/map_marker_star.xml,XML,Android Views,xmlns:android=,https://github.com/google/iosched/blob/HEAD/mobile/src/main/res/drawable/map_marker_star.xml
google/iosched,mobile/src/main/res/drawable/map_marker_store.xml,XML,Android Views,xmlns:android=,https://github.com/google/iosched/blob/HEAD/mobile/src/main/res/drawable/map_marker_store.xml
google/iosched,mobile/src/main/res/drawable/map_marker_water.xml,XML,Android Views,xmlns:android=,https://github.com/google/iosched/blob/HEAD/mobile/src/main/res/drawable/map_marker_water.xml
google/iosched,mobile/src/main/res/drawable/navigation_item_background.xml,XML,Android Views,xmlns:android=,https://github.com/google/iosched/blob/HEAD/mobile/src/main/res/drawable/navigation_item_background.xml
google/iosched,mobile/src/main/res/drawable/no_items_found_204.xml,XML,Android Views,xmlns:android=,https://github.com/google/iosched/blob/HEAD/mobile/src/main/res/drawable/no_items_found_204.xml
google/iosched,mobile/src/main/res/drawable/onboarding_io_19.xml,XML,Android Views,xmlns:android=,https://github.com/google/iosched/blob/HEAD/mobile/src/main/res/drawable/onboarding_io_19.xml
google/iosched,mobile/src/main/res/drawable/onboarding_io_date_2019.xml,XML,Android Views,xmlns:android=,https://github.com/google/iosched/blob/HEAD/mobile/src/main/res/drawable/onboarding_io_date_2019.xml
google/iosched,mobile/src/main/res/drawable/onboarding_schedule.xml,XML,Android Views,xmlns:android=,https://github.com/google/iosched/blob/HEAD/mobile/src/main/res/drawable/onboarding_schedule.xml
google/iosched,mobile/src/main/res/drawable/page_margin.xml,XML,Android Views,xmlns:android=,https://github.com/google/iosched/blob/HEAD/mobile/src/main/res/drawable/page_margin.xml
google/iosched,mobile/src/main/res/drawable/preview_window.xml,XML,Android Views,xmlns:android=,https://github.com/google/iosched/blob/HEAD/mobile/src/main/res/drawable/preview_window.xml
google/iosched,mobile/src/main/res/drawable/signal_wifi_off.xml,XML,Android Views,xmlns:android=,https://github.com/google/iosched/blob/HEAD/mobile/src/main/res/drawable/signal_wifi_off.xml
google/iosched,mobile/src/main/res/drawable/tab_indicator.xml,XML,Android Views,xmlns:android=,https://github.com/google/iosched/blob/HEAD/mobile/src/main/res/drawable/tab_indicator.xml
google/iosched,mobile/src/main/res/drawable/unrated_thumb.xml,XML,Android Views,xmlns:android=,https://github.com/google/iosched/blob/HEAD/mobile/src/main/res/drawable/unrated_thumb.xml
google/iosched,mobile/src/main/res/layout-w500dp/event_card_content.xml,XML,Android Views,xmlns:android=; android:layout_width; <TextView; <Button; <ImageView; <merge,https://github.com/google/iosched/blob/HEAD/mobile/src/main/res/layout-w500dp/event_card_content.xml
google/iosched,mobile/src/main/res/layout-w720dp/activity_main.xml,XML,Android Views,xmlns:android=; android:layout_width; <FrameLayout,https://github.com/google/iosched/blob/HEAD/mobile/src/main/res/layout-w720dp/activity_main.xml
google/iosched,mobile/src/main/res/layout-w840dp/item_codelab.xml,XML,Android Views,xmlns:android=; android:layout_width; <TextView; <ImageView,https://github.com/google/iosched/blob/HEAD/mobile/src/main/res/layout-w840dp/item_codelab.xml
google/iosched,mobile/src/main/res/layout/activity_main.xml,XML,Android Views,xmlns:android=; android:layout_width; <FrameLayout,https://github.com/google/iosched/blob/HEAD/mobile/src/main/res/layout/activity_main.xml
google/iosched,mobile/src/main/res/layout/activity_onboarding.xml,XML,Android Views,xmlns:android=; android:layout_width; <FrameLayout,https://github.com/google/iosched/blob/HEAD/mobile/src/main/res/layout/activity_onboarding.xml
google/iosched,mobile/src/main/res/layout/activity_session_detail.xml,XML,Android Views,xmlns:android=; android:layout_width; <FrameLayout,https://github.com/google/iosched/blob/HEAD/mobile/src/main/res/layout/activity_session_detail.xml
google/iosched,mobile/src/main/res/layout/collapsible_card_content.xml,XML,Android Views,xmlns:android=; android:layout_width; <LinearLayout; <TextView; <ImageView; <merge; android.widget,https://github.com/google/iosched/blob/HEAD/mobile/src/main/res/layout/collapsible_card_content.xml
google/iosched,mobile/src/main/res/layout/countdown.xml,XML,Android Views,xmlns:android=; android:layout_width; <TextView; <merge,https://github.com/google/iosched/blob/HEAD/mobile/src/main/res/layout/countdown.xml
google/iosched,mobile/src/main/res/layout/dialog_schedule_hints.xml,XML,Android Views,xmlns:android=; android:layout_width; <LinearLayout; <TextView,https://github.com/google/iosched/blob/HEAD/mobile/src/main/res/layout/dialog_schedule_hints.xml
google/iosched,mobile/src/main/res/layout/dialog_sign_in.xml,XML,Android Views,xmlns:android=; android:layout_width; <TextView; <Button; <ImageView,https://github.com/google/iosched/blob/HEAD/mobile/src/main/res/layout/dialog_sign_in.xml
google/iosched,mobile/src/main/res/layout/dialog_sign_out.xml,XML,Android Views,xmlns:android=; android:layout_width; <LinearLayout; <TextView; <Button; <ImageView,https://github.com/google/iosched/blob/HEAD/mobile/src/main/res/layout/dialog_sign_out.xml
google/iosched,mobile/src/main/res/layout/event_card_content.xml,XML,Android Views,xmlns:android=; android:layout_width; <TextView; <Button; <ImageView; <merge,https://github.com/google/iosched/blob/HEAD/mobile/src/main/res/layout/event_card_content.xml
google/iosched,mobile/src/main/res/layout/fading_snackbar_layout.xml,XML,Android Views,xmlns:android=; android:layout_width; <LinearLayout; <TextView; <Button; <merge,https://github.com/google/iosched/blob/HEAD/mobile/src/main/res/layout/fading_snackbar_layout.xml
google/iosched,mobile/src/main/res/layout/fragment_agenda.xml,XML,Android Views,xmlns:android=; android:layout_width,https://github.com/google/iosched/blob/HEAD/mobile/src/main/res/layout/fragment_agenda.xml
google/iosched,mobile/src/main/res/layout/fragment_announcements.xml,XML,Android Views,xmlns:android=; android:layout_width; <LinearLayout; android.view,https://github.com/google/iosched/blob/HEAD/mobile/src/main/res/layout/fragment_announcements.xml
google/iosched,mobile/src/main/res/layout/fragment_arcore_not_supported.xml,XML,Android Views,xmlns:android=; android:layout_width; <TextView; <ImageView,https://github.com/google/iosched/blob/HEAD/mobile/src/main/res/layout/fragment_arcore_not_supported.xml
google/iosched,mobile/src/main/res/layout/fragment_codelabs.xml,XML,Android Views,xmlns:android=; android:layout_width,https://github.com/google/iosched/blob/HEAD/mobile/src/main/res/layout/fragment_codelabs.xml
google/iosched,mobile/src/main/res/layout/fragment_feed.xml,XML,Android Views,xmlns:android=; android:layout_width; android.view,https://github.com/google/iosched/blob/HEAD/mobile/src/main/res/layout/fragment_feed.xml
google/iosched,mobile/src/main/res/layout/fragment_filters.xml,XML,Android Views,xmlns:android=; android:layout_width; <TextView; <Button,https://github.com/google/iosched/blob/HEAD/mobile/src/main/res/layout/fragment_filters.xml
google/iosched,mobile/src/main/res/layout/fragment_info.xml,XML,Android Views,xmlns:android=; android:layout_width,https://github.com/google/iosched/blob/HEAD/mobile/src/main/res/layout/fragment_info.xml
google/iosched,mobile/src/main/res/layout/fragment_info_event.xml,XML,Android Views,xmlns:android=; android:layout_width; <TextView; <ImageView; <include,https://github.com/google/iosched/blob/HEAD/mobile/src/main/res/layout/fragment_info_event.xml
google/iosched,mobile/src/main/res/layout/fragment_info_faq.xml,XML,Android Views,xmlns:android=; android:layout_width; <LinearLayout,https://github.com/google/iosched/blob/HEAD/mobile/src/main/res/layout/fragment_info_faq.xml
google/iosched,mobile/src/main/res/layout/fragment_info_travel.xml,XML,Android Views,xmlns:android=; android:layout_width; <LinearLayout,https://github.com/google/iosched/blob/HEAD/mobile/src/main/res/layout/fragment_info_travel.xml
google/iosched,mobile/src/main/res/layout/fragment_map.xml,XML,Android Views,xmlns:android=; android:layout_width; <TextView; <ImageView,https://github.com/google/iosched/blob/HEAD/mobile/src/main/res/layout/fragment_map.xml
google/iosched,mobile/src/main/res/layout/fragment_map_variant_select.xml,XML,Android Views,xmlns:android=; android:layout_width,https://github.com/google/iosched/blob/HEAD/mobile/src/main/res/layout/fragment_map_variant_select.xml
google/iosched,mobile/src/main/res/layout/fragment_no_network.xml,XML,Android Views,xmlns:android=; android:layout_width; <TextView; <ImageView,https://github.com/google/iosched/blob/HEAD/mobile/src/main/res/layout/fragment_no_network.xml
google/iosched,mobile/src/main/res/layout/fragment_onboarding.xml,XML,Android Views,xmlns:android=; android:layout_width; <Button,https://github.com/google/iosched/blob/HEAD/mobile/src/main/res/layout/fragment_onboarding.xml
google/iosched,mobile/src/main/res/layout/fragment_onboarding_signin.xml,XML,Android Views,xmlns:android=; android:layout_width; <TextView; <Button; <ImageView,https://github.com/google/iosched/blob/HEAD/mobile/src/main/res/layout/fragment_onboarding_signin.xml
google/iosched,mobile/src/main/res/layout/fragment_onboarding_welcome_during.xml,XML,Android Views,xmlns:android=; android:layout_width; <TextView; <Button; <ImageView,https://github.com/google/iosched/blob/HEAD/mobile/src/main/res/layout/fragment_onboarding_welcome_during.xml
google/iosched,mobile/src/main/res/layout/fragment_onboarding_welcome_post.xml,XML,Android Views,xmlns:android=; android:layout_width; <TextView; <ImageView,https://github.com/google/iosched/blob/HEAD/mobile/src/main/res/layout/fragment_onboarding_welcome_post.xml
google/iosched,mobile/src/main/res/layout/fragment_onboarding_welcome_pre.xml,XML,Android Views,xmlns:android=; android:layout_width; <TextView; <Button; <ImageView,https://github.com/google/iosched/blob/HEAD/mobile/src/main/res/layout/fragment_onboarding_welcome_pre.xml
google/iosched,mobile/src/main/res/layout/fragment_schedule.xml,XML,Android Views,xmlns:android=; android:layout_width; <TextView,https://github.com/google/iosched/blob/HEAD/mobile/src/main/res/layout/fragment_schedule.xml
google/iosched,mobile/src/main/res/layout/fragment_schedule_two_pane.xml,XML,Android Views,xmlns:android=; android:layout_width; <FrameLayout,https://github.com/google/iosched/blob/HEAD/mobile/src/main/res/layout/fragment_schedule_two_pane.xml
google/iosched,mobile/src/main/res/layout/fragment_search.xml,XML,Android Views,xmlns:android=; android:layout_width; <LinearLayout; <TextView,https://github.com/google/iosched/blob/HEAD/mobile/src/main/res/layout/fragment_search.xml
google/iosched,mobile/src/main/res/layout/fragment_session_detail.xml,XML,Android Views,xmlns:android=; android:layout_width; <ImageView,https://github.com/google/iosched/blob/HEAD/mobile/src/main/res/layout/fragment_session_detail.xml
google/iosched,mobile/src/main/res/layout/fragment_session_feedback.xml,XML,Android Views,xmlns:android=; android:layout_width,https://github.com/google/iosched/blob/HEAD/mobile/src/main/res/layout/fragment_session_feedback.xml
google/iosched,mobile/src/main/res/layout/fragment_settings.xml,XML,Android Views,xmlns:android=; android:layout_width; <LinearLayout; <TextView,https://github.com/google/iosched/blob/HEAD/mobile/src/main/res/layout/fragment_settings.xml
google/iosched,mobile/src/main/res/layout/fragment_speaker.xml,XML,Android Views,xmlns:android=; android:layout_width; <ImageView,https://github.com/google/iosched/blob/HEAD/mobile/src/main/res/layout/fragment_speaker.xml
google/iosched,mobile/src/main/res/layout/include_agenda_contents.xml,XML,Android Views,xmlns:android=; android:layout_width; <TextView; <ImageView; <merge,https://github.com/google/iosched/blob/HEAD/mobile/src/main/res/layout/include_agenda_contents.xml
google/iosched,mobile/src/main/res/layout/info_wifi_card.xml,XML,Android Views,xmlns:android=; android:layout_width; <LinearLayout; <TextView; <Button,https://github.com/google/iosched/blob/HEAD/mobile/src/main/res/layout/info_wifi_card.xml
google/iosched,mobile/src/main/res/layout/item_agenda_dark.xml,XML,Android Views,xmlns:android=; android:layout_width; <include,https://github.com/google/iosched/blob/HEAD/mobile/src/main/res/layout/item_agenda_dark.xml
google/iosched,mobile/src/main/res/layout/item_agenda_light.xml,XML,Android Views,xmlns:android=; android:layout_width; <include,https://github.com/google/iosched/blob/HEAD/mobile/src/main/res/layout/item_agenda_light.xml
google/iosched,mobile/src/main/res/layout/item_codelab.xml,XML,Android Views,xmlns:android=; android:layout_width; <TextView; <Button; <ImageView,https://github.com/google/iosched/blob/HEAD/mobile/src/main/res/layout/item_codelab.xml
google/iosched,mobile/src/main/res/layout/item_codelabs_information_card.xml,XML,Android Views,xmlns:android=; android:layout_width; <LinearLayout; <TextView; <Button,https://github.com/google/iosched/blob/HEAD/mobile/src/main/res/layout/item_codelabs_information_card.xml
google/iosched,mobile/src/main/res/layout/item_feed_announcement.xml,XML,Android Views,xmlns:android=; android:layout_width; <TextView; <ImageView,https://github.com/google/iosched/blob/HEAD/mobile/src/main/res/layout/item_feed_announcement.xml
google/iosched,mobile/src/main/res/layout/item_feed_announcements_empty.xml,XML,Android Views,xmlns:android=; android:layout_width; <TextView,https://github.com/google/iosched/blob/HEAD/mobile/src/main/res/layout/item_feed_announcements_empty.xml
google/iosched,mobile/src/main/res/layout/item_feed_announcements_header.xml,XML,Android Views,xmlns:android=; android:layout_width; <TextView; <Button,https://github.com/google/iosched/blob/HEAD/mobile/src/main/res/layout/item_feed_announcements_header.xml
google/iosched,mobile/src/main/res/layout/item_feed_announcements_loading.xml,XML,Android Views,xmlns:android=; android:layout_width,https://github.com/google/iosched/blob/HEAD/mobile/src/main/res/layout/item_feed_announcements_loading.xml
google/iosched,mobile/src/main/res/layout/item_feed_countdown.xml,XML,Android Views,xmlns:android=; android:layout_width,https://github.com/google/iosched/blob/HEAD/mobile/src/main/res/layout/item_feed_countdown.xml
google/iosched,mobile/src/main/res/layout/item_feed_moment.xml,XML,Android Views,xmlns:android=; android:layout_width; <Button; <ImageView,https://github.com/google/iosched/blob/HEAD/mobile/src/main/res/layout/item_feed_moment.xml
google/iosched,mobile/src/main/res/layout/item_feed_session.xml,XML,Android Views,xmlns:android=; android:layout_width; <LinearLayout; <TextView; <Button; <ImageView; android.view,https://github.com/google/iosched/blob/HEAD/mobile/src/main/res/layout/item_feed_session.xml
google/iosched,mobile/src/main/res/layout/item_feed_sessions_container.xml,XML,Android Views,xmlns:android=; android:layout_width; <LinearLayout; <TextView; <Button,https://github.com/google/iosched/blob/HEAD/mobile/src/main/res/layout/item_feed_sessions_container.xml
google/iosched,mobile/src/main/res/layout/item_feed_social_channels.xml,XML,Android Views,xmlns:android=; android:layout_width; <TextView,https://github.com/google/iosched/blob/HEAD/mobile/src/main/res/layout/item_feed_social_channels.xml
google/iosched,mobile/src/main/res/layout/item_feed_sustainability.xml,XML,Android Views,xmlns:android=; android:layout_width; <TextView; <Button,https://github.com/google/iosched/blob/HEAD/mobile/src/main/res/layout/item_feed_sustainability.xml
google/iosched,mobile/src/main/res/layout/item_filter_chip_closeable.xml,XML,Android Views,xmlns:android=; android:layout_width,https://github.com/google/iosched/blob/HEAD/mobile/src/main/res/layout/item_filter_chip_closeable.xml
google/iosched,mobile/src/main/res/layout/item_filter_chip_selectable.xml,XML,Android Views,xmlns:android=; android:layout_width,https://github.com/google/iosched/blob/HEAD/mobile/src/main/res/layout/item_filter_chip_selectable.xml
google/iosched,mobile/src/main/res/layout/item_generic_section_header.xml,XML,Android Views,xmlns:android=; android:layout_width; <TextView,https://github.com/google/iosched/blob/HEAD/mobile/src/main/res/layout/item_generic_section_header.xml
google/iosched,mobile/src/main/res/layout/item_inline_tag.xml,XML,Android Views,xmlns:android=; android:layout_width; <TextView,https://github.com/google/iosched/blob/HEAD/mobile/src/main/res/layout/item_inline_tag.xml
google/iosched,mobile/src/main/res/layout/item_map_variant.xml,XML,Android Views,xmlns:android=; android:layout_width,https://github.com/google/iosched/blob/HEAD/mobile/src/main/res/layout/item_map_variant.xml
google/iosched,mobile/src/main/res/layout/item_question.xml,XML,Android Views,xmlns:android=; android:layout_width; <TextView,https://github.com/google/iosched/blob/HEAD/mobile/src/main/res/layout/item_question.xml
google/iosched,mobile/src/main/res/layout/item_schedule_day_indicator.xml,XML,Android Views,xmlns:android=; android:layout_width,https://github.com/google/iosched/blob/HEAD/mobile/src/main/res/layout/item_schedule_day_indicator.xml
google/iosched,mobile/src/main/res/layout/item_session.xml,XML,Android Views,xmlns:android=; android:layout_width; <TextView; <ImageView,https://github.com/google/iosched/blob/HEAD/mobile/src/main/res/layout/item_session.xml
google/iosched,mobile/src/main/res/layout/item_session_info.xml,XML,Android Views,xmlns:android=; android:layout_width; <TextView; <Button; <ImageView,https://github.com/google/iosched/blob/HEAD/mobile/src/main/res/layout/item_session_info.xml
google/iosched,mobile/src/main/res/layout/item_speaker.xml,XML,Android Views,xmlns:android=; android:layout_width; <TextView; <ImageView,https://github.com/google/iosched/blob/HEAD/mobile/src/main/res/layout/item_speaker.xml
google/iosched,mobile/src/main/res/layout/item_speaker_info.xml,XML,Android Views,xmlns:android=; android:layout_width; <TextView; <Button,https://github.com/google/iosched/blob/HEAD/mobile/src/main/res/layout/item_speaker_info.xml
google/iosched,mobile/src/main/res/layout/navigation_header.xml,XML,Android Views,xmlns:android=; android:layout_width; <LinearLayout; <ImageView,https://github.com/google/iosched/blob/HEAD/mobile/src/main/res/layout/navigation_header.xml
google/iosched,mobile/src/main/res/layout/navigation_rail_header.xml,XML,Android Views,xmlns:android=; android:layout_width; <ImageView,https://github.com/google/iosched/blob/HEAD/mobile/src/main/res/layout/navigation_rail_header.xml
google/iosched,mobile/src/main/res/layout/search_active_filters_narrow.xml,XML,Android Views,xmlns:android=; android:layout_width,https://github.com/google/iosched/blob/HEAD/mobile/src/main/res/layout/search_active_filters_narrow.xml
google/iosched,mobile/src/main/res/layout/search_active_filters_wide.xml,XML,Android Views,xmlns:android=; android:layout_width,https://github.com/google/iosched/blob/HEAD/mobile/src/main/res/layout/search_active_filters_wide.xml
google/iosched,mobile/src/main/res/menu/bar_navigation.xml,XML,Android Views,xmlns:android=,https://github.com/google/iosched/blob/HEAD/mobile/src/main/res/menu/bar_navigation.xml
google/iosched,mobile/src/main/res/menu/codelabs_menu.xml,XML,Android Views,xmlns:android=,https://github.com/google/iosched/blob/HEAD/mobile/src/main/res/menu/codelabs_menu.xml
google/iosched,mobile/src/main/res/menu/drawer_navigation.xml,XML,Android Views,xmlns:android=,https://github.com/google/iosched/blob/HEAD/mobile/src/main/res/menu/drawer_navigation.xml
google/iosched,mobile/src/main/res/menu/map_menu.xml,XML,Android Views,xmlns:android=,https://github.com/google/iosched/blob/HEAD/mobile/src/main/res/menu/map_menu.xml
google/iosched,mobile/src/main/res/menu/profile.xml,XML,Android Views,xmlns:android=,https://github.com/google/iosched/blob/HEAD/mobile/src/main/res/menu/profile.xml
google/iosched,mobile/src/main/res/menu/schedule_menu.xml,XML,Android Views,xmlns:android=,https://github.com/google/iosched/blob/HEAD/mobile/src/main/res/menu/schedule_menu.xml
google/iosched,mobile/src/main/res/menu/search_menu.xml,XML,Android Views,xmlns:android=,https://github.com/google/iosched/blob/HEAD/mobile/src/main/res/menu/search_menu.xml
google/iosched,mobile/src/main/res/menu/session_detail_menu.xml,XML,Android Views,xmlns:android=,https://github.com/google/iosched/blob/HEAD/mobile/src/main/res/menu/session_detail_menu.xml
google/iosched,mobile/src/main/res/navigation/nav_graph.xml,XML,Android Views,xmlns:android=,https://github.com/google/iosched/blob/HEAD/mobile/src/main/res/navigation/nav_graph.xml
google/iosched,mobile/src/main/res/navigation/schedule_detail.xml,XML,Android Views,xmlns:android=,https://github.com/google/iosched/blob/HEAD/mobile/src/main/res/navigation/schedule_detail.xml
google/iosched,mobile/src/main/res/navigation/schedule_list.xml,XML,Android Views,xmlns:android=,https://github.com/google/iosched/blob/HEAD/mobile/src/main/res/navigation/schedule_list.xml
google/iosched,mobile/src/main/res/transition/codelab_toggle.xml,XML,Android Views,xmlns:android=,https://github.com/google/iosched/blob/HEAD/mobile/src/main/res/transition/codelab_toggle.xml
google/iosched,mobile/src/main/res/transition/info_card_toggle.xml,XML,Android Views,xmlns:android=,https://github.com/google/iosched/blob/HEAD/mobile/src/main/res/transition/info_card_toggle.xml
google/iosched,mobile/src/main/res/transition/speaker_shared_enter.xml,XML,Android Views,xmlns:android=,https://github.com/google/iosched/blob/HEAD/mobile/src/main/res/transition/speaker_shared_enter.xml
skydoves/pokedex,app/src/main/kotlin/com/skydoves/pokedex/binding/RecyclerViewBinding.kt,Kotlin,Android Views,RecyclerView.Adapter; ViewBinding; databinding,https://github.com/skydoves/pokedex/blob/HEAD/app/src/main/kotlin/com/skydoves/pokedex/binding/RecyclerViewBinding.kt
skydoves/pokedex,app/src/main/kotlin/com/skydoves/pokedex/binding/ViewBinding.kt,Kotlin,Android Views,android.view.View; setOnClickListener; ViewBinding; databinding,https://github.com/skydoves/pokedex/blob/HEAD/app/src/main/kotlin/com/skydoves/pokedex/binding/ViewBinding.kt
skydoves/pokedex,app/src/main/kotlin/com/skydoves/pokedex/ui/details/DetailActivity.kt,Kotlin,Android Views,databinding,https://github.com/skydoves/pokedex/blob/HEAD/app/src/main/kotlin/com/skydoves/pokedex/ui/details/DetailActivity.kt
skydoves/pokedex,app/src/main/kotlin/com/skydoves/pokedex/ui/details/DetailViewModel.kt,Kotlin,Android Views,databinding,https://github.com/skydoves/pokedex/blob/HEAD/app/src/main/kotlin/com/skydoves/pokedex/ui/details/DetailViewModel.kt
skydoves/pokedex,app/src/main/kotlin/com/skydoves/pokedex/ui/main/MainActivity.kt,Kotlin,Android Views,databinding; ActivityMainBinding,https://github.com/skydoves/pokedex/blob/HEAD/app/src/main/kotlin/com/skydoves/pokedex/ui/main/MainActivity.kt
skydoves/pokedex,app/src/main/kotlin/com/skydoves/pokedex/ui/main/MainViewModel.kt,Kotlin,Android Views,databinding,https://github.com/skydoves/pokedex/blob/HEAD/app/src/main/kotlin/com/skydoves/pokedex/ui/main/MainViewModel.kt
skydoves/pokedex,app/src/main/kotlin/com/skydoves/pokedex/ui/main/PokemonAdapter.kt,Kotlin,Android Views,RecyclerView.ViewHolder; android.view.View; android.view.ViewGroup; setOnClickListener; databinding,https://github.com/skydoves/pokedex/blob/HEAD/app/src/main/kotlin/com/skydoves/pokedex/ui/main/PokemonAdapter.kt
skydoves/pokedex,app/src/main/kotlin/com/skydoves/pokedex/utils/SpacesItemDecoration.kt,Kotlin,Android Views,android.view.View,https://github.com/skydoves/pokedex/blob/HEAD/app/src/main/kotlin/com/skydoves/pokedex/utils/SpacesItemDecoration.kt
skydoves/pokedex,app/src/main/res/layout/activity_detail.xml,XML,Android Views,xmlns:android=; android:layout_width; <TextView,https://github.com/skydoves/pokedex/blob/HEAD/app/src/main/res/layout/activity_detail.xml
skydoves/pokedex,app/src/main/res/layout/activity_main.xml,XML,Android Views,xmlns:android=; android:layout_width; <include,https://github.com/skydoves/pokedex/blob/HEAD/app/src/main/res/layout/activity_main.xml
skydoves/pokedex,app/src/main/res/layout/item_pokemon.xml,XML,Android Views,xmlns:android=; android:layout_width,https://github.com/skydoves/pokedex/blob/HEAD/app/src/main/res/layout/item_pokemon.xml
skydoves/pokedex,app/src/main/res/layout/toolbar_home.xml,XML,Android Views,xmlns:android=; android:layout_width; <TextView,https://github.com/skydoves/pokedex/blob/HEAD/app/src/main/res/layout/toolbar_home.xml
skydoves/pokedex-compose,app/build.gradle.kts,Kotlin,Jetpack Compose,androidx.compose; androidx.activity.compose,https://github.com/skydoves/pokedex-compose/blob/HEAD/app/build.gradle.kts
skydoves/pokedex-compose,app/src/main/kotlin/com/skydoves/pokedex/compose/MainActivity.kt,Kotlin,Jetpack Compose,androidx.compose; setContent {; androidx.activity.compose,https://github.com/skydoves/pokedex-compose/blob/HEAD/app/src/main/kotlin/com/skydoves/pokedex/compose/MainActivity.kt
skydoves/pokedex-compose,app/src/main/kotlin/com/skydoves/pokedex/compose/navigation/PokedexNavHost.kt,Kotlin,Jetpack Compose,androidx.compose; @Composable; remember {,https://github.com/skydoves/pokedex-compose/blob/HEAD/app/src/main/kotlin/com/skydoves/pokedex/compose/navigation/PokedexNavHost.kt
skydoves/pokedex-compose,app/src/main/kotlin/com/skydoves/pokedex/compose/ui/PokedexMain.kt,Kotlin,Jetpack Compose,androidx.compose; @Composable,https://github.com/skydoves/pokedex-compose/blob/HEAD/app/src/main/kotlin/com/skydoves/pokedex/compose/ui/PokedexMain.kt
skydoves/pokedex-compose,build-logic/convention/src/main/kotlin/com/skydoves/pokedex/compose/KotlinAndroid.kt,Kotlin,Jetpack Compose,androidx.compose,https://github.com/skydoves/pokedex-compose/blob/HEAD/build-logic/convention/src/main/kotlin/com/skydoves/pokedex/compose/KotlinAndroid.kt
skydoves/pokedex-compose,core/designsystem/build.gradle.kts,Kotlin,Jetpack Compose,androidx.compose,https://github.com/skydoves/pokedex-compose/blob/HEAD/core/designsystem/build.gradle.kts
skydoves/pokedex-compose,core/designsystem/src/main/kotlin/com/skydoves/pokedex/compose/core/designsystem/component/PokedexAppBar.kt,Kotlin,Jetpack Compose,androidx.compose; @Composable,https://github.com/skydoves/pokedex-compose/blob/HEAD/core/designsystem/src/main/kotlin/com/skydoves/pokedex/compose/core/designsystem/component/PokedexAppBar.kt
skydoves/pokedex-compose,core/designsystem/src/main/kotlin/com/skydoves/pokedex/compose/core/designsystem/component/PokedexCircularProgress.kt,Kotlin,Jetpack Compose,androidx.compose; @Composable; Box(; Modifier.,https://github.com/skydoves/pokedex-compose/blob/HEAD/core/designsystem/src/main/kotlin/com/skydoves/pokedex/compose/core/designsystem/component/PokedexCircularProgress.kt
skydoves/pokedex-compose,core/designsystem/src/main/kotlin/com/skydoves/pokedex/compose/core/designsystem/component/PokedexProgressBar.kt,Kotlin,Jetpack Compose,androidx.compose; @Composable; remember {; Box(; Modifier.,https://github.com/skydoves/pokedex-compose/blob/HEAD/core/designsystem/src/main/kotlin/com/skydoves/pokedex/compose/core/designsystem/component/PokedexProgressBar.kt
skydoves/pokedex-compose,core/designsystem/src/main/kotlin/com/skydoves/pokedex/compose/core/designsystem/component/PokedexText.kt,Kotlin,Jetpack Compose,androidx.compose; @Composable,https://github.com/skydoves/pokedex-compose/blob/HEAD/core/designsystem/src/main/kotlin/com/skydoves/pokedex/compose/core/designsystem/component/PokedexText.kt
skydoves/pokedex-compose,core/designsystem/src/main/kotlin/com/skydoves/pokedex/compose/core/designsystem/theme/PokedexBackground.kt,Kotlin,Jetpack Compose,androidx.compose; @Composable,https://github.com/skydoves/pokedex-compose/blob/HEAD/core/designsystem/src/main/kotlin/com/skydoves/pokedex/compose/core/designsystem/theme/PokedexBackground.kt
skydoves/pokedex-compose,core/designsystem/src/main/kotlin/com/skydoves/pokedex/compose/core/designsystem/theme/PokedexColors.kt,Kotlin,Jetpack Compose,androidx.compose; @Composable,https://github.com/skydoves/pokedex-compose/blob/HEAD/core/designsystem/src/main/kotlin/com/skydoves/pokedex/compose/core/designsystem/theme/PokedexColors.kt
skydoves/pokedex-compose,core/designsystem/src/main/kotlin/com/skydoves/pokedex/compose/core/designsystem/theme/PokedexTheme.kt,Kotlin,Jetpack Compose,androidx.compose; @Composable; Box(,https://github.com/skydoves/pokedex-compose/blob/HEAD/core/designsystem/src/main/kotlin/com/skydoves/pokedex/compose/core/designsystem/theme/PokedexTheme.kt
skydoves/pokedex-compose,core/designsystem/src/main/kotlin/com/skydoves/pokedex/compose/core/designsystem/utils/PokemonTypeColors.kt,Kotlin,Jetpack Compose,androidx.compose; @Composable,https://github.com/skydoves/pokedex-compose/blob/HEAD/core/designsystem/src/main/kotlin/com/skydoves/pokedex/compose/core/designsystem/utils/PokemonTypeColors.kt
skydoves/pokedex-compose,core/designsystem/src/main/kotlin/com/skydoves/pokedex/compose/core/designsystem/utils/SizeUtils.kt,Kotlin,Jetpack Compose,androidx.compose; @Composable,https://github.com/skydoves/pokedex-compose/blob/HEAD/core/designsystem/src/main/kotlin/com/skydoves/pokedex/compose/core/designsystem/utils/SizeUtils.kt
skydoves/pokedex-compose,core/model/src/main/kotlin/com/skydoves/pokedex/compose/core/model/Pokemon.kt,Kotlin,Jetpack Compose,androidx.compose,https://github.com/skydoves/pokedex-compose/blob/HEAD/core/model/src/main/kotlin/com/skydoves/pokedex/compose/core/model/Pokemon.kt
skydoves/pokedex-compose,core/model/src/main/kotlin/com/skydoves/pokedex/compose/core/model/PokemonInfo.kt,Kotlin,Jetpack Compose,androidx.compose,https://github.com/skydoves/pokedex-compose/blob/HEAD/core/model/src/main/kotlin/com/skydoves/pokedex/compose/core/model/PokemonInfo.kt
skydoves/pokedex-compose,core/navigation/src/main/kotlin/com/skydoves/pokedex/compose/core/navigation/LocalComposeNavigator.kt,Kotlin,Jetpack Compose,androidx.compose; @Composable,https://github.com/skydoves/pokedex-compose/blob/HEAD/core/navigation/src/main/kotlin/com/skydoves/pokedex/compose/core/navigation/LocalComposeNavigator.kt
skydoves/pokedex-compose,core/preview/src/main/kotlin/com/skydoves/pokedex/compose/core/preview/PokedexPreviewTheme.kt,Kotlin,Jetpack Compose,androidx.compose; @Composable,https://github.com/skydoves/pokedex-compose/blob/HEAD/core/preview/src/main/kotlin/com/skydoves/pokedex/compose/core/preview/PokedexPreviewTheme.kt
skydoves/pokedex-compose,feature/details/src/main/kotlin/com/skydoves/pokedex/compose/feature/details/DetailsBackground.kt,Kotlin,Jetpack Compose,androidx.compose; @Composable,https://github.com/skydoves/pokedex-compose/blob/HEAD/feature/details/src/main/kotlin/com/skydoves/pokedex/compose/feature/details/DetailsBackground.kt
skydoves/pokedex-compose,feature/details/src/main/kotlin/com/skydoves/pokedex/compose/feature/details/DetailsViewModel.kt,Kotlin,Jetpack Compose,androidx.compose,https://github.com/skydoves/pokedex-compose/blob/HEAD/feature/details/src/main/kotlin/com/skydoves/pokedex/compose/feature/details/DetailsViewModel.kt
skydoves/pokedex-compose,feature/details/src/main/kotlin/com/skydoves/pokedex/compose/feature/details/PokedexDetails.kt,Kotlin,Jetpack Compose,androidx.compose; @Composable; Column(; Row(; Box(; Modifier.,https://github.com/skydoves/pokedex-compose/blob/HEAD/feature/details/src/main/kotlin/com/skydoves/pokedex/compose/feature/details/PokedexDetails.kt
skydoves/pokedex-compose,feature/details/src/main/kotlin/com/skydoves/pokedex/compose/feature/details/PokedexStatus.kt,Kotlin,Jetpack Compose,androidx.compose; @Composable,https://github.com/skydoves/pokedex-compose/blob/HEAD/feature/details/src/main/kotlin/com/skydoves/pokedex/compose/feature/details/PokedexStatus.kt
skydoves/pokedex-compose,feature/details/src/main/kotlin/com/skydoves/pokedex/compose/feature/details/PokemonInfoItem.kt,Kotlin,Jetpack Compose,androidx.compose; @Composable; Column(; Modifier.,https://github.com/skydoves/pokedex-compose/blob/HEAD/feature/details/src/main/kotlin/com/skydoves/pokedex/compose/feature/details/PokemonInfoItem.kt
skydoves/pokedex-compose,feature/details/src/main/kotlin/com/skydoves/pokedex/compose/feature/details/PokemonStatusItem.kt,Kotlin,Jetpack Compose,androidx.compose; @Composable; Row(,https://github.com/skydoves/pokedex-compose/blob/HEAD/feature/details/src/main/kotlin/com/skydoves/pokedex/compose/feature/details/PokemonStatusItem.kt
skydoves/pokedex-compose,feature/home/src/main/kotlin/com/skydoves/pokedex/compose/feature/home/HomeBackground.kt,Kotlin,Jetpack Compose,androidx.compose; @Composable,https://github.com/skydoves/pokedex-compose/blob/HEAD/feature/home/src/main/kotlin/com/skydoves/pokedex/compose/feature/home/HomeBackground.kt
skydoves/pokedex-compose,feature/home/src/main/kotlin/com/skydoves/pokedex/compose/feature/home/HomeViewModel.kt,Kotlin,Jetpack Compose,androidx.compose,https://github.com/skydoves/pokedex-compose/blob/HEAD/feature/home/src/main/kotlin/com/skydoves/pokedex/compose/feature/home/HomeViewModel.kt
skydoves/pokedex-compose,feature/home/src/main/kotlin/com/skydoves/pokedex/compose/feature/home/PokedexHome.kt,Kotlin,Jetpack Compose,androidx.compose; @Composable; Column(; Box(; Modifier.,https://github.com/skydoves/pokedex-compose/blob/HEAD/feature/home/src/main/kotlin/com/skydoves/pokedex/compose/feature/home/PokedexHome.kt
skydoves/pokedex-compose,feature/settings/src/main/kotlin/com/skydoves/pokedex/compose/feature/settings/PokedexSettings.kt,Kotlin,Jetpack Compose,androidx.compose; @Composable; Column(; Row(; Box(; Modifier.,https://github.com/skydoves/pokedex-compose/blob/HEAD/feature/settings/src/main/kotlin/com/skydoves/pokedex/compose/feature/settings/PokedexSettings.kt
skydoves/pokedex-compose,feature/settings/src/main/kotlin/com/skydoves/pokedex/compose/feature/settings/SettingsViewModel.kt,Kotlin,Jetpack Compose,androidx.compose,https://github.com/skydoves/pokedex-compose/blob/HEAD/feature/settings/src/main/kotlin/com/skydoves/pokedex/compose/feature/settings/SettingsViewModel.kt
